business	domain	trade	role	location	posting_url	first_seen	last_seen	categories	salary
Binsky Home Service	binskyhome.com	HVAC / plumbing	Retail HVAC Lead Generator	Somerset, New Jersey, United States, Northern America, Americas	https://binskyhomeservice.bamboohr.com/careers/59	2026-09-22	2026-10-04	sales	22 - 25 USD per hour
Binsky Home Service	binskyhome.com	HVAC / plumbing	Residential Sewer & Underground Pipe Technician/Equipment Operator	Somerset, New Jersey, United States, Northern America, Americas	https://binskyhomeservice.bamboohr.com/careers/39	2026-09-08	2026-10-02	manual_work,engineering	
Binsky Home Service	binskyhome.com	HVAC / plumbing	Plumber Apprentice	Somerset, New Jersey, United States, Northern America, Americas	https://binskyhomeservice.bamboohr.com/careers/38	2026-09-01	2026-09-09	manual_work	
Binsky Home Service	binskyhome.com	HVAC / plumbing	Residential Plumber	Somerset, New Jersey, United States, Northern America, Americas	https://binskyhomeservice.bamboohr.com/careers/28	2026-08-18	2026-09-23	manual_work	20 - 35 USD per hour
Binsky Home Service	binskyhome.com	HVAC / plumbing	Residential HVAC Technician (Oil Certified)	Somerset, New Jersey, United States, Northern America, Americas	https://binskyhomeservice.bamboohr.com/careers/50	2026-04-14	2026-10-03	manual_work	
Binsky Home Service	binskyhome.com	HVAC / plumbing	Sewer Team Operator / Pipe Installer	Somerset, New Jersey, United States, Northern America, Americas	https://binskyhomeservice.bamboohr.com/careers/39	2025-12-15	2026-09-02	manual_work	
Binsky Home Service	binskyhome.com	HVAC / plumbing	Residential Installer Lead - SIGNING BONUS AVAILABLE	Somerset, New Jersey, United States, Northern America, Americas	https://binskyhomeservice.bamboohr.com/careers/34	2025-11-24	2026-10-03	manual_work	
Binsky Home Service	binskyhome.com	HVAC / plumbing	Drain/Sewer Technician	Somerset, New Jersey, United States, Northern America, Americas	https://binskyhomeservice.bamboohr.com/careers/33	2025-11-17	2026-10-02	manual_work	
Binsky Home Service	binskyhome.com	HVAC / plumbing	Plumbing Service Manager - UP TO A $5K SIGNING BONUS	Somerset, New Jersey, United States, Northern America, Americas	https://binskyhomeservice.bamboohr.com/careers/37	2025-11-17	2026-10-04	management,operations	
Delaware Valley Paving	delawarevalleypaving.com	Paving	Sales Director : DFW Market	McKinney, TX	https://www.linkedin.com/jobs/view/4470614656/	2026-10-02	2026-10-04	management,marketing,sales	
Delaware Valley Paving	delawarevalleypaving.com	Paving	Paving Operator	Phoenixville, PA	https://www.linkedin.com/jobs/view/4470620289/	2026-10-02	2026-10-04	manual_work	
Delaware Valley Paving	delawarevalleypaving.com	Paving	Account Manager: DFW Market	McKinney, TX	https://www.linkedin.com/jobs/view/4470663951/	2026-10-01	2026-10-02	finance,marketing,sales	
Delaware Valley Paving	delawarevalleypaving.com	Paving	Concrete Finisher	Jersey City, NJ	https://www.linkedin.com/jobs/view/4409497414/	2026-09-14	2026-10-03	manual_work	
Delaware Valley Paving	delawarevalleypaving.com	Paving	Business Development Representative	McKinney, TX	https://www.linkedin.com/jobs/view/4455947671/	2026-09-14	2026-10-03	marketing,sales	
Delaware Valley Paving	delawarevalleypaving.com	Paving	Dozer Operator	Phoenixville, PA	https://www.linkedin.com/jobs/view/4378078028/	2026-09-14	2026-10-03	manual_work	
Delaware Valley Paving	delawarevalleypaving.com	Paving	Concrete Finisher	Tampa, FL	https://www.linkedin.com/jobs/view/4457009066/	2026-09-14	2026-10-03	manual_work	
Delaware Valley Paving	delawarevalleypaving.com	Paving	Concrete Superintendent	Dallas, TX	https://www.linkedin.com/jobs/view/4462056391/	2026-09-05	2026-10-03	management,operations	
Delaware Valley Paving	delawarevalleypaving.com	Paving	Mill Operator	Tampa, FL	https://www.linkedin.com/jobs/view/4459392060/	2026-09-02	2026-10-03	operations,manual_work	
Delaware Valley Paving	delawarevalleypaving.com	Paving	Estimator-Dallas Texas Market	Dallas, TX	https://www.linkedin.com/jobs/view/4459387123/	2026-08-31	2026-10-03	finance,sales	
Delaware Valley Paving	delawarevalleypaving.com	Paving	Excavation Laborer & Operators	Phoenixville, PA	https://www.linkedin.com/jobs/view/4446846962/	2026-08-03	2026-10-03	manual_work	
Delaware Valley Paving	delawarevalleypaving.com	Paving	Project Manager / Estimator	Tampa, FL	https://www.linkedin.com/jobs/view/4431125977/	2026-07-11	2026-10-03	management,operations	$90,000.00/yr - $130,000.00/yr
Delaware Valley Paving	delawarevalleypaving.com	Paving	CDL Driver	Phoenixville, PA	https://www.linkedin.com/jobs/view/4432595448/	2026-07-05	2026-10-03	manual_work	
Delaware Valley Paving	delawarevalleypaving.com	Paving	Estimator-Austin Texas Market	Austin, Texas, United States, Northern America, Americas	https://www.linkedin.com/jobs/view/4407584444/	2026-05-09	2026-09-02	finance,operations,sales	
Delaware Valley Paving	delawarevalleypaving.com	Paving	Construction Laborer	Tampa, Florida, United States, Northern America, Americas	https://www.linkedin.com/jobs/view/4384889791/	2026-03-16	2026-10-03	manual_work	$20.00/hr - $24.00/hr
Delaware Valley Paving	delawarevalleypaving.com	Paving	Laborer / Operator	Phoenixville, Pennsylvania, United States, Northern America, Americas	https://www.linkedin.com/jobs/view/4295946437/	2026-02-23	2026-10-03	manual_work	
Delaware Valley Paving	delawarevalleypaving.com	Paving	Excavator Operator	Phoenixville, Pennsylvania, United States, Northern America, Americas	https://www.linkedin.com/jobs/view/4328464834/	2025-12-22	2026-09-13	operations,manual_work	
Grand View Roofing & Exteriors	gvexteriors.com	Roofing	Customer Service Representative		https://www.gvexteriors.com/careers	2026-04-10	2026-09-26	sales,support	
Grand View Roofing & Exteriors	gvexteriors.com	Roofing	Sales Representative		https://www.gvexteriors.com/careers	2026-04-10	2026-09-26	sales	
Gerber Collision & Glass	gerbercollision.com	Collision	Customer Service Representative	Birmingham, Alabama, United States, Northern America, Americas	https://careers.boydgroup.com/search/jobdetails/customer-service-representative/2a74eb44-6f3e-4cdc-a50a-4db526351f01?ejd=Default	2026-10-04	2026-10-04	sales,support	$15 - $22 / Hour
Gerber Collision & Glass	gerbercollision.com	Collision	Refinish Technician	Chicago, Illinois, United States, Northern America, Americas	https://careers.boydgroup.com/search/jobdetails/refinish-technician/17956cc3-8856-485f-a017-610221645a71?ejd=Default	2026-10-04	2026-10-04	healthcare_services,manual_work	$60,000 - $180,000 a year
Gerber Collision & Glass	gerbercollision.com	Collision	Auto Body Technician	Las Vegas, Nevada, United States, Northern America, Americas	https://careers.boydgroup.com/search/jobdetails/auto-body-technician/0b176159-0cb9-4ad0-a7a9-4a6e9b715290?ejd=Default	2026-10-04	2026-10-04	healthcare_services,manual_work	$23 - $32 / Hour Flat Rate
Gerber Collision & Glass	gerbercollision.com	Collision	Refinish Technician (Flat Rate)	Manistee, Michigan, United States, Northern America, Americas	https://careers.boydgroup.com/search/jobdetails/refinish-technician-flat-rate/753f15e3-14cd-4dcc-b290-1a73d0a17929?ejd=Default	2026-10-03	2026-10-04	manual_work	
Gerber Collision & Glass	gerbercollision.com	Collision	Collision Porter	Novi, Michigan, United States, Northern America, Americas	https://careers.boydgroup.com/search/jobdetails/collision-porter/59405291-27df-4e19-ac07-3589c0a22da4?ejd=Default	2026-10-03	2026-10-04	manual_work	$16
Gerber Collision & Glass	gerbercollision.com	Collision	Auto Body Technician	Chicago, Illinois, United States, Northern America, Americas	https://careers.boydgroup.com/search/jobdetails/auto-body-technician/2d518c6b-8b40-4ee1-a000-3e243a87d83e?ejd=Default	2026-10-03	2026-10-04	healthcare_services,manual_work	$60,000 - $180,000 a year
Gerber Collision & Glass	gerbercollision.com	Collision	Collision Poter	San Antonio, Texas, United States, Northern America, Americas	https://careers.boydgroup.com/search/jobdetails/collision-poter/198d82ce-70ca-4dc2-8b54-1e4f3fb75448?ejd=Default	2026-10-03	2026-10-04	manual_work	$14.00 - $18.00 +/ Hourly
Gerber Collision & Glass	gerbercollision.com	Collision	Auto Body Technician	Oak Forest, Illinois, United States, Northern America, Americas	https://careers.boydgroup.com/search/jobdetails/auto-body-technician/fc5920fc-c0a4-4918-b498-642e8b8cb020?ejd=Default	2026-10-03	2026-10-04	healthcare_services,manual_work	$60,000 - $180,000 a year
Gerber Collision & Glass	gerbercollision.com	Collision	Auto Body Technician	Loves Park, Illinois, United States, Northern America, Americas	https://careers.boydgroup.com/search/jobdetails/auto-body-technician/0858c19a-76f2-4925-8f47-63be21119af8?ejd=Default	2026-10-03	2026-10-04	healthcare_services,manual_work	$60,000 - $180,000 a year
Gerber Collision & Glass	gerbercollision.com	Collision	Estimator	Clinton, Maryland, United States, Northern America, Americas	https://careers.boydgroup.com/search/jobdetails/estimator/de156248-20c0-4ff2-89fa-699359e201d0?ejd=Default	2026-10-03	2026-10-04	finance,operations,sales	
Gerber Collision & Glass	gerbercollision.com	Collision	Refinish Technician	Elmhurst, Illinois, United States, Northern America, Americas	https://careers.boydgroup.com/search/jobdetails/refinish-technician/7b5e302a-689d-49d0-a939-11050bc91f2e?ejd=Default	2026-10-03	2026-10-04	healthcare_services,manual_work	$60,000 - $180,000 a year
Gerber Collision & Glass	gerbercollision.com	Collision	Refinish Technician	Syracuse, New York, United States, Northern America, Americas	https://careers.boydgroup.com/search/jobdetails/refinish-technician/93e1e108-37fc-4700-b764-6c539155cd08?ejd=Default	2026-10-03	2026-10-03	healthcare_services,manual_work	Estimated $65,000 - $165,000+ per year
Gerber Collision & Glass	gerbercollision.com	Collision	Auto Body Technician (Flat Rate)	Madisonville, Kentucky, United States, Northern America, Americas	https://careers.boydgroup.com/search/jobdetails/auto-body-technician-flat-rate/e99aa2c5-0472-48ac-82b9-b1d5c40334e4?ejd=Default	2026-10-03	2026-10-03	manual_work	
Gerber Collision & Glass	gerbercollision.com	Collision	Refinish Technician (Flat Rate)	Madisonville, Kentucky, United States, Northern America, Americas	https://careers.boydgroup.com/search/jobdetails/refinish-technician-flat-rate/a98382e9-e872-40d5-a1a7-962be4c72fd1?ejd=Default	2026-10-03	2026-10-03	manual_work	
Gerber Collision & Glass	gerbercollision.com	Collision	Auto Parts Coordinator	Kansas City, MO	https://www.linkedin.com/jobs/view/4471532800/	2026-10-03	2026-10-03	operations,sales,manual_work	
Gerber Collision & Glass	gerbercollision.com	Collision	Technical Trainer	Elmhurst, IL	https://www.linkedin.com/jobs/view/4470395358/	2026-10-02	2026-10-04	education	
Gerber Collision & Glass	gerbercollision.com	Collision	Collision Estimator	Greenville, South Carolina, United States, Northern America, Americas	https://careers.boydgroup.com/search/jobdetails/collision-estimator/da1883c0-04a5-4c13-b3f3-a413bd52fc51?ejd=Default	2026-10-02	2026-10-03	operations,sales	Estimated $50,000 - $100,000 / Year
Gerber Collision & Glass	gerbercollision.com	Collision	Estimator	Eldersburg, Maryland, United States, Northern America, Americas	https://careers.boydgroup.com/search/jobdetails/estimator/c5f2a577-7f36-458d-9bd3-9e4f6e2dc375?ejd=Default	2026-10-02	2026-10-03	finance,operations,sales	
Gerber Collision & Glass	gerbercollision.com	Collision	Auto Body Technician	Ohio, United States, Northern America, Americas	https://careers.boydgroup.com/search/jobdetails/auto-body-technician/22b4b66c-90c2-4a01-afa3-73217e07afbf?ejd=Default	2026-10-02	2026-10-04	healthcare_services,manual_work	Estimated $65,000 - 125,000+ / Year
Gerber Collision & Glass	gerbercollision.com	Collision	Auto Collision General Manager	Yulee, Florida, United States, Northern America, Americas	https://careers.boydgroup.com/search/jobdetails/auto-collision-general-manager/3f5b0f13-1adc-4c8a-bf00-275430c74706?ejd=Default	2026-10-02	2026-10-04	management,operations	$70,000 - $95,000 / Year
Gerber Collision & Glass	gerbercollision.com	Collision	Pre - TDP Trainee	Birmingham, Alabama, United States, Northern America, Americas	https://careers.boydgroup.com/search/jobdetails/pre---tdp-trainee/7d38c511-4ab1-423b-944d-5107f6281e0c?ejd=Default	2026-10-02	2026-10-04	healthcare_services	$18.00-$21.00/ Hour Compensation is commensurate with skill
Gerber Collision & Glass	gerbercollision.com	Collision	General Manager	Bristol, Tennessee, United States, Northern America, Americas	https://careers.boydgroup.com/search/jobdetails/general-manager/2298adfb-7db7-4164-b974-00e267a8c2e3?ejd=Default	2026-10-02	2026-10-04	management,operations,food	$70,000-$90,000 depending on experinece
Gerber Collision & Glass	gerbercollision.com	Collision	Estimator	New Albany, Indiana, United States, Northern America, Americas	https://careers.boydgroup.com/search/jobdetails/estimator/d0b80ee9-85e9-4c9e-901d-cb959fd62460?ejd=Default	2026-10-02	2026-10-04	finance,operations,sales	
Gerber Collision & Glass	gerbercollision.com	Collision	Estimator in Training	Evansville, Indiana, United States, Northern America, Americas	https://careers.boydgroup.com/search/jobdetails/estimator-in-training/d121e85b-8817-472a-a565-8c961bd7e5bd?ejd=Default	2026-10-02	2026-10-04	operations	$18.00-$20.00 per hour depending on experience
Gerber Collision & Glass	gerbercollision.com	Collision	Porter / Auto Detailer	Clay, New York, United States, Northern America, Americas	https://careers.boydgroup.com/search/jobdetails/porter--auto-detailer/e2c575da-6d62-40ee-bf95-7bc28e6bc58b?ejd=Default	2026-10-02	2026-10-04	manual_work	Hourly $16 - $18
Gerber Collision & Glass	gerbercollision.com	Collision	Collision Estimator	Pelham, Alabama, United States, Northern America, Americas	https://careers.boydgroup.com/search/jobdetails/collision-estimator/749f3ed4-76c2-4455-a5fc-798cf23af784?ejd=Default	2026-10-02	2026-10-02	operations,sales	
Gerber Collision & Glass	gerbercollision.com	Collision	Auto Body Technician	Texas, United States, Northern America, Americas	https://careers.boydgroup.com/search/jobdetails/auto-body-technician/37fa0ebb-4a25-4ddf-9643-3ac1a5e5b15a	2026-10-02	2026-10-02	healthcare_services,manual_work	
Gerber Collision & Glass	gerbercollision.com	Collision	Auto Body Technician	Oshkosh, Wisconsin, United States, Northern America, Americas	https://careers.boydgroup.com/search/jobdetails/auto-body-technician/8757c319-5db6-4ff2-bcd9-e04af8921a47?ejd=Default	2026-10-02	2026-10-04	healthcare_services,manual_work	$70,000 - $125,000+/year based on experience
Gerber Collision & Glass	gerbercollision.com	Collision	Collision Estimator	Tyler, Texas, United States, Northern America, Americas	https://careers.boydgroup.com/search/jobdetails/collision-estimator/7bf2494a-acd2-4fad-8e62-1c2aa5dfc734?ejd=Default	2026-10-01	2026-10-03	operations,sales	Estimated $49,000 - $70,000 / Year
Gerber Collision & Glass	gerbercollision.com	Collision	Auto Body Technician	Denton, Texas, United States, Northern America, Americas	https://careers.boydgroup.com/search/jobdetails/auto-body-technician/c512395d-0e42-4918-95de-d7916d9d6023?ejd=Default	2026-10-01	2026-10-03	healthcare_services,manual_work	$23 - $30 / Hour Flat Rate
Gerber Collision & Glass	gerbercollision.com	Collision	Auto Body Technician (Flat Rate)	Tyler, Texas, United States, Northern America, Americas	https://careers.boydgroup.com/search/jobdetails/auto-body-technician-flat-rate/85030a58-c6d2-47f6-a02c-d47a2cd609a9?ejd=Default	2026-10-01	2026-10-03	manual_work	$21 - $30 / Hour Flat Rate
Gerber Collision & Glass	gerbercollision.com	Collision	Estimator	Mayfield Heights, Ohio, United States, Northern America, Americas	https://careers.boydgroup.com/search/jobdetails/estimator/ecde27fa-b10a-41c2-ac18-c9f004f356da?ejd=Default	2026-10-01	2026-10-03	finance,operations,sales	Estimated $50,000 - $100,000+ / Year
Gerber Collision & Glass	gerbercollision.com	Collision	Auto Collision Parts Coordinator	Wildwood, Florida, United States, Northern America, Americas	https://careers.boydgroup.com/search/jobdetails/auto-collision-parts-coordinator/ef3aa6b7-2eaa-4801-ad78-cf904b2eeca4?ejd=Default	2026-10-01	2026-10-03	operations,manual_work	$15 - $20 / Hour Compensation is commensurate with skill
Gerber Collision & Glass	gerbercollision.com	Collision	CSR	Bossier City, Louisiana, United States, Northern America, Americas	https://careers.boydgroup.com/search/jobdetails/csr/aa75a8ec-9825-4ad2-ba48-5553064a0538?ejd=Default	2026-10-01	2026-10-03		$14 - $18 / Hour Compensation is commensurate with skill
Gerber Collision & Glass	gerbercollision.com	Collision	Auto Body Technician (Flat Rate)	Tyler, Texas, United States, Northern America, Americas	https://careers.boydgroup.com/search/jobdetails/auto-body-technician-flat-rate/b732910b-8300-4331-a2fb-e78e25a6a47d?ejd=Default	2026-10-01	2026-10-03	manual_work	$21 - $30 / Hour Flat Rate
Gerber Collision & Glass	gerbercollision.com	Collision	Estimator	Georgia, United States, Northern America, Americas	https://careers.boydgroup.com/search/jobdetails/estimator/5503be26-3ab6-4929-b74a-783dc3d6f54e?ejd=Default	2026-10-01	2026-10-03	finance,operations,sales	Estimated $55,000 - $78,000 / Year
Gerber Collision & Glass	gerbercollision.com	Collision	Collision CSR	San Antonio, Texas, United States, Northern America, Americas	https://careers.boydgroup.com/search/jobdetails/collision-csr/edbd2bd1-a9b7-495e-b694-e4671334b65a?ejd=Default	2026-10-01	2026-10-03	manual_work	$16.00 to $22.00+ Hourly
Gerber Collision & Glass	gerbercollision.com	Collision	Refinish Technician	Milwaukee, Wisconsin, United States, Northern America, Americas	https://careers.boydgroup.com/search/jobdetails/refinish-technician/d798b7fb-24d6-430d-ad46-f77cb1a9cb47?ejd=Default	2026-10-01	2026-10-03	healthcare_services,manual_work	
Gerber Collision & Glass	gerbercollision.com	Collision	Auto Body Technician	Milwaukee, Wisconsin, United States, Northern America, Americas	https://careers.boydgroup.com/search/jobdetails/auto-body-technician/6b86ef29-f1fe-4d59-a58f-70e8f8d6d464?ejd=Default	2026-10-01	2026-10-03	healthcare_services,manual_work	$70,000 - $125,000+/year based on experience
Gerber Collision & Glass	gerbercollision.com	Collision	Collision Refinish Technician	Flint, Michigan, United States, Northern America, Americas	https://careers.boydgroup.com/search/jobdetails/collision-refinish-technician/143722cf-c584-40cf-90dc-52c787809db5?ejd=Default	2026-10-01	2026-10-01	healthcare_services,manual_work	$23.00 - $25.00/hour
Gerber Collision & Glass	gerbercollision.com	Collision	Estimator	Hinesville, Georgia, United States, Northern America, Americas	https://careers.boydgroup.com/search/jobdetails/estimator/2d877755-e6b5-4e49-9aa2-c28e39037d07?ejd=Default	2026-10-01	2026-10-03	finance,operations,sales	Estimated $49,000 - $70,000 / Year
Gerber Collision & Glass	gerbercollision.com	Collision	Auto Body Estimator	Olympia, Washington, United States, Northern America, Americas	https://careers.boydgroup.com/search/jobdetails/auto-body-estimator/6fb65e9f-3f64-4c7d-ac0b-ed8135f339f7?ejd=Default	2026-10-01	2026-10-03	finance,sales	Estimated $55,000 - $78,000+ / Year
Gerber Collision & Glass	gerbercollision.com	Collision	Collision Refinish Technician	Florence, South Carolina, United States, Northern America, Americas	https://careers.boydgroup.com/search/jobdetails/collision-refinish-technician/550e026b-0c93-4326-b458-f813980334e0?ejd=Default	2026-10-01	2026-10-03	healthcare_services,manual_work	FLAT RATEEstimated $50,000 - 150,000 / Year
Gerber Collision & Glass	gerbercollision.com	Collision	Auto Body Technician	Forney, Texas, United States, Northern America, Americas	https://careers.boydgroup.com/search/jobdetails/auto-body-technician/57bfb4d3-a4c7-49fc-944e-1a583aa2d3d2?ejd=Default	2026-10-01	2026-10-03	healthcare_services,manual_work	$23 - $30 / Hour Flat Rate
Gerber Collision & Glass	gerbercollision.com	Collision	Customer Service Representative	Pennsylvania, United States, Northern America, Americas	https://careers.boydgroup.com/search/jobdetails/customer-service-representative/debed5c0-a16e-4995-8797-ed230768bfca?ejd=Default	2026-10-01	2026-10-03	sales,support	Hourly $17 -$20
Gerber Collision & Glass	gerbercollision.com	Collision	Auto Body Technician	Kenosha, Wisconsin, United States, Northern America, Americas	https://careers.boydgroup.com/search/jobdetails/auto-body-technician/8ff09658-a67d-4edf-bf6a-e5fe31759672?ejd=Default	2026-10-01	2026-10-03	healthcare_services,manual_work	$75,000 - $125,000 per year based on experience
Gerber Collision & Glass	gerbercollision.com	Collision	Body Technician (Flat Rate)	Canton, Ohio, United States, Northern America, Americas	https://careers.boydgroup.com/search/jobdetails/body-technician-flat-rate/fbaf3a48-852c-489e-94f5-243bd4312ea0?ejd=Default	2026-10-01	2026-10-03	finance,manual_work	$21- $30 / Hour Flat Rate
Gerber Collision & Glass	gerbercollision.com	Collision	Customer Service Representative	Missouri, United States, Northern America, Americas	https://careers.boydgroup.com/search/jobdetails/customer-service-representative/a3f22da6-7195-4664-980f-a75ab2d530d5?ejd=Default	2026-10-01	2026-10-03	sales,support	$15.00 - $23.00 Hourly
Gerber Collision & Glass	gerbercollision.com	Collision	Auto Body Technician (Flat Rate)	Evansville, Indiana, United States, Northern America, Americas	https://careers.boydgroup.com/search/jobdetails/auto-body-technician-flat-rate/842f1b72-7aeb-4467-85df-ead0418dda3b?ejd=Default	2026-10-01	2026-10-01	manual_work	
Gerber Collision & Glass	gerbercollision.com	Collision	Estimator	Hardeeville, South Carolina, United States, Northern America, Americas	https://careers.boydgroup.com/search/jobdetails/estimator/f94a30b3-e5a5-44d1-818e-ab0defe71059?ejd=Default	2026-10-01	2026-10-03	finance,operations,sales	Estimated $49,000 - $70,000 / Year
Gerber Collision & Glass	gerbercollision.com	Collision	CSR	Moody, Alabama, United States, Northern America, Americas	https://careers.boydgroup.com/search/jobdetails/csr/dfe3f751-80d1-43f1-b240-fe73fa362185?ejd=Default	2026-10-01	2026-10-03		
Gerber Collision & Glass	gerbercollision.com	Collision	Auto Parts Coordinator	Tulsa, OK	https://www.linkedin.com/jobs/view/4469096250/	2026-10-01	2026-10-02	operations,sales,manual_work	
Gerber Collision & Glass	gerbercollision.com	Collision	Auto Body Technician	Roseville, California, United States, Northern America, Americas	https://careers.boydgroup.com/search/jobdetails/auto-body-technician/514f67bd-2c68-4159-9637-43c99872caa6?ejd=Default	2026-10-01	2026-10-03	healthcare_services,manual_work	$26 - $36 / Hour Flat Rate
Gerber Collision & Glass	gerbercollision.com	Collision	Parts Coordinator	Pueblo, Colorado, United States, Northern America, Americas	https://careers.boydgroup.com/search/jobdetails/parts-coordinator/d1f3c4f5-fb61-426f-8cc3-5e589ddaa60c?ejd=Default	2026-10-01	2026-10-03	operations,manual_work	$15 - 21 / Hour
Gerber Collision & Glass	gerbercollision.com	Collision	General Manager	Georgia, United States, Northern America, Americas	https://careers.boydgroup.com/search/jobdetails/general-manager/6592ccb3-4f58-4f4d-8cee-31c1bb1b1c22?ejd=Default	2026-10-01	2026-10-03	management,operations,food	$68,000 - $97,000 / Year
Gerber Collision & Glass	gerbercollision.com	Collision	Body Technician (Flat Rate)	Georgia, United States, Northern America, Americas	https://careers.boydgroup.com/search/jobdetails/body-technician-flat-rate/5e3a9e41-03b4-4a9c-9253-54e3792a1eb6?ejd=Default	2026-10-01	2026-10-03	finance,manual_work	$21 - 30/ Hour Flat Rate
Gerber Collision & Glass	gerbercollision.com	Collision	Collision Estimator	Danville, Virginia, United States, Northern America, Americas	https://careers.boydgroup.com/search/jobdetails/collision-estimator/d9efcbbe-1b46-4fe8-9673-41498d392dcb?ejd=Default	2026-10-01	2026-10-03	operations,sales	Estimated $50,000 - $100,000 / Year
Gerber Collision & Glass	gerbercollision.com	Collision	Estimator	South Carolina, United States, Northern America, Americas	https://careers.boydgroup.com/search/jobdetails/estimator/adf236af-c5a5-4fdc-b385-25f6acf529e4?ejd=Default	2026-10-01	2026-10-03	finance,operations,sales	Estimated $49,000 - $70,000 / Year
Gerber Collision & Glass	gerbercollision.com	Collision	Auto Body Technician	Ceres, California, United States, Northern America, Americas	https://careers.boydgroup.com/search/jobdetails/auto-body-technician/93cb45e1-f845-4eba-9790-2d576248435a?ejd=Default	2026-10-01	2026-10-03	healthcare_services,manual_work	$26 - $36 / Hour Flat Rate
Gerber Collision & Glass	gerbercollision.com	Collision	Collision Prepper	Milwaukee, Wisconsin, United States, Northern America, Americas	https://careers.boydgroup.com/search/jobdetails/collision-prepper/860d27f2-0245-4823-8903-bd85771b7253?ejd=Default	2026-10-01	2026-10-03	manual_work	
Gerber Collision & Glass	gerbercollision.com	Collision	Estimator	Duluth, Georgia, United States, Northern America, Americas	https://careers.boydgroup.com/search/jobdetails/estimator/0560d1e4-c000-4fa5-9236-d11568da7196?ejd=Default	2026-10-01	2026-10-03	finance,operations,sales	Estimated $55,000 - $78,000 / Year
Gerber Collision & Glass	gerbercollision.com	Collision	Customer Service Representative	Highlands Ranch, Colorado, United States, Northern America, Americas	https://careers.boydgroup.com/search/jobdetails/customer-service-representative/909664af-bd71-4983-86f3-12c2468756f9?ejd=Default	2026-10-01	2026-10-03	sales,support	$18 - 25 / Hour
Gerber Collision & Glass	gerbercollision.com	Collision	Parts Coordinator (hourly)	Mechanicsville, Virginia, United States, Northern America, Americas	https://careers.boydgroup.com/search/jobdetails/parts-coordinator-hourly/3a1e574b-ef99-41fe-a8bd-0ee078236ca7?ejd=Default	2026-10-01	2026-10-01	operations,purchasing	$16.00-$20.00 per hour depending on experience
Gerber Collision & Glass	gerbercollision.com	Collision	Regional HR Manager - Midwest	Chicago, IL	https://www.linkedin.com/jobs/view/4469630539/	2026-09-30	2026-10-04	human_resources,management	
Gerber Collision & Glass	gerbercollision.com	Collision	Estimator	Dayton, Ohio, United States, Northern America, Americas	https://careers.boydgroup.com/search/jobdetails/estimator/19c916c6-49c0-4905-8843-5e714cb33b63?ejd=Default	2026-09-30	2026-10-02	finance,operations,sales	$20 - 28 /Flat Rate
Gerber Collision & Glass	gerbercollision.com	Collision	Auto Body Technician (Flat Rate)	Eldersburg, Maryland, United States, Northern America, Americas	https://careers.boydgroup.com/search/jobdetails/auto-body-technician-flat-rate/856347de-dd07-4fc8-9d3e-065a649073ec?ejd=Default	2026-09-30	2026-10-04	manual_work	
Gerber Collision & Glass	gerbercollision.com	Collision	Estimator	Youngstown, Ohio, United States, Northern America, Americas	https://careers.boydgroup.com/search/jobdetails/estimator/838d3a08-c478-412b-bbe4-8da287493618?ejd=Default	2026-09-29	2026-10-04	finance,operations,sales	Estimated $50,000 - $100,000+ / Year
Gerber Collision & Glass	gerbercollision.com	Collision	Estimator	Madeira, Ohio, United States, Northern America, Americas	https://careers.boydgroup.com/search/jobdetails/estimator/26c8c8dc-3aae-485f-a70f-da76492b96c3?ejd=Default	2026-09-29	2026-10-04	finance,operations,sales	Estimated $50,000 - $100,000+ / Year
Gerber Collision & Glass	gerbercollision.com	Collision	Auto Body Technician	Grand Ledge, Michigan, United States, Northern America, Americas	https://careers.boydgroup.com/search/jobdetails/auto-body-technician/7230cff0-36fb-43a4-a728-c5ced9e5e9f3?ejd=Default	2026-09-29	2026-10-04	healthcare_services,manual_work	$24.00 - $29.00/hour
Gerber Collision & Glass	gerbercollision.com	Collision	Collision Estimator In Training	Georgia, United States, Northern America, Americas	https://careers.boydgroup.com/search/jobdetails/collision-estimator-in-training/9765fdc0-9d9a-47d3-902b-c792c4cd034f?ejd=Default	2026-09-29	2026-10-04	healthcare_services,operations	$18 - $26 / Hour
Gerber Collision & Glass	gerbercollision.com	Collision	Auto Body Technician	Ohio, United States, Northern America, Americas	https://careers.boydgroup.com/search/jobdetails/auto-body-technician/ea0c3ed4-1c89-4cd6-943d-33458e9bfc94?ejd=Default	2026-09-29	2026-10-04	healthcare_services,manual_work	$20 - 28 /Flat Rate
Gerber Collision & Glass	gerbercollision.com	Collision	Collision Estimator	Georgia, United States, Northern America, Americas	https://careers.boydgroup.com/search/jobdetails/collision-estimator/63ec7641-82ef-4852-bc4d-bee4b3ceb438?ejd=Default	2026-09-29	2026-10-04	operations,sales	Estimated $54,000 - $77,000 / Year
Gerber Collision & Glass	gerbercollision.com	Collision	General Manager	Virginia, United States, Northern America, Americas	https://careers.boydgroup.com/search/jobdetails/general-manager/166ee04b-fa45-49b4-a0d4-4b262fd57f9c?ejd=Default	2026-09-29	2026-10-04	management,operations,food	$85,000-$95,000 annually depending on experience
Gerber Collision & Glass	gerbercollision.com	Collision	Estimator	Addison, Illinois, United States, Northern America, Americas	https://careers.boydgroup.com/search/jobdetails/estimator/757fce6b-d82f-4a63-99a3-47ed19307679?ejd=Default	2026-09-29	2026-10-04	finance,operations,sales	$60,000 - $150,000 a year
Gerber Collision & Glass	gerbercollision.com	Collision	Collision Estimator	Huntsville, Alabama, United States, Northern America, Americas	https://careers.boydgroup.com/search/jobdetails/collision-estimator/68332f32-a24e-4d82-a3e1-6e41d874c35f?ejd=Default	2026-09-29	2026-10-04	operations,sales	Estimated $55,000 - $77,000 / Year
Gerber Collision & Glass	gerbercollision.com	Collision	Estimator	College Park, Maryland, United States, Northern America, Americas	https://careers.boydgroup.com/search/jobdetails/estimator/d802b818-4f4a-46a9-9c0f-35b804ca2c1c?ejd=Default	2026-09-29	2026-09-30	finance,operations,sales	
Gerber Collision & Glass	gerbercollision.com	Collision	Auto Body Technician	Holland, Michigan, United States, Northern America, Americas	https://careers.boydgroup.com/search/jobdetails/auto-body-technician/da2f91fb-0c5e-4dc2-a728-31cc9687d2ff?ejd=Default	2026-09-29	2026-10-03	healthcare_services,manual_work	$24.00 - $29.00/hour
Gerber Collision & Glass	gerbercollision.com	Collision	Collision Estimator	Wyandotte, Michigan, United States, Northern America, Americas	https://careers.boydgroup.com/search/jobdetails/collision-estimator/16d2bec1-e388-4af1-b8e2-8091c82c38a7?ejd=Default	2026-09-29	2026-10-03	operations,sales	$50,000 - $100,000/annually
Gerber Collision & Glass	gerbercollision.com	Collision	Collision Estimator	Rochester, Michigan, United States, Northern America, Americas	https://careers.boydgroup.com/search/jobdetails/collision-estimator/5c57fbf8-00ff-4506-a463-5a6e921553b3?ejd=Default	2026-09-28	2026-09-29	operations,sales	$50,000 - $100,000/annually
Gerber Collision & Glass	gerbercollision.com	Collision	Collision Estimator	Wayne, Michigan, United States, Northern America, Americas	https://careers.boydgroup.com/search/jobdetails/collision-estimator/4a0858b3-9c3c-4846-9c5f-630c8994d8fd?ejd=Default	2026-09-28	2026-10-03	operations,sales	$50,000 - $100,000/annually
Gerber Collision & Glass	gerbercollision.com	Collision	Auto Body Technician	Temperance, Michigan, United States, Northern America, Americas	https://careers.boydgroup.com/search/jobdetails/auto-body-technician/345927cf-eb05-4d89-828c-75546b0c894e?ejd=Default	2026-09-28	2026-10-03	healthcare_services,manual_work	$24.00 - $29.00/hour
Gerber Collision & Glass	gerbercollision.com	Collision	Collision Estimator	Holland, Michigan, United States, Northern America, Americas	https://careers.boydgroup.com/search/jobdetails/collision-estimator/fee937e4-2147-467a-860c-06c932da005b?ejd=Default	2026-09-28	2026-10-03	operations,sales	$50,000 - $100,000/annually
Gerber Collision & Glass	gerbercollision.com	Collision	Collision Estimator	Northville, Michigan, United States, Northern America, Americas	https://careers.boydgroup.com/search/jobdetails/collision-estimator/79c2cd2a-3dfb-44ca-9ed1-fcb93983f8b0?ejd=Default	2026-09-28	2026-10-03	operations,sales	$50,000 - $100,000/annually
Gerber Collision & Glass	gerbercollision.com	Collision	Auto Body Technician	Michigan, United States, Northern America, Americas	https://careers.boydgroup.com/search/jobdetails/auto-body-technician/edac3cfd-ca2b-424f-bf6b-79b694f28061?ejd=Default	2026-09-28	2026-10-03	healthcare_services,manual_work	$24.00 - $29.00/hour
Gerber Collision & Glass	gerbercollision.com	Collision	Auto Body Technician	Michigan, United States, Northern America, Americas	https://careers.boydgroup.com/search/jobdetails/auto-body-technician/c2f1d8f1-dee8-4f19-b370-fa185dd4eed4?ejd=Default	2026-09-28	2026-10-03	healthcare_services,manual_work	$24.00 - $29.00/hour
Gerber Collision & Glass	gerbercollision.com	Collision	Body Technician	Oneonta, New York, United States, Northern America, Americas	https://careers.boydgroup.com/search/jobdetails/body-technician/7e7f929b-8f75-4bbe-ad85-063667101bf3?ejd=Default	2026-09-28	2026-10-03	healthcare_services,manual_work	Estimated $65,000 - $165,000+ per year
Gerber Collision & Glass	gerbercollision.com	Collision	Body Technician	Scotia, New York, United States, Northern America, Americas	https://careers.boydgroup.com/search/jobdetails/body-technician/7825b3c9-d9e6-491b-827a-60edc6a40426?ejd=Default	2026-09-28	2026-10-03	healthcare_services,manual_work	Estimated $65,000 - $165,000+ per year
Gerber Collision & Glass	gerbercollision.com	Collision	Parts Coordinator	Lampasas, Texas, United States, Northern America, Americas	https://careers.boydgroup.com/search/jobdetails/parts-coordinator/6bc3d8d4-4d0e-4db9-9a52-532c3392d3a1?ejd=Default	2026-09-28	2026-10-03	operations,manual_work	$14.25 - $20.00 / Hourly
Gerber Collision & Glass	gerbercollision.com	Collision	Estimator	Catonsville, Maryland, United States, Northern America, Americas	https://careers.boydgroup.com/search/jobdetails/estimator/05098da0-5129-4226-af87-58882cda8c9a?ejd=Default	2026-09-28	2026-10-03	finance,operations,sales	
Gerber Collision & Glass	gerbercollision.com	Collision	Auto Body Technician	Wayne, Michigan, United States, Northern America, Americas	https://careers.boydgroup.com/search/jobdetails/auto-body-technician/f7f62fe0-45b2-46a4-82c6-b7d1222302a7?ejd=Default	2026-09-28	2026-10-03	healthcare_services,manual_work	$24.00 - $29.00/hour
Gerber Collision & Glass	gerbercollision.com	Collision	Collision Estimator	LaBelle, Florida, United States, Northern America, Americas	https://careers.boydgroup.com/search/jobdetails/collision-estimator/17c7bb93-923a-48e0-a56d-5ad104fb8fd6?ejd=Default	2026-09-26	2026-09-28	operations,sales	Estimated $55,000 - $77,000 / Year
Gerber Collision & Glass	gerbercollision.com	Collision	Auto Body Technician	Anderson, Indiana, United States, Northern America, Americas	https://careers.boydgroup.com/search/jobdetails/auto-body-technician/c7c9c62f-5e88-47fb-b8c4-866be3754eaf?ejd=Default	2026-09-26	2026-10-03	healthcare_services,manual_work	$24 - $30 / Flat Rate
Gerber Collision & Glass	gerbercollision.com	Collision	Collision Auto Body Technician (Flat Rate)	Odessa, Florida, United States, Northern America, Americas	https://careers.boydgroup.com/search/jobdetails/collision-auto-body-technician-flat-rate/395641f3-36ac-4be9-9dd7-36a7f538a845?ejd=Default	2026-09-26	2026-10-03	manual_work	$23 - $32 / Hour Flat Rate
Gerber Collision & Glass	gerbercollision.com	Collision	Collision Estimator	Odessa, Florida, United States, Northern America, Americas	https://careers.boydgroup.com/search/jobdetails/collision-estimator/03b49213-cc07-4b8a-8528-7866051e8b56?ejd=Default	2026-09-26	2026-10-03	operations,sales	Estimated $55,000 - $77,000 / Year
Gerber Collision & Glass	gerbercollision.com	Collision	Collision Auto Body Technician (Flat Rate)	Marco Island, Florida, United States, Northern America, Americas	https://careers.boydgroup.com/search/jobdetails/collision-auto-body-technician-flat-rate/a4b0655f-705f-49ed-8ddf-4b8910c7310d?ejd=Default	2026-09-26	2026-10-03	manual_work	$23- $32 / Hour Flat Rate
Gerber Collision & Glass	gerbercollision.com	Collision	Collision Estimator	Pinellas Park, Florida, United States, Northern America, Americas	https://careers.boydgroup.com/search/jobdetails/collision-estimator/d6158fbe-1f98-4a24-a10c-cc956b6376ef?ejd=Default	2026-09-26	2026-10-03	operations,sales	Estimated $55,000 - $77,000 / Year
Gerber Collision & Glass	gerbercollision.com	Collision	Collision Estimator	West Palm Beach, Florida, United States, Northern America, Americas	https://careers.boydgroup.com/search/jobdetails/collision-estimator/cc4464d8-1243-4cf0-80d8-e7e200d804bf?ejd=Default	2026-09-26	2026-10-03	operations,sales	Estimated $55,000 - $77,000 / Year
Gerber Collision & Glass	gerbercollision.com	Collision	Collision Refinish Technician (Flat Rate)	Largo, Florida, United States, Northern America, Americas	https://careers.boydgroup.com/search/jobdetails/collision-refinish-technician-flat-rate/fd31e002-1bed-4d53-87f9-9e92de83efee?ejd=Default	2026-09-26	2026-10-03	manual_work	$20 - $29 / Hour Flat Rate
Gerber Collision & Glass	gerbercollision.com	Collision	Collision Auto Body Technician (Flat Rate)	Cocoa, Florida, United States, Northern America, Americas	https://careers.boydgroup.com/search/jobdetails/collision-auto-body-technician-flat-rate/fe7e434e-b108-463a-8d0e-99cff8321092?ejd=Default	2026-09-26	2026-10-03	manual_work	$20 - $29 / Hour Flat Rate
Gerber Collision & Glass	gerbercollision.com	Collision	Collision Auto Body Technician (Flat Rate)	Cape Coral, Florida, United States, Northern America, Americas	https://careers.boydgroup.com/search/jobdetails/collision-auto-body-technician-flat-rate/007d5218-c05a-4f36-b351-8cf1cea74417?ejd=Default	2026-09-26	2026-10-03	manual_work	$20 - $29 / Hour Flat Rate
Gerber Collision & Glass	gerbercollision.com	Collision	Collision Auto Body Technician (Flat Rate)	LaBelle, Florida, United States, Northern America, Americas	https://careers.boydgroup.com/search/jobdetails/collision-auto-body-technician-flat-rate/f8698b6f-a55b-4be7-ad10-f1da159363ab?ejd=Default	2026-09-26	2026-10-03	manual_work	$23 - $32 / Hour Flat Rate
Gerber Collision & Glass	gerbercollision.com	Collision	Collision Estimator	Zephyrhills, Florida, United States, Northern America, Americas	https://careers.boydgroup.com/search/jobdetails/collision-estimator/872f1431-2234-4150-94f0-90361280a39c?ejd=Default	2026-09-26	2026-10-03	operations,sales	Estimated $55,000 - $77,000 / Year
Gerber Collision & Glass	gerbercollision.com	Collision	Body Technician (Flat Rate)	Johnson City, Tennessee, United States, Northern America, Americas	https://careers.boydgroup.com/search/jobdetails/body-technician-flat-rate/99cf0892-8687-4738-9825-11a72c6edc58?ejd=Default	2026-09-26	2026-10-02	finance,manual_work	
Gerber Collision & Glass	gerbercollision.com	Collision	Body Technician (Flat Rate)	Springfield, Virginia, United States, Northern America, Americas	https://careers.boydgroup.com/search/jobdetails/body-technician-flat-rate/7301aee1-65b7-4295-acd4-128e9ef87de4?ejd=Default	2026-09-26	2026-10-02	finance,manual_work	
Gerber Collision & Glass	gerbercollision.com	Collision	Refinish Technician (Flat Rate)	Shreveport, Louisiana, United States, Northern America, Americas	https://careers.boydgroup.com/search/jobdetails/refinish-technician-flat-rate/5e08cb38-dd67-4da0-9c6c-007a6323b533?ejd=Default	2026-09-26	2026-10-04	manual_work	$21 - $30 / Hour Flat Rate
Gerber Collision & Glass	gerbercollision.com	Collision	Auto Body Technician	Alabama, United States, Northern America, Americas	https://careers.boydgroup.com/search/jobdetails/auto-body-technician/d69548e3-0f25-47d9-b9a1-18909159bd15?ejd=Default	2026-09-25	2026-09-25	healthcare_services,manual_work	
Gerber Collision & Glass	gerbercollision.com	Collision	Collision Auto Body Technician	New Orleans, Louisiana, United States, Northern America, Americas	https://careers.boydgroup.com/search/jobdetails/collision-auto-body-technician/51b22e1c-3145-4bb5-897c-38378e91ddf9?ejd=Default	2026-09-25	2026-10-01	manual_work	$23 - $32 / Hour Flat Rate
Gerber Collision & Glass	gerbercollision.com	Collision	Manager in Training	Del City, Oklahoma, United States, Northern America, Americas	https://careers.boydgroup.com/search/jobdetails/manager-in-training/d6e58712-299d-4c0c-b7d6-03644fb5ce6b?ejd=Default	2026-09-25	2026-09-25	management,operations	$56,000 - $80,000 Annually
Gerber Collision & Glass	gerbercollision.com	Collision	Collision General Manager	Tampa, Florida, United States, Northern America, Americas	https://careers.boydgroup.com/search/jobdetails/collision-general-manager/65f1728f-c7e5-4876-99fc-5215aaf57a4d?ejd=Default	2026-09-25	2026-10-03	management,operations	
Gerber Collision & Glass	gerbercollision.com	Collision	Refinish Technician (Flat Rate)	Albion, New York, United States, Northern America, Americas	https://careers.boydgroup.com/search/jobdetails/refinish-technician-flat-rate/26a803de-9aa6-462c-b7cb-23973f8c5a42?ejd=Default	2026-09-25	2026-10-01	manual_work	
Gerber Collision & Glass	gerbercollision.com	Collision	Body Technician (Flat Rate)	Pennsylvania, United States, Northern America, Americas	https://careers.boydgroup.com/search/jobdetails/body-technician-flat-rate/2ce7abe5-0c5f-4381-81a5-2c4d9a5eee83?ejd=Default	2026-09-25	2026-10-03	finance,manual_work	Estimated $50,000 - $100,000+ / Year
Gerber Collision & Glass	gerbercollision.com	Collision	Body Technician (Flat Rate)	Lebanon, Ohio, United States, Northern America, Americas	https://careers.boydgroup.com/search/jobdetails/body-technician-flat-rate/fd34673f-6be2-499e-8dd5-3173751eb8f6?ejd=Default	2026-09-25	2026-10-01	finance,manual_work	$20 - 28 /Flat Rate
Gerber Collision & Glass	gerbercollision.com	Collision	Automotive Mobile ADAS Technician	Chelsea, Michigan, United States, Northern America, Americas	https://careers.boydgroup.com/search/jobdetails/automotive-mobile-adas-technician/b8a23c96-0e7d-4840-8cc4-0e490fd7d114?ejd=Default	2026-09-25	2026-09-29		$60,000 - $95,000 / Annually (hourly pay
Gerber Collision & Glass	gerbercollision.com	Collision	Estimator	Dayton, Ohio, United States, Northern America, Americas	https://careers.boydgroup.com/search/jobdetails/estimator/81790a37-379f-4620-910d-3ac960cb4c01?ejd=Default	2026-09-25	2026-10-03	finance,operations,sales	Estimated $50,000 - $100,000+ / Year
Gerber Collision & Glass	gerbercollision.com	Collision	Collision Estimator	Muskegon, Michigan, United States, Northern America, Americas	https://careers.boydgroup.com/search/jobdetails/collision-estimator/de32a376-eba4-4b4c-b332-c4947fc28408?ejd=Default	2026-09-24	2026-10-03	operations,sales	$50,000 - $100,000/annually
Gerber Collision & Glass	gerbercollision.com	Collision	Estimator	Pittsburgh, Pennsylvania, United States, Northern America, Americas	https://careers.boydgroup.com/search/jobdetails/estimator/d40a98c4-0f22-45de-a504-811b773c747f?ejd=Default	2026-09-24	2026-09-28	finance,operations,sales	
Gerber Collision & Glass	gerbercollision.com	Collision	Estimator	North Olmsted, Ohio, United States, Northern America, Americas	https://careers.boydgroup.com/search/jobdetails/estimator/8313462f-e9b1-4abf-8714-b57ff54b86c4?ejd=Default	2026-09-24	2026-10-03	finance,operations,sales	Estimated $50,000 - $100,000+ / Year
Gerber Collision & Glass	gerbercollision.com	Collision	Body Technician (Flat Rate)	Blue Ash, Ohio, United States, Northern America, Americas	https://careers.boydgroup.com/search/jobdetails/body-technician-flat-rate/ae821913-78db-4c3f-b8f9-958b55e82d90?ejd=Default	2026-09-24	2026-09-24	finance,manual_work	
Gerber Collision & Glass	gerbercollision.com	Collision	Auto Collision Body Technician	Belleview, Florida, United States, Northern America, Americas	https://careers.boydgroup.com/search/jobdetails/auto-collision-body-technician/5920d009-a84e-4272-ab51-1d0c3ee4fcf2?ejd=Default	2026-09-24	2026-10-03	manual_work	$21.00 - $28.00 USD Hourly
Gerber Collision & Glass	gerbercollision.com	Collision	Body Technician (Flat Rate)	Dayton, Ohio, United States, Northern America, Americas	https://careers.boydgroup.com/search/jobdetails/body-technician-flat-rate/c828f5e8-781a-4467-9569-8c4adbd459e4?ejd=Default	2026-09-24	2026-09-30	finance,manual_work	
Gerber Collision & Glass	gerbercollision.com	Collision	Collision General Manager	Wayne, Michigan, United States, Northern America, Americas	https://careers.boydgroup.com/search/jobdetails/collision-general-manager/6be98158-744d-4d18-b8d3-13036e4d1f10?ejd=Default	2026-09-24	2026-10-03	management,operations	$90,000 - $100,000/annually
Gerber Collision & Glass	gerbercollision.com	Collision	Estimator	Wilmington, Ohio, United States, Northern America, Americas	https://careers.boydgroup.com/search/jobdetails/estimator/4627524b-7460-4354-a368-9409e57a4705?ejd=Default	2026-09-24	2026-10-03	finance,operations,sales	Estimated $50,000 - $100,000+ / Year
Gerber Collision & Glass	gerbercollision.com	Collision	Collision Estimator	Bossier City, Louisiana, United States, Northern America, Americas	https://careers.boydgroup.com/search/jobdetails/collision-estimator/6356064b-cdf6-4675-b42f-20ec59cf3a68?ejd=Default	2026-09-24	2026-10-03	operations,sales	Estimated $49,000 - $70,000 / Year
Gerber Collision & Glass	gerbercollision.com	Collision	Auto Parts Coordinator	Arnold, MO	https://www.linkedin.com/jobs/view/4469624798/	2026-09-24	2026-10-03	operations,sales,manual_work	
Gerber Collision & Glass	gerbercollision.com	Collision	Auto Painter Helper	Smithville, MO	https://www.linkedin.com/jobs/view/4465118903/	2026-09-24	2026-10-01	manual_work	
Gerber Collision & Glass	gerbercollision.com	Collision	Auto Body Technician	Woodbury, Minnesota, United States, Northern America, Americas	https://careers.boydgroup.com/search/jobdetails/auto-body-technician/1d008c64-01e0-4614-a311-818f383b3e5c?ejd=Default	2026-09-23	2026-10-03	manual_work	70000 - 125000 USD per year
Gerber Collision & Glass	gerbercollision.com	Collision	CSR	Kingsport, Tennessee, United States, Northern America, Americas	https://careers.boydgroup.com/search/jobdetails/csr/a667f46f-0510-491c-9292-4c60aa1bea37?ejd=Default	2026-09-23	2026-10-03	support,administration	16.0 - 18.0 USD per hour
Gerber Collision & Glass	gerbercollision.com	Collision	Estimator	Baltimore, Maryland, United States, Northern America, Americas	https://careers.boydgroup.com/search/jobdetails/estimator/fb7fd538-ea34-4ef5-946c-67856fe05997?ejd=Default	2026-09-23	2026-09-29	finance,operations,sales	
Gerber Collision & Glass	gerbercollision.com	Collision	Auto Body Technician	Lafayette, Louisiana, United States, Northern America, Americas	https://careers.boydgroup.com/search/jobdetails/auto-body-technician/202c33e5-27c6-4c7c-8367-6d593e589ff6?ejd=Default	2026-09-23	2026-10-03	manual_work	20 - 30 USD per hour
Gerber Collision & Glass	gerbercollision.com	Collision	Collision Porter	Michigan, United States, Northern America, Americas	https://careers.boydgroup.com/search/jobdetails/collision-porter/d9177ce3-098c-4fd9-8fce-7ffa1979bf6a?ejd=Default	2026-09-23	2026-09-23	manual_work	$16.00 - $19.00/hour
Gerber Collision & Glass	gerbercollision.com	Collision	Auto Body Technician	Lafayette, Louisiana, United States, Northern America, Americas	https://careers.boydgroup.com/search/jobdetails/auto-body-technician/edf6ca84-732c-4b53-a3b8-c218302c06b6?ejd=Default	2026-09-23	2026-10-03	manual_work	20 - 30 USD per hour
Gerber Collision & Glass	gerbercollision.com	Collision	Porter	Albany, Georgia, United States, Northern America, Americas	https://careers.boydgroup.com/search/jobdetails/porter/8fc5cd10-5fe9-45fe-973d-12252d4b9a53?ejd=Default	2026-09-23	2026-10-03	manual_work	12 - 17 USD per hour
Gerber Collision & Glass	gerbercollision.com	Collision	Collision Porter	Farmington Hills, Michigan, United States, Northern America, Americas	https://careers.boydgroup.com/search/jobdetails/collision-porter/60ad1725-2b4f-41b6-933d-790473588baa?ejd=Default	2026-09-23	2026-10-03	manual_work	16.0 - 19.0 USD per hour
Gerber Collision & Glass	gerbercollision.com	Collision	Refinish Technician	Dublin, Ohio, United States, Northern America, Americas	https://careers.boydgroup.com/search/jobdetails/refinish-technician/fb8e6b59-0eff-40b5-8894-4793ec16dd76?ejd=Default	2026-09-23	2026-10-03	manual_work	
Gerber Collision & Glass	gerbercollision.com	Collision	Auto Body Technician	Madison, Wisconsin, United States, Northern America, Americas	https://careers.boydgroup.com/search/jobdetails/auto-body-technician/852c58e1-f22b-49a5-bfd1-1ede775397b8?ejd=Default	2026-09-23	2026-09-29	healthcare_services,manual_work	$70,000 - $125,000+/year based on experience
Gerber Collision & Glass	gerbercollision.com	Collision	Auto Body Technician	Michigan, United States, Northern America, Americas	https://careers.boydgroup.com/search/jobdetails/auto-body-technician/6035869f-02fd-481e-9ec9-80c79738d781?ejd=Default	2026-09-23	2026-09-27	healthcare_services,manual_work	$24.00 -$29.00/hour
Gerber Collision & Glass	gerbercollision.com	Collision	Customer Service Representative	Lincoln Park, Michigan, United States, Northern America, Americas	https://careers.boydgroup.com/search/jobdetails/customer-service-representative/3b3c1179-5dc0-4af8-9f94-7a85c1fe2c97?ejd=Default	2026-09-23	2026-09-24	sales,support	$17.00 - $20.00/hour
Gerber Collision & Glass	gerbercollision.com	Collision	Auto Collision General Manager	Gainesville, Florida, United States, Northern America, Americas	https://careers.boydgroup.com/search/jobdetails/auto-collision-general-manager/f335f3d0-d52c-4293-b9bc-1863a06b0a69?ejd=Default	2026-09-23	2026-10-03	management,operations	70000 - 95000 USD per year
Gerber Collision & Glass	gerbercollision.com	Collision	Parts Coordinator	Melrose Park, Illinois, United States, Northern America, Americas	https://careers.boydgroup.com/search/jobdetails/parts-coordinator/3f9e58ab-1602-44a3-bf45-d823b703a9ae?ejd=Default	2026-09-23	2026-09-25	operations,manual_work	$16 - $21
Gerber Collision & Glass	gerbercollision.com	Collision	Collision Porter	Saginaw, Michigan, United States, Northern America, Americas	https://careers.boydgroup.com/search/jobdetails/collision-porter/c988befc-8e0d-4362-82f4-50058dab9d44?ejd=Default	2026-09-23	2026-09-24	manual_work	$16.00 - $19.00/hour
Gerber Collision & Glass	gerbercollision.com	Collision	Estimator in Training	Texarkana, Texas, United States, Northern America, Americas	https://careers.boydgroup.com/search/jobdetails/estimator-in-training/678dbf0c-9982-4ae3-8924-867396879634?ejd=Default	2026-09-23	2026-09-23	operations	$17 - $23 / Hour Compensation is commensurate with skill
Gerber Collision & Glass	gerbercollision.com	Collision	Collision Porter	Wyoming, Michigan, United States, Northern America, Americas	https://careers.boydgroup.com/search/jobdetails/collision-porter/a2df2d36-4b49-4e78-a3eb-9f49f4ac0347?ejd=Default	2026-09-23	2026-10-03	manual_work	16.0 - 19.0 USD per hour
Gerber Collision & Glass	gerbercollision.com	Collision	Refinish Technician	River Falls, Wisconsin, United States, Northern America, Americas	https://careers.boydgroup.com/search/jobdetails/refinish-technician/c0312888-99e3-4550-8a39-29ccec161cb6?ejd=Default	2026-09-23	2026-10-03	manual_work	50000 - 100000 USD per year
Gerber Collision & Glass	gerbercollision.com	Collision	Collision Estimator	Durham, North Carolina, United States, Northern America, Americas	https://careers.boydgroup.com/search/jobdetails/collision-estimator/1f384a3a-ffea-4a68-a8ec-bc47ae2722c2?ejd=Default	2026-09-23	2026-10-01	operations	50000 - 100000 USD per year
Gerber Collision & Glass	gerbercollision.com	Collision	Collision Estimator	Livonia, Michigan, United States, Northern America, Americas	https://careers.boydgroup.com/search/jobdetails/collision-estimator/a69f3770-66c3-4022-9abb-c0e2bec1b0fc?ejd=Default	2026-09-23	2026-10-03	operations	50000 - 100000 USD per year
Gerber Collision & Glass	gerbercollision.com	Collision	Parts Coordinator	Tonawanda, New York, United States, Northern America, Americas	https://careers.boydgroup.com/search/jobdetails/parts-coordinator/e39076b2-0ba3-43bb-88a3-927fd5b78cad?ejd=Default	2026-09-23	2026-10-01	operations	16 - 22 USD per hour
Gerber Collision & Glass	gerbercollision.com	Collision	Auto Body Technician	Lafayette, Louisiana, United States, Northern America, Americas	https://careers.boydgroup.com/search/jobdetails/auto-body-technician/49714dec-21eb-455c-be98-14971849d1b6?ejd=Default	2026-09-23	2026-10-03	manual_work	20 - 30 USD per hour
Gerber Collision & Glass	gerbercollision.com	Collision	Collision Parts Coordinator	Northville, Michigan, United States, Northern America, Americas	https://careers.boydgroup.com/search/jobdetails/collision-parts-coordinator/ef398b21-6af0-4f4c-8506-0ec133b732a8?ejd=Default	2026-09-23	2026-10-03	operations	17.0 - 20.0 USD per hour
Gerber Collision & Glass	gerbercollision.com	Collision	Auto Collision Body Technician	Leesburg, Florida, United States, Northern America, Americas	https://careers.boydgroup.com/search/jobdetails/auto-collision-body-technician/c8f1b14b-93e1-456e-9ffc-4b5a61d2a7bf?ejd=Default	2026-09-23	2026-10-03	manual_work	23.0 - 31.0 USD per hour
Gerber Collision & Glass	gerbercollision.com	Collision	Collision Estimator In Training	Michigan, United States, Northern America, Americas	https://careers.boydgroup.com/search/jobdetails/collision-estimator-in-training/dd3032b5-bfeb-47e9-ba3a-af0613299145?ejd=Default	2026-09-23	2026-10-03	operations	19.0 - 22.0 USD per hour
Gerber Collision & Glass	gerbercollision.com	Collision	Estimator	Virginia Beach, Virginia, United States, Northern America, Americas	https://careers.boydgroup.com/search/jobdetails/estimator/6b2c87a4-3944-486c-991c-c679200f6542?ejd=Default	2026-09-23	2026-10-03	operations	70000 - 70000 USD per year
Gerber Collision & Glass	gerbercollision.com	Collision	Auto Body Technician (Flat Rate)	Paducah, Kentucky, United States, Northern America, Americas	https://careers.boydgroup.com/search/jobdetails/auto-body-technician-flat-rate/57e31086-9481-44ba-8e33-b2fb11c5add5?ejd=Default	2026-09-23	2026-10-03	manual_work	75000 - 75000 USD per year
Gerber Collision & Glass	gerbercollision.com	Collision	General Manager	Catonsville, Maryland, United States, Northern America, Americas	https://careers.boydgroup.com/search/jobdetails/general-manager/74cb6f34-a2e2-492b-bfb9-ee0df95f7b73?ejd=Default	2026-09-23	2026-10-03	management,operations	90000 - 100000 USD per year
Gerber Collision & Glass	gerbercollision.com	Collision	Auto Body Estimator	San Diego, California, United States, Northern America, Americas	https://careers.boydgroup.com/search/jobdetails/auto-body-estimator/2e364542-494d-402c-99e0-ba695a29e0f0?ejd=Default	2026-09-23	2026-10-03	operations	29 - 41 USD per hour
Gerber Collision & Glass	gerbercollision.com	Collision	Automotive Porter	Springdale, Arkansas, United States, Northern America, Americas	https://careers.boydgroup.com/search/jobdetails/automotive-porter/0ddafb9a-22d5-477c-84d3-000da87b7fec?ejd=Default	2026-09-22	2026-09-28	manual_work	$12.00 - $18.00 Hourly
Gerber Collision & Glass	gerbercollision.com	Collision	Estimator	Forney, Texas, United States, Northern America, Americas	https://careers.boydgroup.com/search/jobdetails/estimator/e92bdac6-211d-4626-a1dc-74a4c453c61f?ejd=Default	2026-09-22	2026-10-02	operations	55000 - 78000 USD per year
Gerber Collision & Glass	gerbercollision.com	Collision	Pre - TDP Trainee	Blue Springs, Missouri, United States, Northern America, Americas	https://careers.boydgroup.com/search/jobdetails/pre---tdp-trainee/1d58d33b-ab40-4653-89d4-288506ca1e57?ejd=Default	2026-09-22	2026-10-02	manual_work	18.0 - 21.0 USD per hour
Gerber Collision & Glass	gerbercollision.com	Collision	Auto Body Technician	Michigan, United States, Northern America, Americas	https://careers.boydgroup.com/search/jobdetails/auto-body-technician/a1bdbf20-650b-4585-ab68-6cef6d69075c?ejd=Default	2026-09-22	2026-10-02	manual_work	25.0 - 29.0 USD per hour
Gerber Collision & Glass	gerbercollision.com	Collision	General Manager	Rochester, New York, United States, Northern America, Americas	https://careers.boydgroup.com/search/jobdetails/general-manager/1deab311-9617-4a25-90b8-08ff478c6958?ejd=Default	2026-09-22	2026-10-02	management	75000 - 130000 USD per year
Gerber Collision & Glass	gerbercollision.com	Collision	Collision Estimator	Mooresville, North Carolina, United States, Northern America, Americas	https://careers.boydgroup.com/search/jobdetails/collision-estimator/9f84ca57-080a-4e28-94cc-e1316e948d9a?ejd=Default	2026-09-22	2026-10-02	operations	50000 - 150000 USD per year
Gerber Collision & Glass	gerbercollision.com	Collision	Collision CSR	Decatur, Alabama, United States, Northern America, Americas	https://careers.boydgroup.com/search/jobdetails/collision-csr/fc6af17e-02b5-42d9-b661-7b5403f0d947?ejd=Default	2026-09-22	2026-09-30	support,administration	15 - 22 USD per hour
Gerber Collision & Glass	gerbercollision.com	Collision	Auto Body Technician	Michigan, United States, Northern America, Americas	https://careers.boydgroup.com/search/jobdetails/auto-body-technician/b637d726-c740-4841-88d6-80e6e0bc089b?ejd=Default	2026-09-22	2026-10-02	manual_work	24.0 - 29.0 USD per hour
Gerber Collision & Glass	gerbercollision.com	Collision	Collision Parts Coordinator	Decatur, Alabama, United States, Northern America, Americas	https://careers.boydgroup.com/search/jobdetails/collision-parts-coordinator/c58ffe83-86c0-48a9-b00a-6d4d42dd2436?ejd=Default	2026-09-22	2026-09-30	operations	15 - 22 USD per hour
Gerber Collision & Glass	gerbercollision.com	Collision	Estimator	Maryland, United States, Northern America, Americas	https://careers.boydgroup.com/search/jobdetails/estimator/740b5a76-c96b-47f3-b5e3-448cffeca0ec?ejd=Default	2026-09-22	2026-10-04	operations	75000 - 75000 USD per year
Gerber Collision & Glass	gerbercollision.com	Collision	Auto Body Estimator	Las Vegas, Nevada, United States, Northern America, Americas	https://careers.boydgroup.com/search/jobdetails/auto-body-estimator/d41532c5-c3d2-4c77-8aac-420fb8e18bdb?ejd=Default	2026-09-22	2026-10-04	operations	55000 - 78000 USD per year
Gerber Collision & Glass	gerbercollision.com	Collision	Estimator in Training	Florence, South Carolina, United States, Northern America, Americas	https://careers.boydgroup.com/search/jobdetails/estimator-in-training/9e7fa6b3-605a-4b04-a78e-12bcb7a38e42?ejd=Default	2026-09-22	2026-09-28	operations	$18 - 23 / Hour
Gerber Collision & Glass	gerbercollision.com	Collision	Collision General Manager	Columbia, South Carolina, United States, Northern America, Americas	https://careers.boydgroup.com/search/jobdetails/collision-general-manager/125aee5e-1e09-47ba-bb77-1891c7a0b8e4?ejd=Default	2026-09-22	2026-10-04	management,operations	75000 - 120000 USD per year
Gerber Collision & Glass	gerbercollision.com	Collision	Estimator	Green Bay, Wisconsin, United States, Northern America, Americas	https://careers.boydgroup.com/search/jobdetails/estimator/6b18d0cd-ed22-490f-bff5-5d752736f763?ejd=Default	2026-09-22	2026-10-04	operations	46800 - 80000 USD per year
Gerber Collision & Glass	gerbercollision.com	Collision	Auto Body Technician	Lake Charles, Louisiana, United States, Northern America, Americas	https://careers.boydgroup.com/search/jobdetails/auto-body-technician/2b703672-017a-492c-847d-4317502a8226?ejd=Default	2026-09-22	2026-10-04	manual_work	23 - 32 USD per hour
Gerber Collision & Glass	gerbercollision.com	Collision	Auto Body Technician	Muncie, Indiana, United States, Northern America, Americas	https://careers.boydgroup.com/search/jobdetails/auto-body-technician/a5605c86-0ad2-4812-a8dc-1936aac5e4c9?ejd=Default	2026-09-22	2026-10-04	manual_work	24 - 29 USD per hour
Gerber Collision & Glass	gerbercollision.com	Collision	Auto Body Technician	Kenner, Louisiana, United States, Northern America, Americas	https://careers.boydgroup.com/search/jobdetails/auto-body-technician/06ec0891-1d8d-435d-858d-44b6a03551a9?ejd=Default	2026-09-22	2026-10-04	manual_work	21 - 32 USD per hour
Gerber Collision & Glass	gerbercollision.com	Collision	Auto Body Technician	North Carolina, United States, Northern America, Americas	https://careers.boydgroup.com/search/jobdetails/auto-body-technician/214f50d4-f993-453b-b647-8e209a1cf371?ejd=Default	2026-09-21	2026-09-23	healthcare_services,manual_work	FLAT RATEEstimated $50,000 - 100,000 / Year
Gerber Collision & Glass	gerbercollision.com	Collision	Auto Body Technician	Mills River, North Carolina, United States, Northern America, Americas	https://careers.boydgroup.com/search/jobdetails/auto-body-technician/b8801d89-a877-4020-b126-566d288567b5?ejd=Default	2026-09-21	2026-09-27	healthcare_services,manual_work	Estimated $50,000 - 100,000 / Year
Gerber Collision & Glass	gerbercollision.com	Collision	Auto Body Technician	Morganton, North Carolina, United States, Northern America, Americas	https://careers.boydgroup.com/search/jobdetails/auto-body-technician/67fa4479-42c1-4f49-9246-d16c3d9d3b97?ejd=Default	2026-09-21	2026-09-27	healthcare_services,manual_work	Estimated $50,000 - 150,000 / Year
Gerber Collision & Glass	gerbercollision.com	Collision	Temporary Porter	Portland, OR	https://www.linkedin.com/jobs/view/4458911673/	2026-09-20	2026-10-03	manual_work	
Gerber Collision & Glass	gerbercollision.com	Collision	Collision Parts Coordinator	Zephyrhills, Florida, United States, Northern America, Americas	https://careers.boydgroup.com/search/jobdetails/collision-parts-coordinator/d510963a-ea60-4dac-86f3-12a02cef5204?ejd=Default	2026-09-20	2026-09-23	operations,manual_work	$15- $20 / Hour
Gerber Collision & Glass	gerbercollision.com	Collision	Collision Estimator In Training	Naples, Florida, United States, Northern America, Americas	https://careers.boydgroup.com/search/jobdetails/collision-estimator-in-training/45b732f9-8b6c-4a62-8c1a-188d31f31731?ejd=Default	2026-09-20	2026-09-21	healthcare_services,operations	$19- $26 / Hour
Gerber Collision & Glass	gerbercollision.com	Collision	Collision Production Manager	Madison, Wisconsin, United States, Northern America, Americas	https://careers.boydgroup.com/search/jobdetails/collision-production-manager/2c57941c-cfa7-4374-ab35-1d526a90e4cd?ejd=Default	2026-09-20	2026-10-03	operations	50000 - 70000 USD per year
Gerber Collision & Glass	gerbercollision.com	Collision	Auto Body Collision	Madison, Wisconsin, United States, Northern America, Americas	https://careers.boydgroup.com/search/jobdetails/auto-body-collision/5641ffe9-e2bb-4127-a5c8-268dffa6c548?ejd=Default	2026-09-20	2026-10-03	manual_work	70000 - 125000 USD per year
Gerber Collision & Glass	gerbercollision.com	Collision	Refinish Technician	Madison, Wisconsin, United States, Northern America, Americas	https://careers.boydgroup.com/search/jobdetails/refinish-technician/e67febdd-dc4b-420a-b09a-31af12c3c833?ejd=Default	2026-09-20	2026-10-03	manual_work	50000 - 100000 USD per year
Gerber Collision & Glass	gerbercollision.com	Collision	Auto Body Technician (Flat Rate)	Louisville, Kentucky, United States, Northern America, Americas	https://careers.boydgroup.com/search/jobdetails/auto-body-technician-flat-rate/bbb1d1d5-7cb3-4c1c-9ac7-abd13e0f812c?ejd=Default	2026-09-18	2026-10-04	manual_work	75000 - 75000 USD per year
Gerber Collision & Glass	gerbercollision.com	Collision	Collision Estimator	Holly Springs, North Carolina, United States, Northern America, Americas	https://careers.boydgroup.com/search/jobdetails/collision-estimator/93f0dae3-34eb-40f7-a904-21d82612e601?ejd=Default	2026-09-18	2026-10-04	operations	50000 - 100000 USD per year
Gerber Collision & Glass	gerbercollision.com	Collision	Collision Estimator	Cary, North Carolina, United States, Northern America, Americas	https://careers.boydgroup.com/search/jobdetails/collision-estimator/044006ed-44ec-436c-8d20-ea72084959dc?ejd=Default	2026-09-18	2026-10-04	operations	50000 - 100000 USD per year
Gerber Collision & Glass	gerbercollision.com	Collision	Auto Body Technician	Buffalo Grove, Illinois, United States, Northern America, Americas	https://careers.boydgroup.com/search/jobdetails/auto-body-technician/da985c0a-628f-47fe-ad1e-46bda3ff5cef?ejd=Default	2026-09-18	2026-10-04	manual_work	70000 - 160000 USD per year
Gerber Collision & Glass	gerbercollision.com	Collision	Parts Coordinator (Hrly)	Atlanta, Georgia, United States, Northern America, Americas	https://careers.boydgroup.com/search/jobdetails/parts-coordinator-hrly/76513872-bdf5-4afa-9632-ad63dee2a455?ejd=Default	2026-09-18	2026-10-04	operations	16 - 23 USD per hour
Gerber Collision & Glass	gerbercollision.com	Collision	Refinish Technician (Flat Rate)	Louisville, Kentucky, United States, Northern America, Americas	https://careers.boydgroup.com/search/jobdetails/refinish-technician-flat-rate/a2f8d584-2e1b-4b30-b088-ecf997866d8f?ejd=Default	2026-09-18	2026-10-04	manual_work	75000 - 75000 USD per year
Gerber Collision & Glass	gerbercollision.com	Collision	Body Technician (Flat Rate)	Panama City, Florida, United States, Northern America, Americas	https://careers.boydgroup.com/search/jobdetails/body-technician-flat-rate/63ec7c6c-5279-42e7-96ba-184e2fc1c9c5?ejd=Default	2026-09-18	2026-10-04	manual_work	20 - 30 USD per hour
Gerber Collision & Glass	gerbercollision.com	Collision	Collision Parts Coordinator/Porter	Manistee, Michigan, United States, Northern America, Americas	https://careers.boydgroup.com/search/jobdetails/collision-parts-coordinatorporter/a4908120-5f51-4f3d-8dc9-bcde6a9c676a?ejd=Default	2026-09-18	2026-10-02	operations,support	16.0 - 20.0 USD per hour
Gerber Collision & Glass	gerbercollision.com	Collision	Collision Estimator	Michigan, United States, Northern America, Americas	https://careers.boydgroup.com/search/jobdetails/collision-estimator/474dfcc4-6833-4fb1-916d-c5700dd576a0?ejd=Default	2026-09-18	2026-10-02	operations	50000 - 100000 USD per year
Gerber Collision & Glass	gerbercollision.com	Collision	Collision Production Manager	Ruskin, Florida, United States, Northern America, Americas	https://careers.boydgroup.com/search/jobdetails/collision-production-manager/ec173a0e-3ab3-4f29-9057-ede1dc53e625?ejd=Default	2026-09-18	2026-09-20	management,operations	$55,000 - $75,000 / Year
Gerber Collision & Glass	gerbercollision.com	Collision	Auto Body Technician	Wilmington, North Carolina, United States, Northern America, Americas	https://careers.boydgroup.com/search/jobdetails/auto-body-technician/46fbb494-8501-46ea-bba6-51c1560373ea?ejd=Default	2026-09-18	2026-10-02	manual_work	50000 - 150000 USD per year
Gerber Collision & Glass	gerbercollision.com	Collision	Painter Prepper	Carrollton, Texas, United States, Northern America, Americas	https://careers.boydgroup.com/search/jobdetails/painter-prepper/97fa6831-9231-4d71-9562-505c3390378a?ejd=Default	2026-09-18	2026-09-30	manual_work	18 - 21 USD per hour
Gerber Collision & Glass	gerbercollision.com	Collision	Estimator	Shelbyville, Kentucky, United States, Northern America, Americas	https://careers.boydgroup.com/search/jobdetails/estimator/759de776-48f2-4f09-b0da-bf794c6d0b69?ejd=Default	2026-09-17	2026-09-17	finance,operations,sales	
Gerber Collision & Glass	gerbercollision.com	Collision	Auto Body Technician (Flat Rate)	Manchester, Tennessee, United States, Northern America, Americas	https://careers.boydgroup.com/search/jobdetails/auto-body-technician-flat-rate/d925fc4a-825f-446b-90ee-8d523dc24011?ejd=Default	2026-09-17	2026-09-27	manual_work	
Gerber Collision & Glass	gerbercollision.com	Collision	Auto Body Technician	Yukon, Oklahoma, United States, Northern America, Americas	https://careers.boydgroup.com/search/jobdetails/auto-body-technician/14621a1e-543f-42cc-a0d4-c2d98ab39a9a?ejd=Default	2026-09-17	2026-10-04	healthcare_services,manual_work	$21.00 - $30.00 Flat Rate
Gerber Collision & Glass	gerbercollision.com	Collision	Auto Body Technician	Shreveport, Louisiana, United States, Northern America, Americas	https://careers.boydgroup.com/search/jobdetails/auto-body-technician/c6cf5f9f-3387-42fe-986c-4ffaf46ee79c?ejd=Default	2026-09-17	2026-10-04	healthcare_services,manual_work	$21 - $30 / Hour Flat Rate
Gerber Collision & Glass	gerbercollision.com	Collision	Collision Estimator	Northville, Michigan, United States, Northern America, Americas	https://careers.boydgroup.com/search/jobdetails/collision-estimator/8319ee31-b36b-42a2-827e-b98221426839?ejd=Default	2026-09-17	2026-10-04	operations	50000 - 100000 USD per year
Gerber Collision & Glass	gerbercollision.com	Collision	Collision Estimator	Rochester, Michigan, United States, Northern America, Americas	https://careers.boydgroup.com/search/jobdetails/collision-estimator/5181e497-a891-4af2-9f70-a4cb12119e33?ejd=Default	2026-09-17	2026-09-27	operations,sales	$50,000 - $100,000/annually
Gerber Collision & Glass	gerbercollision.com	Collision	Collision Estimator	Dallas, Texas, United States, Northern America, Americas	https://careers.boydgroup.com/search/jobdetails/collision-estimator/aef6d243-7752-42a3-a801-5d2503e36f2a?ejd=Default	2026-09-17	2026-09-27	operations	60000 - 85000 USD per year
Gerber Collision & Glass	gerbercollision.com	Collision	Parts Coordinator	Glenwood Springs, Colorado, United States, Northern America, Americas	https://careers.boydgroup.com/search/jobdetails/parts-coordinator/3c35362f-b236-48bd-9184-3f461c7d6531?ejd=Default	2026-09-17	2026-10-03	operations	16 - 23 USD per hour
Gerber Collision & Glass	gerbercollision.com	Collision	Refinish Technician	Baton Rouge, Louisiana, United States, Northern America, Americas	https://careers.boydgroup.com/search/jobdetails/refinish-technician/04b2c873-841c-41d5-8324-5c14aeb1935e?ejd=Default	2026-09-17	2026-10-03	manual_work	20 - 30 USD per hour
Gerber Collision & Glass	gerbercollision.com	Collision	Collision Estimator	North Richland Hills, Texas, United States, Northern America, Americas	https://careers.boydgroup.com/search/jobdetails/collision-estimator/2977ba28-b003-4fcd-ab3b-5283a3da683f?ejd=Default	2026-09-17	2026-10-03	operations	55000 - 78000 USD per year
Gerber Collision & Glass	gerbercollision.com	Collision	Auto Body Technician	Dayton, Ohio, United States, Northern America, Americas	https://careers.boydgroup.com/search/jobdetails/auto-body-technician/238f69f3-fbaf-4159-91d5-6bd8e7f8d744?ejd=Default	2026-09-16	2026-10-03	manual_work	65000 - 125000 USD per year
Gerber Collision & Glass	gerbercollision.com	Collision	Auto Body Technician	Pueblo, Colorado, United States, Northern America, Americas	https://careers.boydgroup.com/search/jobdetails/auto-body-technician/e5b93a79-c597-425f-8100-17d4c8b7f75a?ejd=Default	2026-09-16	2026-09-20	healthcare_services,manual_work	$21 - 30 / Hour Flat Rate
Gerber Collision & Glass	gerbercollision.com	Collision	Auto Body Technician	Michigan, United States, Northern America, Americas	https://careers.boydgroup.com/search/jobdetails/auto-body-technician/2386dbd0-b7ee-4654-8247-35bb2d4e7273?ejd=Default	2026-09-16	2026-10-03	manual_work	24.0 - 28.0 USD per hour
Gerber Collision & Glass	gerbercollision.com	Collision	Collision Estimator	Orem, Utah, United States, Northern America, Americas	https://careers.boydgroup.com/search/jobdetails/collision-estimator/93b4d83e-2ccb-4fa3-9c62-7ec612849fb8?ejd=Default	2026-09-16	2026-10-03	operations	55000 - 78000 USD per year
Gerber Collision & Glass	gerbercollision.com	Collision	Pre - TDP Trainee	Watertown, New York, United States, Northern America, Americas	https://careers.boydgroup.com/search/jobdetails/pre---tdp-trainee/8b24900e-f45a-4e87-bc5e-0f8e3cc3440c?ejd=Default	2026-09-16	2026-09-16	healthcare_services	$15.00-$18.00/ Hour
Gerber Collision & Glass	gerbercollision.com	Collision	Parts Coordinator	Starkville, Mississippi, United States, Northern America, Americas	https://careers.boydgroup.com/search/jobdetails/parts-coordinator/b700e86f-e6ec-4dd2-87da-7f70e647b1e7?ejd=Default	2026-09-16	2026-09-29	operations	14 - 22 USD per hour
Gerber Collision & Glass	gerbercollision.com	Collision	Auto Body Technician	Madison, Wisconsin, United States, Northern America, Americas	https://careers.boydgroup.com/search/jobdetails/auto-body-technician/cf3b7a56-ec47-451b-a6f2-05e2b0b67b74?ejd=Default	2026-09-16	2026-10-03	manual_work	70000 - 125000 USD per year
Gerber Collision & Glass	gerbercollision.com	Collision	Auto Body Technician	Pelham, Alabama, United States, Northern America, Americas	https://careers.boydgroup.com/search/jobdetails/auto-body-technician/080a5a4a-49f9-49cf-bad8-0c1653492fda?ejd=Default	2026-09-16	2026-10-03	manual_work	21 - 32 USD per hour
Gerber Collision & Glass	gerbercollision.com	Collision	Refinish Technician	Madison, Wisconsin, United States, Northern America, Americas	https://careers.boydgroup.com/search/jobdetails/refinish-technician/0e26a2b3-6382-4e7a-a5b9-017058c724ce?ejd=Default	2026-09-16	2026-09-27	manual_work	50000 - 100000 USD per year
Gerber Collision & Glass	gerbercollision.com	Collision	Auto Collision Parts Coordinator	Leesburg, Florida, United States, Northern America, Americas	https://careers.boydgroup.com/search/jobdetails/auto-collision-parts-coordinator/74ac0e72-ab90-4d02-8ef8-edee1132c7d7?ejd=Default	2026-09-16	2026-09-24	operations	15 - 20 USD per hour
Gerber Collision & Glass	gerbercollision.com	Collision	Collision Estimator	Lenexa, Kansas, United States, Northern America, Americas	https://careers.boydgroup.com/search/jobdetails/collision-estimator/1c4128bb-e3a1-4b24-a998-8a21b08c7814?ejd=Default	2026-09-16	2026-10-02	operations	55000 - 78000 USD per year
Gerber Collision & Glass	gerbercollision.com	Collision	Auto Body Technician (Flat Rate)	Boonville, Indiana, United States, Northern America, Americas	https://careers.boydgroup.com/search/jobdetails/auto-body-technician-flat-rate/9f96f52e-0a27-4f80-9170-6dc56063ceb2?ejd=Default	2026-09-16	2026-09-28	manual_work	75000 - 75000 USD per year
Gerber Collision & Glass	gerbercollision.com	Collision	Auto Collision Estimator	Sanford, Florida, United States, Northern America, Americas	https://careers.boydgroup.com/search/jobdetails/auto-collision-estimator/ba800ce4-9ced-4317-a04b-59f6df6a3793?ejd=Default	2026-09-16	2026-09-28	operations	49000 - 70000 USD per year
Gerber Collision & Glass	gerbercollision.com	Collision	Auto Refinish Technician / Auto Body Painter	Aurora, Illinois, United States, Northern America, Americas	https://careers.boydgroup.com/search/jobdetails/auto-refinish-technician--auto-body-painter/ffd504a5-80a2-49db-af94-cd3a54ccffcd?ejd=Default	2026-09-16	2026-09-30	manual_work	65000 - 165000 USD per year
Gerber Collision & Glass	gerbercollision.com	Collision	Auto Body Technician	Huntsville, Alabama, United States, Northern America, Americas	https://careers.boydgroup.com/search/jobdetails/auto-body-technician/62cfaa4e-4cd9-470f-b3b5-b617b449a284?ejd=Default	2026-09-16	2026-10-02	manual_work	20 - 32 USD per hour
Gerber Collision & Glass	gerbercollision.com	Collision	Collision Market Manager	Grand Rapids, Michigan, United States, Northern America, Americas	https://careers.boydgroup.com/search/jobdetails/collision-market-manager/e43c306f-b12a-4e7a-96e7-4620f39d4c6b?ejd=Default	2026-09-16	2026-10-02	management,operations	130000 - 150000 USD per year
Gerber Collision & Glass	gerbercollision.com	Collision	Auto Collision Estimator	Zachary, Louisiana, United States, Northern America, Americas	https://careers.boydgroup.com/search/jobdetails/auto-collision-estimator/f0ea5f1e-9f0f-4959-a6c5-501b962e1d45?ejd=Default	2026-09-16	2026-10-02	operations	49000 - 70000 USD per year
Gerber Collision & Glass	gerbercollision.com	Collision	Collision Auto Body Technician	Opelika, Alabama, United States, Northern America, Americas	https://careers.boydgroup.com/search/jobdetails/collision-auto-body-technician/f5ff30f4-fa81-4d23-9bb7-533e9402daa6?ejd=Default	2026-09-16	2026-09-22	manual_work	$20 - $29 / Hour Flat Rate
Gerber Collision & Glass	gerbercollision.com	Collision	Collision Parts Coordinator	Tampa, Florida, United States, Northern America, Americas	https://careers.boydgroup.com/search/jobdetails/collision-parts-coordinator/b0eeded9-2504-4f25-9773-b627f05b4d1e?ejd=Default	2026-09-16	2026-09-20	operations,manual_work	$15 - $20/ Hour
Gerber Collision & Glass	gerbercollision.com	Collision	Estimator	Pennsylvania, United States, Northern America, Americas	https://careers.boydgroup.com/search/jobdetails/estimator/6baa66ba-8c4b-4248-b259-c33537bfbbe9?ejd=Default	2026-09-16	2026-10-02	operations	60000 - 100000 USD per year
Gerber Collision & Glass	gerbercollision.com	Collision	Prepper (Flat Rate)	Essex, Maryland, United States, Northern America, Americas	https://careers.boydgroup.com/search/jobdetails/prepper-flat-rate/83033a68-1e39-4956-ad01-a2427796e009?ejd=Default	2026-09-16	2026-09-20	finance,manual_work	$17.00-$20.00 per hour depending on experience
Gerber Collision & Glass	gerbercollision.com	Collision	Auto Collision General Manager	Inverness, Florida, United States, Northern America, Americas	https://careers.boydgroup.com/search/jobdetails/auto-collision-general-manager/72f479f3-2be0-4072-93b9-f3caf1612846?ejd=Default	2026-09-16	2026-10-02	management,operations	75000 - 105000 USD per year
Gerber Collision & Glass	gerbercollision.com	Collision	Estimator in Training	Lee's Summit, Missouri, United States, Northern America, Americas	https://careers.boydgroup.com/search/jobdetails/estimator-in-training/7ee555cc-a28f-4118-ac99-146bec965645?ejd=Default	2026-09-16	2026-10-02	operations	19.0 - 27.0 USD per hour
Gerber Collision & Glass	gerbercollision.com	Collision	Collision Auto Body Technician	Huntsville, Alabama, United States, Northern America, Americas	https://careers.boydgroup.com/search/jobdetails/collision-auto-body-technician/23bcb3db-86fd-43fd-aad1-f2ed245200e3?ejd=Default	2026-09-16	2026-10-02	manual_work	23 - 32 USD per hour
Gerber Collision & Glass	gerbercollision.com	Collision	Porter	Princeton, Texas, United States, Northern America, Americas	https://careers.boydgroup.com/search/jobdetails/porter/a1cb35a3-2efa-49ea-93c0-0e534076d016?ejd=Default	2026-09-16	2026-10-02	manual_work	15 - 18 USD per hour
Gerber Collision & Glass	gerbercollision.com	Collision	CSR	Kahului, Hawaii, United States, Northern America, Americas	https://careers.boydgroup.com/search/jobdetails/csr/4bd1ff59-4366-4d6d-ab9a-58e08f8360be?ejd=Default	2026-09-16	2026-10-02	support,administration	17.5 - 24.5 USD per hour
Gerber Collision & Glass	gerbercollision.com	Collision	Automotive Porter	Wichita, Kansas, United States, Northern America, Americas	https://careers.boydgroup.com/search/jobdetails/automotive-porter/355a77c7-3d9d-4f69-9fef-b57f4a11f4bc?ejd=Default	2026-09-16	2026-10-02	manual_work	12.0 - 18.0 USD per hour
Gerber Collision & Glass	gerbercollision.com	Collision	CSR	Springfield, Virginia, United States, Northern America, Americas	https://careers.boydgroup.com/search/jobdetails/csr/081ba071-a7a4-4e3f-a429-9d6a881bbbe1?ejd=Default	2026-09-16	2026-10-02	support,administration	20.0 - 22.0 USD per hour
Gerber Collision & Glass	gerbercollision.com	Collision	Porter	Mesquite, Texas, United States, Northern America, Americas	https://careers.boydgroup.com/search/jobdetails/porter/5d18f291-f02b-4be7-8323-a92d684ab8c2?ejd=Default	2026-09-16	2026-10-02	manual_work	15 - 20 USD per hour
Gerber Collision & Glass	gerbercollision.com	Collision	Auto Collision Porter/Detailer	Port Neches, Texas, United States, Northern America, Americas	https://careers.boydgroup.com/search/jobdetails/auto-collision-porterdetailer/9762c521-8864-4dfa-911a-43a0d89c719a?ejd=Default	2026-09-16	2026-09-30	manual_work	15 - 18 USD per hour
Gerber Collision & Glass	gerbercollision.com	Collision	General Manager (NEW SHOP!)	Dayton, Ohio, United States, Northern America, Americas	https://careers.boydgroup.com/search/jobdetails/general-manager-new-shop/63be144b-765c-4b92-8fed-3210683a4568?ejd=Default	2026-09-16	2026-10-02	management	75000 - 105000 USD per year
Gerber Collision & Glass	gerbercollision.com	Collision	Estimator	Columbus, Ohio, United States, Northern America, Americas	https://careers.boydgroup.com/search/jobdetails/estimator/0bb58f15-47c1-4e08-9375-63d76fc8d09c?ejd=Default	2026-09-16	2026-10-02	operations	65000 - 90000 USD per year
Gerber Collision & Glass	gerbercollision.com	Collision	Collision Estimator	Harvey, Louisiana, United States, Northern America, Americas	https://careers.boydgroup.com/search/jobdetails/collision-estimator/8f696c5d-ce0a-491c-b83c-4ca8c459e69a?ejd=Default	2026-09-16	2026-09-30	operations	
Gerber Collision & Glass	gerbercollision.com	Collision	Collision Estimator	Auburn, Alabama, United States, Northern America, Americas	https://careers.boydgroup.com/search/jobdetails/collision-estimator/c256725b-79b8-4b27-bb40-d54b6dc79210?ejd=Default	2026-09-16	2026-09-20	operations,sales	Estimated $48,000 - $70,000 / Year
Gerber Collision & Glass	gerbercollision.com	Collision	Auto Body Technician	Auburn, Alabama, United States, Northern America, Americas	https://careers.boydgroup.com/search/jobdetails/auto-body-technician/83d85584-a4dd-4a9d-84f6-cdb9d90f9cb8?ejd=Default	2026-09-16	2026-09-20	healthcare_services,manual_work	$20 - $32 / Hour Flat Rate
Gerber Collision & Glass	gerbercollision.com	Collision	Collision Customer Service Rep	Auburn, Alabama, United States, Northern America, Americas	https://careers.boydgroup.com/search/jobdetails/collision-customer-service-rep/98108986-b9a6-47be-8d26-2e860d436f12?ejd=Default	2026-09-16	2026-09-18	support,manual_work	$16- $22 / Hour Compensation is commensurate with skill
Gerber Collision & Glass	gerbercollision.com	Collision	Auto Collision CSR	Daphne, Alabama, United States, Northern America, Americas	https://careers.boydgroup.com/search/jobdetails/auto-collision-csr/20cf4213-5d1f-42f9-93d6-d04833a60408?ejd=Default	2026-09-16	2026-09-16	manual_work	$16 - $21 / Hour Compensation is commensurate with skill
Gerber Collision & Glass	gerbercollision.com	Collision	Estimator	Cedar Rapids, Iowa, United States, Northern America, Americas	https://careers.boydgroup.com/search/jobdetails/estimator/de64710e-3239-430f-b711-9d05972deed6?ejd=Default	2026-09-16	2026-09-16	finance,operations,sales	$46,800 - 80,000+ / year based on experience
Gerber Collision & Glass	gerbercollision.com	Collision	Collision Refinish Technician	Prattville, Alabama, United States, Northern America, Americas	https://careers.boydgroup.com/search/jobdetails/collision-refinish-technician/0f8ed99f-e558-47a0-88f5-4d1f81fe7580?ejd=Default	2026-09-16	2026-09-16	healthcare_services,manual_work	$20 - $30 / Hour Flat Rate
Gerber Collision & Glass	gerbercollision.com	Collision	Collision Estimator	Livonia, Michigan, United States, Northern America, Americas	https://careers.boydgroup.com/search/jobdetails/collision-estimator/16896d27-6afd-4ade-a845-cc64ccae93ee?ejd=Default	2026-09-16	2026-09-22	operations,sales	$50,000 - $100,000/annually
Gerber Collision & Glass	gerbercollision.com	Collision	Refinish Technician	Brandon, Mississippi, United States, Northern America, Americas	https://careers.boydgroup.com/search/jobdetails/refinish-technician/4615c018-2f73-4bb3-b420-99f2ca2a53da?ejd=Default	2026-09-16	2026-09-18	healthcare_services,manual_work	$20 - $30 / Hour Flat Rate
Gerber Collision & Glass	gerbercollision.com	Collision	Refinish Technician	Las Vegas, Nevada, United States, Northern America, Americas	https://careers.boydgroup.com/search/jobdetails/refinish-technician/1637dff2-7d1c-4802-979b-8dd69927e087?ejd=Default	2026-09-16	2026-09-28	manual_work	23 - 32 USD per hour
Gerber Collision & Glass	gerbercollision.com	Collision	Collision CSR	Round Rock, Texas, United States, Northern America, Americas	https://careers.boydgroup.com/search/jobdetails/collision-csr/2a9a9d76-666d-454a-a031-8c155e34d999?ejd=Default	2026-09-16	2026-10-02	support,administration	14.5 - 20.0 USD per hour
Gerber Collision & Glass	gerbercollision.com	Collision	Manager in Training	Plainfield, Illinois, United States, Northern America, Americas	https://careers.boydgroup.com/search/jobdetails/manager-in-training/87294334-fe6e-487e-91ca-ed01b6aff1c4?ejd=Default	2026-09-16	2026-10-02	management	70000 - 95000 USD per year
Gerber Collision & Glass	gerbercollision.com	Collision	Auto Body Technician	Michigan, United States, Northern America, Americas	https://careers.boydgroup.com/search/jobdetails/auto-body-technician/4579737a-695c-481d-87b9-804058b0717d?ejd=Default	2026-09-15	2026-10-04	manual_work	24.0 - 28.0 USD per hour
Gerber Collision & Glass	gerbercollision.com	Collision	Collision Parts Coordinator	Palm Bay, Florida, United States, Northern America, Americas	https://careers.boydgroup.com/search/jobdetails/collision-parts-coordinator/22dae0dd-ee8d-4fe5-bb3c-163b978a967b?ejd=Default	2026-09-15	2026-10-02	operations	15 - 20 USD per hour
Gerber Collision & Glass	gerbercollision.com	Collision	Estimator In Training	Fairfield, Ohio, United States, Northern America, Americas	https://careers.boydgroup.com/search/jobdetails/estimator-in-training/80161e2a-baea-4bbc-9d6f-d65b7576e62a?ejd=Default	2026-09-15	2026-10-04	operations	16 - 22 USD per hour
Gerber Collision & Glass	gerbercollision.com	Collision	Collision Refinish Prepper	Hudsonville, Michigan, United States, Northern America, Americas	https://careers.boydgroup.com/search/jobdetails/collision-refinish-prepper/b93284c7-5e25-4371-975b-363672b56920?ejd=Default	2026-09-15	2026-10-04	manual_work	18.0 - 20.0 USD per hour
Gerber Collision & Glass	gerbercollision.com	Collision	Collision Estimator	Tampa, Florida, United States, Northern America, Americas	https://careers.boydgroup.com/search/jobdetails/collision-estimator/8bb3990c-83d4-42a3-abd3-0dea3ec32310?ejd=Default	2026-09-15	2026-10-04	operations	55000 - 77000 USD per year
Gerber Collision & Glass	gerbercollision.com	Collision	Auto Body Technician	Lansing, Michigan, United States, Northern America, Americas	https://careers.boydgroup.com/search/jobdetails/auto-body-technician/60e5d8dc-63e8-420e-98e8-4f1ab22eeaa7?ejd=Default	2026-09-15	2026-10-04	manual_work	25.0 - 30.0 USD per hour
Gerber Collision & Glass	gerbercollision.com	Collision	Auto Body Technician	Clawson, Michigan, United States, Northern America, Americas	https://careers.boydgroup.com/search/jobdetails/auto-body-technician/cd032ef0-3657-4df8-8078-3116b7c923f2?ejd=Default	2026-09-15	2026-10-04	manual_work	24.0 - 29.0 USD per hour
Gerber Collision & Glass	gerbercollision.com	Collision	Auto Body Technician	Flint, Michigan, United States, Northern America, Americas	https://careers.boydgroup.com/search/jobdetails/auto-body-technician/92ce5122-b57f-4194-bf7a-359cfc2b861e?ejd=Default	2026-09-15	2026-10-04	manual_work	24.0 - 28.0 USD per hour
Gerber Collision & Glass	gerbercollision.com	Collision	Automotive Mobile ADAS Technician	San Bernardino, California, United States, Northern America, Americas	https://careers.boydgroup.com/search/jobdetails/automotive-mobile-adas-technician/1721d9ab-6c39-456e-be67-198c629fd112?ejd=Default	2026-09-15	2026-10-04	engineering,manual_work	60000 - 95000 USD per year
Gerber Collision & Glass	gerbercollision.com	Collision	General Manager	Syracuse, New York, United States, Northern America, Americas	https://careers.boydgroup.com/search/jobdetails/general-manager/38adcce9-53f3-4ab5-a425-e78b15a0de96?ejd=Default	2026-09-15	2026-10-04	management,operations	70000 - 120000 USD per year
Gerber Collision & Glass	gerbercollision.com	Collision	Refinish Prepper	Georgia, United States, Northern America, Americas	https://careers.boydgroup.com/search/jobdetails/refinish-prepper/4944b001-22dd-44ab-80ef-dee7c25efc1e?ejd=Default	2026-09-15	2026-10-04	manual_work	16 - 23 USD per hour
Gerber Collision & Glass	gerbercollision.com	Collision	Collision Estimator	Hudson, Wisconsin, United States, Northern America, Americas	https://careers.boydgroup.com/search/jobdetails/collision-estimator/586e03ad-f1d9-433f-b7ef-42a87a764df6?ejd=Default	2026-09-14	2026-09-16	operations,sales	$46,800 - 80,000+ / year based on experience
Gerber Collision & Glass	gerbercollision.com	Collision	Auto Body Technician	Sanford, North Carolina, United States, Northern America, Americas	https://careers.boydgroup.com/search/jobdetails/auto-body-technician/412f66ee-d417-439d-849c-f2b70346992c?ejd=Default	2026-09-14	2026-09-22	manual_work	50000 - 150000 USD per year
Gerber Collision & Glass	gerbercollision.com	Collision	Parts Coordinator	Destin, Florida, United States, Northern America, Americas	https://careers.boydgroup.com/search/jobdetails/parts-coordinator/ecfb54e7-1182-491b-9ac5-83d70ca9635c?ejd=Default	2026-09-14	2026-10-03	operations	15 - 22 USD per hour
Gerber Collision & Glass	gerbercollision.com	Collision	Collision CSR	Kenner, Louisiana, United States, Northern America, Americas	https://careers.boydgroup.com/search/jobdetails/collision-csr/150da14e-6c42-485a-b5c8-a8cb0c1b6845?ejd=Default	2026-09-14	2026-10-01	support,administration	15 - 22 USD per hour
Gerber Collision & Glass	gerbercollision.com	Collision	Production Manager	Gardendale, Alabama, United States, Northern America, Americas	https://careers.boydgroup.com/search/jobdetails/production-manager/37d608bb-507c-47fa-ae78-d91715202a5f?ejd=Default	2026-09-14	2026-10-03	operations	50000 - 90000 USD per year
Gerber Collision & Glass	gerbercollision.com	Collision	Auto Body Technician	Gaffney, South Carolina, United States, Northern America, Americas	https://careers.boydgroup.com/search/jobdetails/auto-body-technician/9237ba07-1cfd-4211-b504-5a14ff3e309a?ejd=Default	2026-09-14	2026-10-03	manual_work	50000 - 150000 USD per year
Gerber Collision & Glass	gerbercollision.com	Collision	Estimator In Training	Panama City, Florida, United States, Northern America, Americas	https://careers.boydgroup.com/search/jobdetails/estimator-in-training/8aa7d07b-a05b-4670-936b-ba395066d8fe?ejd=Default	2026-09-14	2026-10-03	operations,sales	16 - 23 USD per hour
Gerber Collision & Glass	gerbercollision.com	Collision	Collision Estimator	Raleigh, North Carolina, United States, Northern America, Americas	https://careers.boydgroup.com/search/jobdetails/collision-estimator/031df57f-1c92-4c10-8070-b3e48ba0b591?ejd=Default	2026-09-14	2026-10-03	operations	50000 - 100000 USD per year
Gerber Collision & Glass	gerbercollision.com	Collision	Refinish Technician (Flat Rate)	Bristol, Virginia, United States, Northern America, Americas	https://careers.boydgroup.com/search/jobdetails/refinish-technician-flat-rate/76fc0d49-e45f-4ca3-9604-010d355e0b0c?ejd=Default	2026-09-14	2026-09-24	manual_work	75000 - 75000 USD per year
Gerber Collision & Glass	gerbercollision.com	Collision	Collision General Manager	Port Neches, Texas, United States, Northern America, Americas	https://careers.boydgroup.com/search/jobdetails/collision-general-manager/269f6df1-e245-4476-85ec-5b79cf749610?ejd=Default	2026-09-14	2026-09-20	management,operations	$74,000 - $106,000 / Year
Gerber Collision & Glass	gerbercollision.com	Collision	Auto Collision Estimator	Orange Park, Florida, United States, Northern America, Americas	https://careers.boydgroup.com/search/jobdetails/auto-collision-estimator/4c5d754b-b7a4-4787-ae00-3e0664059849?ejd=Default	2026-09-14	2026-09-24	operations,support	49000 - 70000 USD per year
Gerber Collision & Glass	gerbercollision.com	Collision	Technical Trainer	Fredericksburg, VA	https://www.linkedin.com/jobs/view/4459485939/	2026-09-14	2026-10-03	education	
Gerber Collision & Glass	gerbercollision.com	Collision	Collision Estimator	Birmingham, Alabama, United States, Northern America, Americas	https://careers.boydgroup.com/search/jobdetails/collision-estimator/6312b558-8fb2-4fa9-a1fe-30ba0eedd9d6?ejd=Default	2026-09-13	2026-10-03	operations	60000 - 130000 USD per year
Gerber Collision & Glass	gerbercollision.com	Collision	Auto Body Technician	Killeen, Texas, United States, Northern America, Americas	https://careers.boydgroup.com/search/jobdetails/auto-body-technician/6422b8a3-8938-4e3b-acf7-7f22238c93df?ejd=Default	2026-09-12	2026-09-14	healthcare_services,manual_work	Pay ranges $90,000 to $150,000 +
Gerber Collision & Glass	gerbercollision.com	Collision	Auto Collision Body Technician	Longwood, Florida, United States, Northern America, Americas	https://careers.boydgroup.com/search/jobdetails/auto-collision-body-technician/8b31fdba-50c5-4134-abaa-89a158d5cffa?ejd=Default	2026-09-12	2026-09-24	manual_work	21.0 - 28.0 USD per hour
Gerber Collision & Glass	gerbercollision.com	Collision	Collision Estimator	Novi, Michigan, United States, Northern America, Americas	https://careers.boydgroup.com/search/jobdetails/collision-estimator/7d979abc-f417-4814-9c25-80aa0b3ce0b0?ejd=Default	2026-09-12	2026-10-03	operations	50000 - 100000 USD per year
Gerber Collision & Glass	gerbercollision.com	Collision	Technical Trainer	Orlando, FL	https://www.linkedin.com/jobs/view/4464582384/	2026-09-12	2026-10-03	education	
Gerber Collision & Glass	gerbercollision.com	Collision	Customer Service Representative	New York, New York, United States, Northern America, Americas	https://careers.boydgroup.com/search/jobdetails/customer-service-representative/7397de07-15f2-4ed5-9182-4ccce8195a84?ejd=Default	2026-09-12	2026-09-22	support	18 - 22 USD per hour
Gerber Collision & Glass	gerbercollision.com	Collision	Estimator	Roanoke, Virginia, United States, Northern America, Americas	https://careers.boydgroup.com/search/jobdetails/estimator/68c3c421-77d2-4387-bac4-6b6b59ad75b0?ejd=Default	2026-09-12	2026-10-04	operations	70000 - 70000 USD per year
Gerber Collision & Glass	gerbercollision.com	Collision	Collision General Manager	Jacksonville, Florida, United States, Northern America, Americas	https://careers.boydgroup.com/search/jobdetails/collision-general-manager/b0e89f8c-4d08-4d80-938d-30a5ba378ee2?ejd=Default	2026-09-12	2026-10-04	management,operations	75000 - 105000 USD per year
Gerber Collision & Glass	gerbercollision.com	Collision	Body Technician	Watertown, New York, United States, Northern America, Americas	https://careers.boydgroup.com/search/jobdetails/body-technician/f0f376f6-3618-42bc-ad2f-5eae68c60274?ejd=Default	2026-09-12	2026-10-04	manual_work	
Gerber Collision & Glass	gerbercollision.com	Collision	Auto Body Technician	Wichita, Kansas, United States, Northern America, Americas	https://careers.boydgroup.com/search/jobdetails/auto-body-technician/178b1cc7-8fc7-4659-b6af-66e207262854?ejd=Default	2026-09-12	2026-10-04	manual_work	21.0 - 30.0 USD per hour
Gerber Collision & Glass	gerbercollision.com	Collision	Automotive Painter	Kansas City, Missouri, United States, Northern America, Americas	https://careers.boydgroup.com/search/jobdetails/automotive-painter/bf1d7ce3-e36f-4463-a600-0d064619b3fc?ejd=Default	2026-09-12	2026-10-04	manual_work	21.0 - 30.0 USD per hour
Gerber Collision & Glass	gerbercollision.com	Collision	Collision Estimator	Sumner, Washington, United States, Northern America, Americas	https://careers.boydgroup.com/search/jobdetails/collision-estimator/0d645907-f3de-42b8-934f-2a9f0d68ab6f?ejd=Default	2026-09-12	2026-10-04	operations	60000 - 86000 USD per year
Gerber Collision & Glass	gerbercollision.com	Collision	Auto Body Tech	Pittsburgh, Pennsylvania, United States, Northern America, Americas	https://careers.boydgroup.com/search/jobdetails/auto-body-tech/e03ba2db-2f73-4fc7-a4e7-49cab9d05d10?ejd=Default	2026-09-12	2026-10-04	manual_work	20 - 28 USD per hour
Gerber Collision & Glass	gerbercollision.com	Collision	Auto Body Estimator	Scottsdale, Arizona, United States, Northern America, Americas	https://careers.boydgroup.com/search/jobdetails/auto-body-estimator/eee48812-a318-454b-9535-22208df935ae?ejd=Default	2026-09-12	2026-10-04	operations	55000 - 78000 USD per year
Gerber Collision & Glass	gerbercollision.com	Collision	Collision Estimator	Albany, Georgia, United States, Northern America, Americas	https://careers.boydgroup.com/search/jobdetails/collision-estimator/61e436e4-bf34-4eed-ab5e-9d92ba48500f?ejd=Default	2026-09-11	2026-10-03	operations	50000 - 70000 USD per year
Gerber Collision & Glass	gerbercollision.com	Collision	Auto Body Technician	South Carolina, United States, Northern America, Americas	https://careers.boydgroup.com/search/jobdetails/auto-body-technician/9b80c540-d78d-47cf-97b7-0522741c4904?ejd=Default	2026-09-11	2026-10-03	manual_work	21 - 30 USD per hour
Gerber Collision & Glass	gerbercollision.com	Collision	Production Manager	Olathe, Kansas, United States, Northern America, Americas	https://careers.boydgroup.com/search/jobdetails/production-manager/91271447-1374-4944-bb61-17b61bcee2ed?ejd=Default	2026-09-11	2026-09-21	operations	55000 - 78000 USD per year
Gerber Collision & Glass	gerbercollision.com	Collision	Collision Estimator in Training	Texas, United States, Northern America, Americas	https://careers.boydgroup.com/search/jobdetails/collision-estimator-in-training/3f338f0b-aa2b-4b79-be35-02e86b4d4b55?ejd=Default	2026-09-11	2026-09-13	healthcare_services,operations	$21 - 29 / Hour Compensation is commensurate with skill
Gerber Collision & Glass	gerbercollision.com	Collision	Collision Refinish Technicians	Marion, Arkansas, United States, Northern America, Americas	https://careers.boydgroup.com/search/jobdetails/collision-refinish-technicians/eafd3653-34e3-4fe0-95bd-b6fd4b78c697?ejd=Default	2026-09-11	2026-09-15	healthcare_services,manual_work	$21 - $29 / Hour Flat Rate
Gerber Collision & Glass	gerbercollision.com	Collision	Estimator	Chesapeake, Virginia, United States, Northern America, Americas	https://careers.boydgroup.com/search/jobdetails/estimator/8002bf25-244d-4661-b2ce-3205115eb0ab?ejd=Default	2026-09-11	2026-09-19	operations	75000 - 75000 USD per year
Gerber Collision & Glass	gerbercollision.com	Collision	Auto Collsion Refinish Technician (Painter)	Ocala, Florida, United States, Northern America, Americas	https://careers.boydgroup.com/search/jobdetails/auto-collsion-refinish-technician-painter/eeb8c1d2-eaff-4d24-ae22-42f987d67e1e?ejd=Default	2026-09-11	2026-09-14	manual_work	$20 - $30 / Hour Flat Rate
Gerber Collision & Glass	gerbercollision.com	Collision	Estimator	Louisville, Kentucky, United States, Northern America, Americas	https://careers.boydgroup.com/search/jobdetails/estimator/5a376bbb-9992-4c56-8151-e3e5eab6c312?ejd=Default	2026-09-11	2026-10-03	operations	75000 - 75000 USD per year
Gerber Collision & Glass	gerbercollision.com	Collision	Auto Collision Body Technician	Wildwood, Florida, United States, Northern America, Americas	https://careers.boydgroup.com/search/jobdetails/auto-collision-body-technician/f0385d78-286d-46c6-bb76-d1711db2ccbb?ejd=Default	2026-09-11	2026-10-03	manual_work	21.0 - 29.0 USD per hour
Gerber Collision & Glass	gerbercollision.com	Collision	CSR	Yorkville, NY	https://www.linkedin.com/jobs/view/4464824821/	2026-09-11	2026-09-13		
Gerber Collision & Glass	gerbercollision.com	Collision	Temporary Refinishing Technician	Brownwood, TX	https://www.linkedin.com/jobs/view/4464104971/	2026-09-11	2026-09-13	manual_work	
Gerber Collision & Glass	gerbercollision.com	Collision	Collision Estimator	East Flat Rock, North Carolina, United States, Northern America, Americas	https://careers.boydgroup.com/search/jobdetails/collision-estimator/aa54a60f-1765-43ac-8fba-5e0c3b575075?ejd=Default	2026-09-10	2026-09-16	operations,sales	Estimated $50,000 - $100,000 / Year
Gerber Collision & Glass	gerbercollision.com	Collision	Collision Porter	Michigan, United States, Northern America, Americas	https://careers.boydgroup.com/search/jobdetails/collision-porter/15cf140e-593e-48a7-a085-a97b75bf1a93?ejd=Default	2026-09-10	2026-09-22	manual_work	16.0 - 19.0 USD per hour
Gerber Collision & Glass	gerbercollision.com	Collision	Collision Estimator	Tifton, Georgia, United States, Northern America, Americas	https://careers.boydgroup.com/search/jobdetails/collision-estimator/779c4d65-763f-4e7d-96be-e9864a657dda?ejd=Default	2026-09-10	2026-10-03	operations	49000 - 70000 USD per year
Gerber Collision & Glass	gerbercollision.com	Collision	Collision Estimator	Gaffney, South Carolina, United States, Northern America, Americas	https://careers.boydgroup.com/search/jobdetails/collision-estimator/3000df8e-0f66-4b01-9f84-45808c139dfd?ejd=Default	2026-09-10	2026-10-03	operations	50000 - 100000 USD per year
Gerber Collision & Glass	gerbercollision.com	Collision	Customer Service Representative	Traverse City, Michigan, United States, Northern America, Americas	https://careers.boydgroup.com/search/jobdetails/customer-service-representative/64a44ddc-f9f9-41da-96b0-7b2d7f04f5f5?ejd=Default	2026-09-10	2026-09-10	sales,support	$17.00 - $20.00/hour
Gerber Collision & Glass	gerbercollision.com	Collision	Refinish Technician (Flat Rate)	Louisville, Kentucky, United States, Northern America, Americas	https://careers.boydgroup.com/search/jobdetails/refinish-technician-flat-rate/77b115c2-da3b-4001-8e1c-294488c837cb?ejd=Default	2026-09-10	2026-10-02	manual_work	75000 - 75000 USD per year
Gerber Collision & Glass	gerbercollision.com	Collision	Refinish Technician - Tucson	Tucson, Arizona, United States, Northern America, Americas	https://careers.boydgroup.com/search/jobdetails/refinish-technician---tucson/64998dcd-a4f0-4295-b3d1-9e8ecb3dfe89?ejd=Default	2026-09-10	2026-10-02	manual_work	23 - 32 USD per hour
Gerber Collision & Glass	gerbercollision.com	Collision	Collision Estimator	Rockledge, Florida, United States, Northern America, Americas	https://careers.boydgroup.com/search/jobdetails/collision-estimator/805819a0-6c22-49d6-ac95-dba3717dec9e?ejd=Default	2026-09-10	2026-10-02	operations	49000 - 70000 USD per year
Gerber Collision & Glass	gerbercollision.com	Collision	Auto Body Technician (Flat Rate)	Franklin, Tennessee, United States, Northern America, Americas	https://careers.boydgroup.com/search/jobdetails/auto-body-technician-flat-rate/c695b342-88a2-4f47-a9ae-cbb385362853?ejd=Default	2026-09-09	2026-09-09	manual_work	
Gerber Collision & Glass	gerbercollision.com	Collision	Auto Collision Porter/Detailer	Kingsland, Georgia, United States, Northern America, Americas	https://careers.boydgroup.com/search/jobdetails/auto-collision-porterdetailer/66d86036-593a-4b5b-bac7-9a1d10865d2d?ejd=Default	2026-09-09	2026-09-11	manual_work	$15- $18 / Hour
Gerber Collision & Glass	gerbercollision.com	Collision	Parts Coordinator	Elgin, Illinois, United States, Northern America, Americas	https://careers.boydgroup.com/search/jobdetails/parts-coordinator/5d78b888-aa18-4b3e-82c2-a49157f9330e?ejd=Default	2026-09-09	2026-09-17	operations	16 - 22 USD per hour
Gerber Collision & Glass	gerbercollision.com	Collision	Parts Coordinator (Hrly)	Yorkville, Illinois, United States, Northern America, Americas	https://careers.boydgroup.com/search/jobdetails/parts-coordinator-hrly/376ce3ee-dcda-4668-9e2f-0353cfbac237?ejd=Default	2026-09-09	2026-09-13	operations	Hourly $17 - $24
Gerber Collision & Glass	gerbercollision.com	Collision	Auto Body Technician	Hudson, Ohio, United States, Northern America, Americas	https://careers.boydgroup.com/search/jobdetails/auto-body-technician/51c55d9b-b7c6-40b2-90fc-31f970a64b54?ejd=Default	2026-09-09	2026-10-03	manual_work	65000 - 125000 USD per year
Gerber Collision & Glass	gerbercollision.com	Collision	Estimator in Training	Orland Park, Illinois, United States, Northern America, Americas	https://careers.boydgroup.com/search/jobdetails/estimator-in-training/ec91cbdb-ca3e-4b23-8447-aa9d0b4e5ebe?ejd=Default	2026-09-09	2026-10-03	operations	20 - 22 USD per hour
Gerber Collision & Glass	gerbercollision.com	Collision	Estimator in Training	Orland Park, Illinois, United States, Northern America, Americas	https://careers.boydgroup.com/search/jobdetails/estimator-in-training/8bd8794c-f706-4e84-bcb4-78ce97515c1d?ejd=Default	2026-09-09	2026-10-03	operations	20 - 22 USD per hour
Gerber Collision & Glass	gerbercollision.com	Collision	Refinish Technician	Milwaukie, Oregon, United States, Northern America, Americas	https://careers.boydgroup.com/search/jobdetails/refinish-technician/8958dd3c-7a5b-4f8f-99b5-3ae01736f87d?ejd=Default	2026-09-09	2026-10-03	manual_work	26 - 37 USD per hour
Gerber Collision & Glass	gerbercollision.com	Collision	Collision Estimator	Merritt Island, Florida, United States, Northern America, Americas	https://careers.boydgroup.com/search/jobdetails/collision-estimator/637594f6-f5cf-414b-9049-e201d8851985?ejd=Default	2026-09-09	2026-09-13	operations,sales	Estimated $48,000 - $70,000 / Year
Gerber Collision & Glass	gerbercollision.com	Collision	Refinish Technician	West Palm Beach, Florida, United States, Northern America, Americas	https://careers.boydgroup.com/search/jobdetails/refinish-technician/4af29313-870c-4dc4-86b1-0bd6b0a2b36e?ejd=Default	2026-09-09	2026-09-29	manual_work	23 - 29 USD per hour
Gerber Collision & Glass	gerbercollision.com	Collision	Auto Body Technician	Durham, North Carolina, United States, Northern America, Americas	https://careers.boydgroup.com/search/jobdetails/auto-body-technician/ce13863b-ebec-4eda-a164-1d86ce36c9da?ejd=Default	2026-09-09	2026-09-29	manual_work	50000 - 150000 USD per year
Gerber Collision & Glass	gerbercollision.com	Collision	Collision Auto Body Technician	Estero, Florida, United States, Northern America, Americas	https://careers.boydgroup.com/search/jobdetails/collision-auto-body-technician/340270e5-22ef-4b29-b734-9737d020ae25?ejd=Default	2026-09-08	2026-09-28	manual_work	20 - 29 USD per hour
Gerber Collision & Glass	gerbercollision.com	Collision	Auto Body Technician	Benton Harbor, Michigan, United States, Northern America, Americas	https://careers.boydgroup.com/search/jobdetails/auto-body-technician/20cf0cda-b536-408a-8d30-d3edef972e62?ejd=Default	2026-09-08	2026-09-24	manual_work	25 - 32 USD per hour
Gerber Collision & Glass	gerbercollision.com	Collision	Collision Estimator	Pinellas Park, Florida, United States, Northern America, Americas	https://careers.boydgroup.com/search/jobdetails/collision-estimator/968adee0-13bd-4bc0-9bca-ced0e5542897?ejd=Default	2026-09-08	2026-09-24	operations	49000 - 70000 USD per year
Gerber Collision & Glass	gerbercollision.com	Collision	Customer Service Representative	Wyoming, Michigan, United States, Northern America, Americas	https://careers.boydgroup.com/search/jobdetails/customer-service-representative/eaf266d1-52f6-45e6-9b7b-7a10d7596ad9?ejd=Default	2026-09-08	2026-09-10	sales,support	$16.00 - $19.00/hour
Gerber Collision & Glass	gerbercollision.com	Collision	Customer Service Representative	Atlanta, Georgia, United States, Northern America, Americas	https://careers.boydgroup.com/search/jobdetails/customer-service-representative/345f8018-fdaa-4e5e-b6dc-27eacb968a1a?ejd=Default	2026-09-08	2026-09-30	support	15 - 21 USD per hour
Gerber Collision & Glass	gerbercollision.com	Collision	Collision Auto Body Technician (Flat Rate)	Tampa, Florida, United States, Northern America, Americas	https://careers.boydgroup.com/search/jobdetails/collision-auto-body-technician-flat-rate/a00937c5-dd9a-4e53-88fc-40cdcf3cb328?ejd=Default	2026-09-08	2026-09-20	manual_work	23 - 32 USD per hour
Gerber Collision & Glass	gerbercollision.com	Collision	Collision Refinish Technician	Flint, Michigan, United States, Northern America, Americas	https://careers.boydgroup.com/search/jobdetails/collision-refinish-technician/e72c0306-f570-4b72-9e0d-ff97c17ae54a?ejd=Default	2026-09-08	2026-09-26	manual_work	22.0 - 24.0 USD per hour
Gerber Collision & Glass	gerbercollision.com	Collision	Auto Body Technician	Clay, New York, United States, Northern America, Americas	https://careers.boydgroup.com/search/jobdetails/auto-body-technician/bac863a9-80f2-4759-a17f-98feaa6dde79?ejd=Default	2026-09-08	2026-10-02	manual_work	65000 - 165000 USD per year
Gerber Collision & Glass	gerbercollision.com	Collision	Estimator Trainer	Oak Lawn, IL	https://www.linkedin.com/jobs/view/4461951126/	2026-09-07	2026-09-13	education,operations	
Gerber Collision & Glass	gerbercollision.com	Collision	Auto Collision General Manager	Ocala, Florida, United States, Northern America, Americas	https://careers.boydgroup.com/search/jobdetails/auto-collision-general-manager/a4bfe1e4-7252-4e54-932b-ccfc8de8d9a1?ejd=Default	2026-09-06	2026-09-20	management,operations	70000 - 95000 USD per year
Gerber Collision & Glass	gerbercollision.com	Collision	Parts Coordinator	Michigan, United States, Northern America, Americas	https://careers.boydgroup.com/search/jobdetails/parts-coordinator/0c97030a-6d3c-443c-80ec-beb7ff203a6d?ejd=Default	2026-09-06	2026-09-22	operations	16 - 20 USD per hour
Gerber Collision & Glass	gerbercollision.com	Collision	Auto Collision Customer Service Representative	Altamonte Springs, Florida, United States, Northern America, Americas	https://careers.boydgroup.com/search/jobdetails/auto-collision-customer-service-representative/dbe2eed1-6382-44ef-ab86-94df8fa8ecec?ejd=Default	2026-09-06	2026-09-08	sales,support	$16 - $21 / Hour
Gerber Collision & Glass	gerbercollision.com	Collision	Estimator	Matteson, Illinois, United States, Northern America, Americas	https://careers.boydgroup.com/search/jobdetails/estimator/de2f38df-523b-47e5-8148-d58f3c65b292?ejd=Default	2026-09-06	2026-09-22	operations	65000 - 160000 USD per year
Gerber Collision & Glass	gerbercollision.com	Collision	Estimator	Shelbyville, Kentucky, United States, Northern America, Americas	https://careers.boydgroup.com/search/jobdetails/estimator/17b892cf-2ee0-4e40-9228-b48cf754fdc0?ejd=Default	2026-09-06	2026-10-03	operations	75000 - 75000 USD per year
Gerber Collision & Glass	gerbercollision.com	Collision	Parts Coordinator	Savannah, Georgia, United States, Northern America, Americas	https://careers.boydgroup.com/search/jobdetails/parts-coordinator/10c8c79d-c7e9-4677-93a0-da83657c308c?ejd=Default	2026-09-06	2026-09-30	operations	15 - 21 USD per hour
Gerber Collision & Glass	gerbercollision.com	Collision	Collision Estimator	Charleston, South Carolina, United States, Northern America, Americas	https://careers.boydgroup.com/search/jobdetails/collision-estimator/e17eb7be-0f0c-4c5e-9f73-9d77073f6a2c?ejd=Default	2026-09-06	2026-10-03	operations	49000 - 70000 USD per year
Gerber Collision & Glass	gerbercollision.com	Collision	Estimator	Paducah, Kentucky, United States, Northern America, Americas	https://careers.boydgroup.com/search/jobdetails/estimator/79101628-6d82-46cf-8463-1e842631ecc1?ejd=Default	2026-09-05	2026-10-03	operations	75000 - 75000 USD per year
Gerber Collision & Glass	gerbercollision.com	Collision	Collision Production Manager	Greenwood, Indiana, United States, Northern America, Americas	https://careers.boydgroup.com/search/jobdetails/collision-production-manager/6957df98-e02f-48df-b4af-475b51880451?ejd=Default	2026-09-05	2026-09-17	operations	60000 - 75000 USD per year
Gerber Collision & Glass	gerbercollision.com	Collision	Estimator In Training	Sumter, South Carolina, United States, Northern America, Americas	https://careers.boydgroup.com/search/jobdetails/estimator-in-training/d1a6a066-5d18-4400-87c4-114cabbcecf9?ejd=Default	2026-09-05	2026-09-09	operations	$18 - 23 / Hour
Gerber Collision & Glass	gerbercollision.com	Collision	Estimator	Escanaba, Michigan, United States, Northern America, Americas	https://careers.boydgroup.com/search/jobdetails/estimator/cc2d212d-7ede-439b-a63e-1ef54abdee6e?ejd=Default	2026-09-05	2026-10-03	operations	46800 - 80000 USD per year
Gerber Collision & Glass	gerbercollision.com	Collision	Parts Coordinator (Hrly)	Tallahassee, Florida, United States, Northern America, Americas	https://careers.boydgroup.com/search/jobdetails/parts-coordinator-hrly/a33cbfa1-372c-4beb-8c8c-4432311622bd?ejd=Default	2026-09-05	2026-10-01	operations	15 - 21 USD per hour
Gerber Collision & Glass	gerbercollision.com	Collision	Auto Collision Estimator	Orlando, Florida, United States, Northern America, Americas	https://careers.boydgroup.com/search/jobdetails/auto-collision-estimator/09f0550a-64cb-4f88-9405-329932fd3c06?ejd=Default	2026-09-04	2026-09-08	operations,sales	Estimated $49,000 - $70,000 USD Annually
Gerber Collision & Glass	gerbercollision.com	Collision	Estimator In Training	Allendale, Michigan, United States, Northern America, Americas	https://careers.boydgroup.com/search/jobdetails/estimator-in-training/c0bfb5b9-a4a2-4f3d-bbcd-f17162602daf?ejd=Default	2026-09-04	2026-09-08	operations	$18 - $24 / Hourly
Gerber Collision & Glass	gerbercollision.com	Collision	Collision Estimator	Lafayette, Indiana, United States, Northern America, Americas	https://careers.boydgroup.com/search/jobdetails/collision-estimator/073b8188-7dcc-412e-805b-19d6536644fe?ejd=Default	2026-09-04	2026-09-30	operations	50000 - 100000 USD per year
Gerber Collision & Glass	gerbercollision.com	Collision	Auto Detailer/Porter	Battle Creek, Michigan, United States, Northern America, Americas	https://careers.boydgroup.com/search/jobdetails/auto-detailerporter/b8ce1fab-3d1c-4f92-a857-b8adc62df087?ejd=Default	2026-09-04	2026-09-20	manual_work,operations	15 - 19 USD per hour
Gerber Collision & Glass	gerbercollision.com	Collision	Auto Parts Coordinator	Wayne, Michigan, United States, Northern America, Americas	https://careers.boydgroup.com/search/jobdetails/auto-parts-coordinator/3e67cdfc-c2ab-427d-97fc-922255ba9e5c?ejd=Default	2026-09-04	2026-09-20	operations	16 - 20 USD per hour
Gerber Collision & Glass	gerbercollision.com	Collision	CSR	Blue Ash, OH	https://www.linkedin.com/jobs/view/4460288601/	2026-09-04	2026-09-10		
Gerber Collision & Glass	gerbercollision.com	Collision	Porter	Owensboro, KY	https://www.linkedin.com/jobs/view/4461383379/	2026-09-04	2026-09-04	manual_work	
Gerber Collision & Glass	gerbercollision.com	Collision	Auto Body Technician	Mount Pleasant, South Carolina, United States, Northern America, Americas	https://careers.boydgroup.com/search/jobdetails/auto-body-technician/a1d2e131-15fb-4daf-ae44-a50bef0041dd?ejd=Default	2026-09-04	2026-09-14	manual_work	21 - 30 USD per hour
Gerber Collision & Glass	gerbercollision.com	Collision	General Manager	Dublin, Georgia, United States, Northern America, Americas	https://careers.boydgroup.com/search/jobdetails/general-manager/5cdfb813-cbd4-4a14-84a5-049d8cd77627?ejd=Default	2026-09-04	2026-09-16	management	68000 - 96000 USD per year
Gerber Collision & Glass	gerbercollision.com	Collision	Auto Body Technician	Galveston, Texas, United States, Northern America, Americas	https://careers.boydgroup.com/search/jobdetails/auto-body-technician/ed5329a8-839a-4969-99ee-47213645025a?ejd=Default	2026-09-04	2026-09-04	healthcare_services,manual_work	Pay ranges $90,000 to $140,000 +Flat Rate Hourly pay
Gerber Collision & Glass	gerbercollision.com	Collision	Collision Body Technician	Georgia, United States, Northern America, Americas	https://careers.boydgroup.com/search/jobdetails/collision-body-technician/47e58c40-691d-45d2-95bf-d66306518c8e?ejd=Default	2026-09-04	2026-09-08	manual_work	$21 - 30/ Hour Flat Rate
Gerber Collision & Glass	gerbercollision.com	Collision	Auto Body Technician	Dalton, Georgia, United States, Northern America, Americas	https://careers.boydgroup.com/search/jobdetails/auto-body-technician/46c0992c-c15b-4873-8d98-5d76ab2a47ef?ejd=Default	2026-09-04	2026-09-30	manual_work	21 - 30 USD per hour
Gerber Collision & Glass	gerbercollision.com	Collision	Automotive Mobile ADAS Technician	Milwaukee, Wisconsin, United States, Northern America, Americas	https://careers.boydgroup.com/search/jobdetails/automotive-mobile-adas-technician/b7a11a35-d581-4b2b-92b3-b5a5542bf84e?ejd=Default	2026-09-04	2026-09-30	engineering,manual_work	60000 - 95000 USD per year
Gerber Collision & Glass	gerbercollision.com	Collision	Refinish Technician / Auto Body Painter	Buffalo, New York, United States, Northern America, Americas	https://careers.boydgroup.com/search/jobdetails/refinish-technician--auto-body-painter/3b7af2f0-2f3c-4e14-9777-c8c99bb57d90?ejd=Default	2026-09-04	2026-09-30	manual_work	65000 - 165000 USD per year
Gerber Collision & Glass	gerbercollision.com	Collision	Customer Service Representative	Farmington, Arkansas, United States, Northern America, Americas	https://careers.boydgroup.com/search/jobdetails/customer-service-representative/9e364df3-0a6a-4a7f-9a27-0a4f38eb5d1a?ejd=Default	2026-09-04	2026-09-10	sales,support	$15.00 - $21.00 Hourly
Gerber Collision & Glass	gerbercollision.com	Collision	Collision Body Technician (Flat Rate)	Atlanta, Georgia, United States, Northern America, Americas	https://careers.boydgroup.com/search/jobdetails/collision-body-technician-flat-rate/4bf0bc63-fba6-4f5c-9252-bec4da9806ac?ejd=Default	2026-09-03	2026-10-03	manual_work	23 - 33 USD per hour
Gerber Collision & Glass	gerbercollision.com	Collision	Collision Body Technician	Columbus, Georgia, United States, Northern America, Americas	https://careers.boydgroup.com/search/jobdetails/collision-body-technician/84558b41-88fa-44ad-98b3-b4036eb47aac?ejd=Default	2026-09-03	2026-09-15	manual_work	21 - 30 USD per hour
Gerber Collision & Glass	gerbercollision.com	Collision	Estimator	Westerville, Ohio, United States, Northern America, Americas	https://careers.boydgroup.com/search/jobdetails/estimator/38890677-fe40-4281-b25a-bf20069b0ce9?ejd=Default	2026-09-03	2026-10-03	operations	65000 - 90000 USD per year
Gerber Collision & Glass	gerbercollision.com	Collision	Body Technician (Flat Rate)	Austell, Georgia, United States, Northern America, Americas	https://careers.boydgroup.com/search/jobdetails/body-technician-flat-rate/b5dc01a9-5df8-4de4-8bfa-a06da8556193?ejd=Default	2026-09-03	2026-10-03	manual_work	23 - 33 USD per hour
Gerber Collision & Glass	gerbercollision.com	Collision	Collision Body Technician	Alpharetta, Georgia, United States, Northern America, Americas	https://careers.boydgroup.com/search/jobdetails/collision-body-technician/59baa787-cc60-46f6-92dd-438c8c2d18fc?ejd=Default	2026-09-03	2026-09-07	manual_work	$23 - 33 / Hour Flat Rate
Gerber Collision & Glass	gerbercollision.com	Collision	Collision Estimator	Woodhaven, Michigan, United States, Northern America, Americas	https://careers.boydgroup.com/search/jobdetails/collision-estimator/2030430d-c4dd-4d78-b899-b47ed2e3297c?ejd=Default	2026-09-03	2026-09-23	operations	50000 - 100000 USD per year
Gerber Collision & Glass	gerbercollision.com	Collision	Collision Porter	Texas, United States, Northern America, Americas	https://careers.boydgroup.com/search/jobdetails/collision-porter/e79019a7-1e42-4fc5-adbb-97b04a46bafb?ejd=Default	2026-09-03	2026-09-15	manual_work	14.0 - 18.0 USD per hour
Gerber Collision & Glass	gerbercollision.com	Collision	Collision Manager In Training	Michigan, United States, Northern America, Americas	https://careers.boydgroup.com/search/jobdetails/collision-manager-in-training/158cbfb4-bd42-4652-a9a8-964f759f1623?ejd=Default	2026-09-03	2026-09-03	management,operations,manual_work	$65,000 - $75,000/annually
Gerber Collision & Glass	gerbercollision.com	Collision	Collision Refinish Prepper	Horn Lake, Mississippi, United States, Northern America, Americas	https://careers.boydgroup.com/search/jobdetails/collision-refinish-prepper/c3d4bb50-c94a-4a1c-b829-678c2ad39f87?ejd=Default	2026-09-03	2026-09-03	manual_work	$15 - $20 / Hour Flat Rate
Gerber Collision & Glass	gerbercollision.com	Collision	Auto Body Technician	Rochester, New York, United States, Northern America, Americas	https://careers.boydgroup.com/search/jobdetails/auto-body-technician/8929742e-1373-4fb3-9eb0-c52f42925fd3?ejd=Default	2026-09-03	2026-10-03	manual_work	65000 - 165000 USD per year
Gerber Collision & Glass	gerbercollision.com	Collision	Auto Body Technician	Skokie, Illinois, United States, Northern America, Americas	https://careers.boydgroup.com/search/jobdetails/auto-body-technician/2f1a4556-814c-4cc7-84ad-8e6e5a2a1229?ejd=Default	2026-09-03	2026-10-03	manual_work	60000 - 200000 USD per year
Gerber Collision & Glass	gerbercollision.com	Collision	Auto Body Technician	Rochester, New York, United States, Northern America, Americas	https://careers.boydgroup.com/search/jobdetails/auto-body-technician/ef849059-2730-42fa-bb52-861bfaee214b?ejd=Default	2026-09-03	2026-10-03	manual_work	65000 - 165000 USD per year
Gerber Collision & Glass	gerbercollision.com	Collision	Auto Body Technician	Columbus, Ohio, United States, Northern America, Americas	https://careers.boydgroup.com/search/jobdetails/auto-body-technician/bc30de99-8c94-48d9-8245-ae45ab183023?ejd=Default	2026-09-03	2026-10-03	manual_work	20 - 28 USD per hour
Gerber Collision & Glass	gerbercollision.com	Collision	General Manager	Pennsylvania, United States, Northern America, Americas	https://careers.boydgroup.com/search/jobdetails/general-manager/0fdd5a56-5cc3-4a4f-a2c0-74164fb6b4bb?ejd=Default	2026-09-03	2026-10-01	management,operations	75000 - 105000 USD per year
Gerber Collision & Glass	gerbercollision.com	Collision	Production Manager	Highland, Illinois, United States, Northern America, Americas	https://careers.boydgroup.com/search/jobdetails/production-manager/4baf8771-0121-48b1-9325-7c939b22aac7?ejd=Default	2026-09-03	2026-10-03	operations	65000 - 95000 USD per year
Gerber Collision & Glass	gerbercollision.com	Collision	Prepper	Chicago, Illinois, United States, Northern America, Americas	https://careers.boydgroup.com/search/jobdetails/prepper/de7ee2ec-f350-4760-8df2-7751056f03ed?ejd=Default	2026-09-03	2026-10-01	manual_work	40000 - 80000 USD per year
Gerber Collision & Glass	gerbercollision.com	Collision	Parts Coordinator (Hourly)	Jeffersonville, Indiana, United States, Northern America, Americas	https://careers.boydgroup.com/search/jobdetails/parts-coordinator-hourly/86f11f5c-6272-4d87-bbf3-df0e78cf5849?ejd=Default	2026-09-02	2026-09-14	operations	17.0 - 20.0 USD per hour
Gerber Collision & Glass	gerbercollision.com	Collision	Refinish Technician	Alexandria, Minnesota, United States, Northern America, Americas	https://careers.boydgroup.com/search/jobdetails/refinish-technician/70f783d8-263d-4194-a41b-b7739ced9c9e?ejd=Default	2026-09-02	2026-10-02	manual_work	50000 - 100000 USD per year
Gerber Collision & Glass	gerbercollision.com	Collision	Pre - Auto Technician Development Program (TDP) Trainee	Estero, Florida, United States, Northern America, Americas	https://careers.boydgroup.com/search/jobdetails/pre---auto-technician-development-program-tdp-trainee/94fe5c15-8749-49be-8818-b97565c53b1f?ejd=Default	2026-09-02	2026-10-02	manual_work,internship	15 - 18 USD per hour
Gerber Collision & Glass	gerbercollision.com	Collision	CSR	Smyrna, TN	https://www.linkedin.com/jobs/view/4459765144/	2026-09-02	2026-09-04		
Gerber Collision & Glass	gerbercollision.com	Collision	Pre - TDP Trainee	Estero, Florida, United States, Northern America, Americas	https://careers.boydgroup.com/search/jobdetails/pre---tdp-trainee/2d68074a-d718-4be7-829e-5dfbbd3687c3?ejd=Default	2026-09-02	2026-10-02	manual_work	15.0 - 18.0 USD per hour
Gerber Collision & Glass	gerbercollision.com	Collision	Collision General Manager	Del City, Oklahoma, United States, Northern America, Americas	https://careers.boydgroup.com/search/jobdetails/collision-general-manager/26ffe513-77f3-4960-b560-89fbad94cf48?ejd=Default	2026-09-02	2026-09-28	management,operations	68000 - 97000 USD per year
Gerber Collision & Glass	gerbercollision.com	Collision	General Manager	Blue Ash, Ohio, United States, Northern America, Americas	https://careers.boydgroup.com/search/jobdetails/general-manager/6a9f6765-d574-42ac-b8b6-12562e967952?ejd=Default	2026-09-02	2026-10-02	management	75000 - 105000 USD per year
Gerber Collision & Glass	gerbercollision.com	Collision	Body Technician (FRT)	Grove City, Ohio, United States, Northern America, Americas	https://careers.boydgroup.com/search/jobdetails/body-technician-frt/c79975a1-9200-49d3-af05-a7cf11848226?ejd=Default	2026-09-02	2026-09-16	manual_work	20.0 - 28.0 USD per hour
Gerber Collision & Glass	gerbercollision.com	Collision	Auto Body Technician	Lebanon, Indiana, United States, Northern America, Americas	https://careers.boydgroup.com/search/jobdetails/auto-body-technician/bba8dc2b-7a6f-483c-89dc-633d89520c8c?ejd=Default	2026-09-02	2026-09-24	manual_work	24 - 29 USD per hour
Gerber Collision & Glass	gerbercollision.com	Collision	Auto Detailer/Porter	Chicago, Illinois, United States, Northern America, Americas	https://careers.boydgroup.com/search/jobdetails/auto-detailerporter/db3b6f5e-475d-4ffd-bfb4-00b1d31ed084?ejd=Default	2026-09-02	2026-09-10	manual_work	15 - 20 USD per hour
Gerber Collision & Glass	gerbercollision.com	Collision	Refinish Technocian	Pittsburgh, Pennsylvania, United States, Northern America, Americas	https://careers.boydgroup.com/search/jobdetails/refinish-technocian/c9c192f9-fc8b-4f78-b4ff-57d7a935d3f1?ejd=Default	2026-09-02	2026-09-02	manual_work	
Gerber Collision & Glass	gerbercollision.com	Collision	Detailer/Porter	Wilmington, Ohio, United States, Northern America, Americas	https://careers.boydgroup.com/search/jobdetails/detailerporter/577b3d4b-5703-41e3-833d-ee7112fcd430?ejd=Default	2026-09-02	2026-09-24	manual_work	16 - 20 USD per hour
Gerber Collision & Glass	gerbercollision.com	Collision	Auto Parts Coordinator	Round Lake, Illinois, United States, Northern America, Americas	https://careers.boydgroup.com/search/jobdetails/auto-parts-coordinator/d5aff0d5-af46-48d0-8c8a-5ce54bea81fa?ejd=Default	2026-09-02	2026-09-04	operations,sales,manual_work	$18 - $24 / Hourly
Gerber Collision & Glass	gerbercollision.com	Collision	General Manager	Fond du Lac, Wisconsin, United States, Northern America, Americas	https://careers.boydgroup.com/search/jobdetails/general-manager/1bd29d10-1a4b-4860-9a3e-213df98bb7c4?ejd=Default	2026-09-02	2026-09-04	management,operations,food	$65,000 - $110,000+ / year based on experience
Gerber Collision & Glass	gerbercollision.com	Collision	Auto Body Technician	Greece, New York, United States, Northern America, Americas	https://careers.boydgroup.com/search/jobdetails/auto-body-technician/76f1169e-08e6-48a3-bfad-670d9b441125?ejd=Default	2026-09-02	2026-09-14	manual_work	65000 - 165000 USD per year
Gerber Collision & Glass	gerbercollision.com	Collision	General Manager	Warner Robins, Georgia, United States, Northern America, Americas	https://careers.boydgroup.com/search/jobdetails/general-manager/0ec773cf-50fe-4526-8b20-ee3f450da5b5?ejd=Default	2026-09-02	2026-10-02	management	68000 - 97000 USD per year
Gerber Collision & Glass	gerbercollision.com	Collision	Auto Body Technician (Flat Rate)	Bristol, Virginia, United States, Northern America, Americas	https://careers.boydgroup.com/search/jobdetails/auto-body-technician-flat-rate/c56bf29b-9ab7-4115-abcf-3c5e2e6de873?ejd=Default	2026-09-01	2026-09-01	manual_work	
Gerber Collision & Glass	gerbercollision.com	Collision	Auto Body Technician (Flat Rate)	Johnson City, Tennessee, United States, Northern America, Americas	https://careers.boydgroup.com/search/jobdetails/auto-body-technician-flat-rate/4e1a82bb-780c-43ef-b4dc-1a77a8748bdf?ejd=Default	2026-09-01	2026-09-01	manual_work	
Gerber Collision & Glass	gerbercollision.com	Collision	Automotive Porter	Ardmore, Oklahoma, United States, Northern America, Americas	https://careers.boydgroup.com/search/jobdetails/automotive-porter/15409b8a-dc99-4dca-bba8-e20c5b05fe5b?ejd=Default	2026-09-01	2026-09-11	manual_work	12.0 - 16.0 USD per hour
Gerber Collision & Glass	gerbercollision.com	Collision	Temporary Collision Porter	Forney, Texas, United States, Northern America, Americas	https://careers.boydgroup.com/search/jobdetails/temporary-collision-porter/e3f1517a-30d3-434e-ac20-c91f96ecc250?ejd=Default	2026-09-01	2026-09-11	manual_work	14.0 - 18.0 USD per hour
Gerber Collision & Glass	gerbercollision.com	Collision	Auto Detailer/Porter	Valparaiso, Indiana, United States, Northern America, Americas	https://careers.boydgroup.com/search/jobdetails/auto-detailerporter/a96d168a-41c3-4d69-98d3-aad8de58747f?ejd=Default	2026-09-01	2026-09-03	manual_work	$15 - $18 / Hourly
Gerber Collision & Glass	gerbercollision.com	Collision	Collision General Manager	Columbia, South Carolina, United States, Northern America, Americas	https://careers.boydgroup.com/search/jobdetails/collision-general-manager/5b350838-1456-4203-9956-d4359aa40e6f?ejd=Default	2026-09-01	2026-10-03	management,operations	75000 - 120000 USD per year
Gerber Collision & Glass	gerbercollision.com	Collision	General Manager	Minnesota, United States, Northern America, Americas	https://careers.boydgroup.com/search/jobdetails/general-manager/aba9baf5-cdee-4ee5-ab2d-fa9b1df0e1f2?ejd=Default	2026-09-01	2026-10-03	management,operations	65000 - 110000 USD per year
Gerber Collision & Glass	gerbercollision.com	Collision	Customer Service Representative	Ypsilanti, Michigan, United States, Northern America, Americas	https://careers.boydgroup.com/search/jobdetails/customer-service-representative/8940cf31-7ea0-4295-b7a6-9a54faadb0df?ejd=Default	2026-09-01	2026-09-21	support,administration	16 - 19 USD per hour
Gerber Collision & Glass	gerbercollision.com	Collision	Porter	Lexington, KY	https://www.linkedin.com/jobs/view/4457469694/	2026-09-01	2026-09-10	manual_work	
Gerber Collision & Glass	gerbercollision.com	Collision	Porter	Johnson City, TN	https://www.linkedin.com/jobs/view/4460020427/	2026-09-01	2026-09-12	manual_work	
Gerber Collision & Glass	gerbercollision.com	Collision	Body Technician	Mobile, Alabama, United States, Northern America, Americas	https://careers.boydgroup.com/search/jobdetails/body-technician/225f037c-cc90-41c5-a8eb-20a933a5525a?ejd=Default	2026-09-01	2026-10-03	manual_work	60000 - 130000 USD per year
Gerber Collision & Glass	gerbercollision.com	Collision	Estimator	Grand Rapids, Michigan, United States, Northern America, Americas	https://careers.boydgroup.com/search/jobdetails/estimator/01c490d1-b9f5-4ca1-8975-90da886de9c5?ejd=Default	2026-09-01	2026-09-11	operations	52000 - 90000 USD per year
Gerber Collision & Glass	gerbercollision.com	Collision	Collision Estimator in Training	Spokane, Washington, United States, Northern America, Americas	https://careers.boydgroup.com/search/jobdetails/collision-estimator-in-training/74cbf084-a3f0-4c2e-932b-361ccc648e59?ejd=Default	2026-09-01	2026-09-01	healthcare_services,operations	$19 - 27 / Hour
Gerber Collision & Glass	gerbercollision.com	Collision	General manager	Bossier City, Louisiana, United States, Northern America, Americas	https://careers.boydgroup.com/search/jobdetails/general-manager/6d362861-81c9-415e-a633-6838394dd437?ejd=Default	2026-09-01	2026-09-17	management	68000 - 90000 USD per year
Gerber Collision & Glass	gerbercollision.com	Collision	Parts Coordinator	Gresham, Oregon, United States, Northern America, Americas	https://careers.boydgroup.com/search/jobdetails/parts-coordinator/d3e627aa-bcd6-4c4c-bea5-6d0db8fa2c4a?ejd=Default	2026-09-01	2026-10-03	operations	18 - 25 USD per hour
Gerber Collision & Glass	gerbercollision.com	Collision	General Manager	Minnesota, United States, Northern America, Americas	https://careers.boydgroup.com/search/jobdetails/general-manager/8858926c-eb7b-453c-b842-9353e7bb3d6b?ejd=Default	2026-09-01	2026-10-03	management	65000 - 110000 USD per year
Gerber Collision & Glass	gerbercollision.com	Collision	Collision Porter	Schaumburg, Illinois, United States, Northern America, Americas	https://careers.boydgroup.com/search/jobdetails/collision-porter/51dfd86f-06bd-4169-b1f4-88f64b172047?ejd=Default	2026-09-01	2026-09-07	manual_work	$16
Gerber Collision & Glass	gerbercollision.com	Collision	Estimator (Commission) - New USA	Pasadena, Maryland, United States, Northern America, Americas	https://careers.boydgroup.com/search/jobdetails/estimator-commission---new-usa/78b72e1c-adb7-4494-a5ad-ae5eb275126c?ejd=Default	2026-08-31	2026-09-24	operations	75000 - 75000 USD per year
Gerber Collision & Glass	gerbercollision.com	Collision	Estimator	Fredericksburg, Virginia, United States, Northern America, Americas	https://careers.boydgroup.com/search/jobdetails/estimator/f0d33071-6ade-4957-b597-e008aa54c6cb?ejd=Default	2026-08-31	2026-09-10	operations	70000 - 70000 USD per year
Gerber Collision & Glass	gerbercollision.com	Collision	Parts Coordinator (Hourly)	Roanoke, Virginia, United States, Northern America, Americas	https://careers.boydgroup.com/search/jobdetails/parts-coordinator-hourly/0322214e-c2a4-4ce8-a252-17484491e7c0?ejd=Default	2026-08-31	2026-09-10	operations	19.0 - 22.0 USD per hour
Gerber Collision & Glass	gerbercollision.com	Collision	Auto Collision Estimator	Apopka, Florida, United States, Northern America, Americas	https://careers.boydgroup.com/search/jobdetails/auto-collision-estimator/ac3ade2e-5df8-4ee6-9d45-d370c3928e87?ejd=Default	2026-08-30	2026-10-03	operations	49000 - 70000 USD per year
Gerber Collision & Glass	gerbercollision.com	Collision	Auto Collison Estimator	Jacksonville, Florida, United States, Northern America, Americas	https://careers.boydgroup.com/search/jobdetails/auto-collison-estimator/b0cfb1ca-bb1e-49be-9074-d7ca262ce7dc?ejd=Default	2026-08-30	2026-10-03	operations	49000 - 70000 USD per year
Gerber Collision & Glass	gerbercollision.com	Collision	Collision Estimator	New Iberia, Louisiana, United States, Northern America, Americas	https://careers.boydgroup.com/search/jobdetails/collision-estimator/ae5fe67f-46b2-40f8-9bd2-ba275f04fcae?ejd=Default	2026-08-30	2026-10-03	operations	50000 - 70000 USD per year
Gerber Collision & Glass	gerbercollision.com	Collision	Collision Parts Coordinator	Titusville, Florida, United States, Northern America, Americas	https://careers.boydgroup.com/search/jobdetails/collision-parts-coordinator/e00873d7-049d-4fbd-a047-d745a9dc7abf?ejd=Default	2026-08-30	2026-10-03	operations	15 - 20 USD per hour
Gerber Collision & Glass	gerbercollision.com	Collision	CSR	Peachtree City, GA	https://www.linkedin.com/jobs/view/4458681169/	2026-08-30	2026-09-09		
Gerber Collision & Glass	gerbercollision.com	Collision	Technical Trainer	Charleston, West Virginia, United States, Northern America, Americas	https://careers.boydgroup.com/search/jobdetails/technical-trainer/d6e3260a-cbc8-4761-9e47-7e1a95e4781b?ejd=Default	2026-08-30	2026-09-03	education	$80,000 - $90,000 annual
Gerber Collision & Glass	gerbercollision.com	Collision	General Manager - JHCC	Georgia, United States, Northern America, Americas	https://careers.boydgroup.com/search/jobdetails/general-manager---jhcc/94b13031-9a66-42ad-a123-9f2ed6b2f761?ejd=Default	2026-08-29	2026-09-02	management,operations	$68,000 - $97,000 / Year
Gerber Collision & Glass	gerbercollision.com	Collision	Collision Shop Customer Service	Kenner, Louisiana, United States, Northern America, Americas	https://careers.boydgroup.com/search/jobdetails/collision-shop-customer-service/28bbd485-ea26-4bec-8ff9-7c5d74d15302?ejd=Default	2026-08-29	2026-09-02	manual_work	$15- $22 / Hour
Gerber Collision & Glass	gerbercollision.com	Collision	Body Technician (Flat Rate)	Tifton, Georgia, United States, Northern America, Americas	https://careers.boydgroup.com/search/jobdetails/body-technician-flat-rate/989372bc-5479-4ae6-855a-15f5087260d5?ejd=Default	2026-08-29	2026-10-02	manual_work	21 - 30 USD per hour
Gerber Collision & Glass	gerbercollision.com	Collision	Collision CSR	Odessa, Florida, United States, Northern America, Americas	https://careers.boydgroup.com/search/jobdetails/collision-csr/569d1c75-7bda-44b3-ae9d-6f2653c0215a?ejd=Default	2026-08-29	2026-09-12	support,administration	16 - 22 USD per hour
Gerber Collision & Glass	gerbercollision.com	Collision	Collision Estimator	Montgomery, Alabama, United States, Northern America, Americas	https://careers.boydgroup.com/search/jobdetails/collision-estimator/fbb15a35-9745-4d02-850b-639c5115637b?ejd=Default	2026-08-29	2026-10-02	operations	50000 - 77000 USD per year
Gerber Collision & Glass	gerbercollision.com	Collision	Collision Estimator	Pennsylvania, United States, Northern America, Americas	https://careers.boydgroup.com/search/jobdetails/collision-estimator/29297584-02bf-4ad2-b213-fbbe41bed25a?ejd=Default	2026-08-29	2026-10-03	operations	50000 - 80000 USD per year
Gerber Collision & Glass	gerbercollision.com	Collision	Collision Auto Body Technician	Destin, Florida, United States, Northern America, Americas	https://careers.boydgroup.com/search/jobdetails/collision-auto-body-technician/fa5debbf-b127-470e-b396-b3cdaf572116?ejd=Default	2026-08-29	2026-10-02	manual_work	21 - 30 USD per hour
Gerber Collision & Glass	gerbercollision.com	Collision	Auto Collision Estimator	Sanford, Florida, United States, Northern America, Americas	https://careers.boydgroup.com/search/jobdetails/auto-collision-estimator/2cfd4f18-6c2e-4384-b3c4-76c9c693e4d0?ejd=Default	2026-08-29	2026-09-08	operations	49000 - 70000 USD per year
Gerber Collision & Glass	gerbercollision.com	Collision	Collision Customer Service Rep	Madison, Alabama, United States, Northern America, Americas	https://careers.boydgroup.com/search/jobdetails/collision-customer-service-rep/dbb6d49e-5e43-465a-b920-1ab49052408e?ejd=Default	2026-08-29	2026-09-14	support,administration	15 - 22 USD per hour
Gerber Collision & Glass	gerbercollision.com	Collision	Estimator	Pennsylvania, United States, Northern America, Americas	https://careers.boydgroup.com/search/jobdetails/estimator/47979069-2f48-40bc-9033-e3b415d0d2a8?ejd=Default	2026-08-29	2026-10-02	operations	50000 - 80000 USD per year
Gerber Collision & Glass	gerbercollision.com	Collision	Auto Body Technician	Roseville, Michigan, United States, Northern America, Americas	https://careers.boydgroup.com/search/jobdetails/auto-body-technician/08e340ab-4472-44ba-b794-65fd91e8ad20?ejd=Default	2026-08-29	2026-09-02	healthcare_services,manual_work	
Gerber Collision & Glass	gerbercollision.com	Collision	Auto Collision Estimator	St. Augustine, Florida, United States, Northern America, Americas	https://careers.boydgroup.com/search/jobdetails/auto-collision-estimator/2cca1081-ffd8-4998-a3fa-bd2e58a0cb88?ejd=Default	2026-08-29	2026-09-28	operations	49000 - 70000 USD per year
Gerber Collision & Glass	gerbercollision.com	Collision	CSR	Savannah, GA	https://www.linkedin.com/jobs/view/4459466156/	2026-08-28	2026-09-02		
Gerber Collision & Glass	gerbercollision.com	Collision	CSR	Savannah, GA	https://www.linkedin.com/jobs/view/4459477061/	2026-08-28	2026-09-04		
Gerber Collision & Glass	gerbercollision.com	Collision	Refinish Technician	Greensboro, North Carolina, United States, Northern America, Americas	https://careers.boydgroup.com/search/jobdetails/refinish-technician/74798bea-7340-40a5-8199-09f24b72afe8?ejd=Default	2026-08-28	2026-09-07	manual_work	21 - 30 USD per hour
Gerber Collision & Glass	gerbercollision.com	Collision	Auto Parts Coordinator	Searcy, Arkansas, United States, Northern America, Americas	https://careers.boydgroup.com/search/jobdetails/auto-parts-coordinator/6495578b-6f70-434c-8cb8-246168043df9?ejd=Default	2026-08-28	2026-09-11	operations	15.0 - 21.0 USD per hour
Gerber Collision & Glass	gerbercollision.com	Collision	Auto Body Technician	Seattle, Washington, United States, Northern America, Americas	https://careers.boydgroup.com/search/jobdetails/auto-body-technician/adbec99c-c76b-4fed-abbf-3b8a91553ac6?ejd=Default	2026-08-28	2026-10-03	manual_work	28 - 34 USD per hour
Gerber Collision & Glass	gerbercollision.com	Collision	Temporary Parts Coordinator	Kalamazoo, Michigan, United States, Northern America, Americas	https://careers.boydgroup.com/search/jobdetails/temporary-parts-coordinator/7777a531-58a2-4419-aa9a-3e8e7bd72666?ejd=Default	2026-08-28	2026-10-01	operations	16 - 20 USD per hour
Gerber Collision & Glass	gerbercollision.com	Collision	Collision Estimator	Horn Lake, Mississippi, United States, Northern America, Americas	https://careers.boydgroup.com/search/jobdetails/collision-estimator/9f249f45-0b5b-4f29-97e2-39bde349e639?ejd=Default	2026-08-28	2026-10-03	operations,support	50000 - 77000 USD per year
Gerber Collision & Glass	gerbercollision.com	Collision	Auto Body Technician	Seattle, Washington, United States, Northern America, Americas	https://careers.boydgroup.com/search/jobdetails/auto-body-technician/43f95492-6166-45b3-99f3-90e66563e0d1?ejd=Default	2026-08-28	2026-10-03	manual_work	28 - 34 USD per hour
Gerber Collision & Glass	gerbercollision.com	Collision	Auto Detailer/Porter	Westerville, Ohio, United States, Northern America, Americas	https://careers.boydgroup.com/search/jobdetails/auto-detailerporter/d1984412-591a-48d8-b5bb-55e6db55fd66?ejd=Default	2026-08-28	2026-09-07	manual_work,operations	16 - 20 USD per hour
Gerber Collision & Glass	gerbercollision.com	Collision	General Manager	Dublin, Georgia, United States, Northern America, Americas	https://careers.boydgroup.com/search/jobdetails/general-manager/973137b5-64a1-4031-8e96-2b4127769edc?ejd=Default	2026-08-28	2026-09-01	management,operations,food	$68,000 - $96,000 / Year
Gerber Collision & Glass	gerbercollision.com	Collision	Collision Prepper	Harvey, Louisiana, United States, Northern America, Americas	https://careers.boydgroup.com/search/jobdetails/collision-prepper/c3c45eba-b225-49d3-8550-31b8a209d8b9?ejd=Default	2026-08-28	2026-09-27	manual_work	15 - 20 USD per hour
Gerber Collision & Glass	gerbercollision.com	Collision	Collision Porter	Hudsonville, Michigan, United States, Northern America, Americas	https://careers.boydgroup.com/search/jobdetails/collision-porter/4696fbde-183a-4dd4-ba49-169d2df02771?ejd=Default	2026-08-28	2026-09-21	manual_work	16.0 - 19.0 USD per hour
Gerber Collision & Glass	gerbercollision.com	Collision	Collision Market Manager	Pennsylvania, United States, Northern America, Americas	https://careers.boydgroup.com/search/jobdetails/collision-market-manager/4fbfb13e-90dd-4fcc-9419-80b1e1d4df60?ejd=Default	2026-08-28	2026-10-03	management,operations	120000 - 150000 USD per year
Gerber Collision & Glass	gerbercollision.com	Collision	Automotive Porter	Phoenix, Arizona, United States, Northern America, Americas	https://careers.boydgroup.com/search/jobdetails/automotive-porter/4edbcae2-49c9-4f4f-baf5-4d97292bddaa?ejd=Default	2026-08-28	2026-10-01	manual_work	16 - 18 USD per hour
Gerber Collision & Glass	gerbercollision.com	Collision	Collision Porter	Ann Arbor, Michigan, United States, Northern America, Americas	https://careers.boydgroup.com/search/jobdetails/collision-porter/c64ff760-7c23-486a-ad19-83f7c4528fa3?ejd=Default	2026-08-28	2026-09-11	operations	16.0 - 19.0 USD per hour
Gerber Collision & Glass	gerbercollision.com	Collision	Estimator	Perrysburg, Ohio, United States, Northern America, Americas	https://careers.boydgroup.com/search/jobdetails/estimator/df7410f1-b967-4cdb-b130-0c77dcf4177f?ejd=Default	2026-08-28	2026-09-11	operations	50000 - 100000 USD per year
Gerber Collision & Glass	gerbercollision.com	Collision	Collision porter	Midlothian, Texas, United States, Northern America, Americas	https://careers.boydgroup.com/search/jobdetails/collision-porter/506e8116-baec-4ba0-9a8e-57962285680a?ejd=Default	2026-08-28	2026-09-07	manual_work	14.0 - 18.0 USD per hour
Gerber Collision & Glass	gerbercollision.com	Collision	Collision Auto Detailer/ Porter	West Palm Beach, Florida, United States, Northern America, Americas	https://careers.boydgroup.com/search/jobdetails/collision-auto-detailer-porter/55cad4de-7dd7-4c5e-a275-0b81fd609e2a?ejd=Default	2026-08-28	2026-09-03	manual_work	$15- $17 / Hour
Gerber Collision & Glass	gerbercollision.com	Collision	Automotive Porter	Waipahu, Hawaii, United States, Northern America, Americas	https://careers.boydgroup.com/search/jobdetails/automotive-porter/a305e826-00d3-4554-9a6a-2d9ed1b6daf9?ejd=Default	2026-08-28	2026-10-01	manual_work	17.5 - 24.5 USD per hour
Gerber Collision & Glass	gerbercollision.com	Collision	Collision General Manager	Beaver Dam, Wisconsin, United States, Northern America, Americas	https://careers.boydgroup.com/search/jobdetails/collision-general-manager/3dfdd941-8cf8-448f-b55c-c33715bbb0a2?ejd=Default	2026-08-28	2026-10-03	management,operations	65000 - 110000 USD per year
Gerber Collision & Glass	gerbercollision.com	Collision	Detailer/Porter	North Ridgeville, Ohio, United States, Northern America, Americas	https://careers.boydgroup.com/search/jobdetails/detailerporter/1b49d4fd-d568-4b74-bea3-d3992d5314df?ejd=Default	2026-08-28	2026-09-01	design,manual_work	Hourly $16 - $20
Gerber Collision & Glass	gerbercollision.com	Collision	Pre - TDP Trainee	Richmond Hill, Georgia, United States, Northern America, Americas	https://careers.boydgroup.com/search/jobdetails/pre---tdp-trainee/8d28340d-24d5-4be5-8ef7-400a4a223a8d?ejd=Default	2026-08-28	2026-09-17	manual_work	15.0 - 21.0 USD per hour
Gerber Collision & Glass	gerbercollision.com	Collision	Auto Body Technician	Titusville, Florida, United States, Northern America, Americas	https://careers.boydgroup.com/search/jobdetails/auto-body-technician/045d0fc0-377c-4888-b9e0-4daf704cf46b?ejd=Default	2026-08-28	2026-09-27	manual_work	20 - 29 USD per hour
Gerber Collision & Glass	gerbercollision.com	Collision	Collision Estimator	Holland, Michigan, United States, Northern America, Americas	https://careers.boydgroup.com/search/jobdetails/collision-estimator/5380c0e0-3e3f-40d2-b0cd-94631b0b702f?ejd=Default	2026-08-27	2026-10-02	operations	50000 - 100000 USD per year
Gerber Collision & Glass	gerbercollision.com	Collision	Collision Parts Coordinator	College Station, Texas, United States, Northern America, Americas	https://careers.boydgroup.com/search/jobdetails/collision-parts-coordinator/13753328-cb3a-4417-81d7-2103d28eb855?ejd=Default	2026-08-27	2026-09-24	operations	14.25 - 20.0 USD per hour
Gerber Collision & Glass	gerbercollision.com	Collision	Collision Estimator	Hudson, Wisconsin, United States, Northern America, Americas	https://careers.boydgroup.com/search/jobdetails/collision-estimator/2466650d-d30f-4335-b069-31e4a547b789?ejd=Default	2026-08-27	2026-09-14	operations	46800 - 80000 USD per year
Gerber Collision & Glass	gerbercollision.com	Collision	Collision Auto Body Technician	Mandeville, Louisiana, United States, Northern America, Americas	https://careers.boydgroup.com/search/jobdetails/collision-auto-body-technician/341c4e3c-a89f-467e-9b5b-2b07f398ecee?ejd=Default	2026-08-27	2026-10-02	manual_work	20 - 30 USD per hour
Gerber Collision & Glass	gerbercollision.com	Collision	Collision Auto Body Technician	Starkville, Mississippi, United States, Northern America, Americas	https://careers.boydgroup.com/search/jobdetails/collision-auto-body-technician/aedab350-b5bd-47e6-9bb0-c8d302848d06?ejd=Default	2026-08-27	2026-09-26	manual_work	20 - 30 USD per hour
Gerber Collision & Glass	gerbercollision.com	Collision	Collision Parts Coordinator	Northville, Michigan, United States, Northern America, Americas	https://careers.boydgroup.com/search/jobdetails/collision-parts-coordinator/8702c69f-311b-42cf-b641-d7921f0a363b?ejd=Default	2026-08-27	2026-09-02	operations,manual_work	$17.00 - $21.00/hour
Gerber Collision & Glass	gerbercollision.com	Collision	Porter	Laurel, MD	https://www.linkedin.com/jobs/view/4457172108/	2026-08-26	2026-09-02	manual_work	
Gerber Collision & Glass	gerbercollision.com	Collision	Auto Body Technician	Gig Harbor, Washington, United States, Northern America, Americas	https://careers.boydgroup.com/search/jobdetails/auto-body-technician/58f8d308-cfd5-4868-b6db-7d20507507fc?ejd=Default	2026-08-26	2026-10-03	manual_work	26 - 33 USD per hour
Gerber Collision & Glass	gerbercollision.com	Collision	Collision General Manager	Lafayette, Indiana, United States, Northern America, Americas	https://careers.boydgroup.com/search/jobdetails/collision-general-manager/b7e71010-7f79-4d36-ab33-71f6b3f8cf36?ejd=Default	2026-08-26	2026-09-28	management,operations	90000 - 115000 USD per year
Gerber Collision & Glass	gerbercollision.com	Collision	Auto Body Technician	Racine, Wisconsin, United States, Northern America, Americas	https://careers.boydgroup.com/search/jobdetails/auto-body-technician/e03aaed2-505d-4155-a09e-bcb5350e9dae?ejd=Default	2026-08-26	2026-10-03	manual_work	70000 - 125000 USD per year
Gerber Collision & Glass	gerbercollision.com	Collision	Pre - Auto Technician Development Program (TDP) Trainee	Corona, California, United States, Northern America, Americas	https://careers.boydgroup.com/search/jobdetails/pre---auto-technician-development-program-tdp-trainee/71111650-b01d-4f62-9e37-058bdf6f1416?ejd=Default	2026-08-26	2026-10-03	manual_work	15 - 18 USD per hour
Gerber Collision & Glass	gerbercollision.com	Collision	Auto Body Technician	Pflugerville, Texas, United States, Northern America, Americas	https://careers.boydgroup.com/search/jobdetails/auto-body-technician/d8d142dc-b0f0-4198-998c-7b98fdb6b571?ejd=Default	2026-08-26	2026-09-13	manual_work	90000 - 150000 USD per year
Gerber Collision & Glass	gerbercollision.com	Collision	Estimator	Watertown, Wisconsin, United States, Northern America, Americas	https://careers.boydgroup.com/search/jobdetails/estimator/a2967a83-e4a0-4c22-b5ee-2fe7503c2826	2026-08-26	2026-09-01	operations	46800 - 80000 USD per year
Gerber Collision & Glass	gerbercollision.com	Collision	Estimator	Skokie, Illinois, United States, Northern America, Americas	https://careers.boydgroup.com/search/jobdetails/estimator/d34e756c-485d-40d9-bdcd-94ab8960ed48?ejd=Default	2026-08-26	2026-10-03	operations	47000 - 180000 USD per year
Gerber Collision & Glass	gerbercollision.com	Collision	Auto Body Technician	Clawson, Michigan, United States, Northern America, Americas	https://careers.boydgroup.com/search/jobdetails/auto-body-technician/d5105074-9dc2-41e9-887b-15e6443cb56a?ejd=Default	2026-08-26	2026-09-14	manual_work	24.0 - 29.0 USD per hour
Gerber Collision & Glass	gerbercollision.com	Collision	Refinish Technician (Flat Rate)	Madisonville, Kentucky, United States, Northern America, Americas	https://careers.boydgroup.com/search/jobdetails/refinish-technician-flat-rate/cc6100a8-d7f7-4bc3-8690-040857e17284?ejd=Default	2026-08-26	2026-09-15	manual_work	75000 - 75000 USD per year
Gerber Collision & Glass	gerbercollision.com	Collision	Auto Body Technician	Tacoma, Washington, United States, Northern America, Americas	https://careers.boydgroup.com/search/jobdetails/auto-body-technician/6c1af88e-6a57-4d9b-8c65-04a73034181b?ejd=Default	2026-08-26	2026-10-03	manual_work	26 - 33 USD per hour
Gerber Collision & Glass	gerbercollision.com	Collision	Refinish Technician	Milwaukee, Wisconsin, United States, Northern America, Americas	https://careers.boydgroup.com/search/jobdetails/refinish-technician/eaa788c9-676d-4af0-9d90-cbaeafe593d4?ejd=Default	2026-08-26	2026-10-03	manual_work	50000 - 100000 USD per year
Gerber Collision & Glass	gerbercollision.com	Collision	CSR	Woodinville, WA	https://www.linkedin.com/jobs/view/4452778480/	2026-08-26	2026-09-10		
Gerber Collision & Glass	gerbercollision.com	Collision	Customer Service Rep	Avon, CO	https://www.linkedin.com/jobs/view/4456602672/	2026-08-26	2026-09-17	support	
Gerber Collision & Glass	gerbercollision.com	Collision	CSR	Yuma, AZ	https://www.linkedin.com/jobs/view/4456076016/	2026-08-26	2026-09-04		
Gerber Collision & Glass	gerbercollision.com	Collision	Collision Center Manager	Monroe, WI	https://www.linkedin.com/jobs/view/4456294095/	2026-08-26	2026-09-09	management,operations	
Gerber Collision & Glass	gerbercollision.com	Collision	Pre - TDP Trainee	Michigan, United States, Northern America, Americas	https://careers.boydgroup.com/search/jobdetails/pre---tdp-trainee/30c86013-f271-4e90-95be-55ffed54023c?ejd=Default	2026-08-26	2026-09-22	manual_work	18 - 21 USD per hour
Gerber Collision & Glass	gerbercollision.com	Collision	Collision General Manager	Muskegon, Michigan, United States, Northern America, Americas	https://careers.boydgroup.com/search/jobdetails/collision-general-manager/2118b50e-699b-42d8-a0c4-137878da094d?ejd=Default	2026-08-26	2026-09-10	management,operations	90000 - 100000 USD per year
Gerber Collision & Glass	gerbercollision.com	Collision	Auto Body Technician	Buford, Georgia, United States, Northern America, Americas	https://careers.boydgroup.com/search/jobdetails/auto-body-technician/772e5d8a-e3a9-4e32-9c51-1448fa0cddd0?ejd=Default	2026-08-26	2026-09-10	manual_work	23 - 33 USD per hour
Gerber Collision & Glass	gerbercollision.com	Collision	General Manager	Louisville, Kentucky, United States, Northern America, Americas	https://careers.boydgroup.com/search/jobdetails/general-manager/bc74c1c1-8a33-4eb5-b8d5-c80fad774e23?ejd=Default	2026-08-26	2026-10-02	management	100000 - 125000 USD per year
Gerber Collision & Glass	gerbercollision.com	Collision	Auto Body Technician	Wichita Falls, Texas, United States, Northern America, Americas	https://careers.boydgroup.com/search/jobdetails/auto-body-technician/34046cd5-41ca-40bf-bf24-69adf69265b4?ejd=Default	2026-08-25	2026-09-29	manual_work	21.0 - 30.0 USD per hour
Gerber Collision & Glass	gerbercollision.com	Collision	Auto Body Technician (Flat Rate)	Louisville, Kentucky, United States, Northern America, Americas	https://careers.boydgroup.com/search/jobdetails/auto-body-technician-flat-rate/befc33e5-663a-4508-ba29-7b18ac657488?ejd=Default	2026-08-25	2026-09-29	manual_work	75000 - 75000 USD per year
Gerber Collision & Glass	gerbercollision.com	Collision	Auto Body Technician	Newcastle, Oklahoma, United States, Northern America, Americas	https://careers.boydgroup.com/search/jobdetails/auto-body-technician/84b06ddf-97e5-4236-875f-61c34c51b28b?ejd=Default	2026-08-25	2026-09-22	manual_work	21.0 - 30.0 USD per hour
Gerber Collision & Glass	gerbercollision.com	Collision	Auto Detailer/Porter	Highland, Illinois, United States, Northern America, Americas	https://careers.boydgroup.com/search/jobdetails/auto-detailerporter/a6d4cfea-6080-4acd-b459-00c95053ab48?ejd=Default	2026-08-25	2026-09-09	manual_work	15 - 20 USD per hour
Gerber Collision & Glass	gerbercollision.com	Collision	Auto Body Technician	Bloomington, Illinois, United States, Northern America, Americas	https://careers.boydgroup.com/search/jobdetails/auto-body-technician/0184b829-9a4c-4f49-af1a-81174e64924f?ejd=Default	2026-08-25	2026-10-03	manual_work	65000 - 165000 USD per year
Gerber Collision & Glass	gerbercollision.com	Collision	Auto Body Technician	Wheatfield, New York, United States, Northern America, Americas	https://careers.boydgroup.com/search/jobdetails/auto-body-technician/78cd8e67-08c1-45b0-a0d8-1204129be46a?ejd=Default	2026-08-25	2026-10-03	manual_work	65000 - 165000 USD per year
Gerber Collision & Glass	gerbercollision.com	Collision	Auto Body Technician	Michigan, United States, Northern America, Americas	https://careers.boydgroup.com/search/jobdetails/auto-body-technician/ac2c7c4b-7cc0-4152-884e-4e3f9afedf7a?ejd=Default	2026-08-25	2026-10-03	manual_work	24.0 - 29.0 USD per hour
Gerber Collision & Glass	gerbercollision.com	Collision	Customer Service Representative	Newnan, Georgia, United States, Northern America, Americas	https://careers.boydgroup.com/search/jobdetails/customer-service-representative/140881a5-9a1b-44c8-8672-052241fc4bd9?ejd=Default	2026-08-25	2026-09-07	support	16 - 23 USD per hour
Gerber Collision & Glass	gerbercollision.com	Collision	Porter / Auto Detailer	Olean, New York, United States, Northern America, Americas	https://careers.boydgroup.com/search/jobdetails/porter--auto-detailer/0f20302a-6e6c-4aa3-8c8e-8e428557ff2c?ejd=Default	2026-08-25	2026-09-07	manual_work,operations	14 - 19 USD per hour
Gerber Collision & Glass	gerbercollision.com	Collision	Estimator In Training	Angola, Indiana, United States, Northern America, Americas	https://careers.boydgroup.com/search/jobdetails/estimator-in-training/86d4145d-267d-4025-8f1c-556857c77afc?ejd=Default	2026-08-25	2026-09-27	operations	18 - 22 USD per hour
Gerber Collision & Glass	gerbercollision.com	Collision	Porter	Bedford, OH	https://www.linkedin.com/jobs/view/4455680876/	2026-08-25	2026-09-10	manual_work	
Gerber Collision & Glass	gerbercollision.com	Collision	Estimator	Boardman, Ohio, United States, Northern America, Americas	https://careers.boydgroup.com/search/jobdetails/estimator/0d6dcc51-4029-45a4-8f19-2edfa3d15df2?ejd=Default	2026-08-25	2026-10-03	operations	50000 - 100000 USD per year
Gerber Collision & Glass	gerbercollision.com	Collision	Collision General Manager	San Antonio, Texas, United States, Northern America, Americas	https://careers.boydgroup.com/search/jobdetails/collision-general-manager/01f972b8-e214-4df4-9330-5c5630577b12?ejd=Default	2026-08-25	2026-09-17	management,operations	75000 - 100000 USD per year
Gerber Collision & Glass	gerbercollision.com	Collision	Auto Detailer/Porter	Arlington Heights, Illinois, United States, Northern America, Americas	https://careers.boydgroup.com/search/jobdetails/auto-detailerporter/2ea56132-e981-4f48-93ae-1cbd07a89ba2?ejd=Default	2026-08-25	2026-09-07	manual_work	15 - 20 USD per hour
Gerber Collision & Glass	gerbercollision.com	Collision	Collision General Manager	Warren, Michigan, United States, Northern America, Americas	https://careers.boydgroup.com/search/jobdetails/collision-general-manager/e03672fa-980a-4f53-9a4d-578961fd4976?ejd=Default	2026-08-25	2026-10-03	management,operations	90000 - 100000 USD per year
Gerber Collision & Glass	gerbercollision.com	Collision	Auto Body Technician	Milford, Ohio, United States, Northern America, Americas	https://careers.boydgroup.com/search/jobdetails/auto-body-technician/e14e8f9d-38fb-4ceb-ab59-47b46e434c64?ejd=Default	2026-08-25	2026-10-03	manual_work	20 - 28 USD per hour
Gerber Collision & Glass	gerbercollision.com	Collision	Estimator	Pensacola, Florida, United States, Northern America, Americas	https://careers.boydgroup.com/search/jobdetails/estimator/66d4a4b8-3053-462c-85ad-4607328dc9c7?ejd=Default	2026-08-25	2026-10-03	operations	50000 - 77000 USD per year
Gerber Collision & Glass	gerbercollision.com	Collision	Collision Parts Coordinator	Muskegon, Michigan, United States, Northern America, Americas	https://careers.boydgroup.com/search/jobdetails/collision-parts-coordinator/4c9b4b4c-2d06-44b3-9e39-09805c62162d?ejd=Default	2026-08-25	2026-09-07	operations	18.0 - 21.0 USD per hour
Gerber Collision & Glass	gerbercollision.com	Collision	Collision Estimator	Newcastle, Oklahoma, United States, Northern America, Americas	https://careers.boydgroup.com/search/jobdetails/collision-estimator/fe46e416-220f-4b9e-afc7-d9e4a7a5b7cd?ejd=Default	2026-08-24	2026-09-21	operations	49000 - 70000 USD per year
Gerber Collision & Glass	gerbercollision.com	Collision	Customer Service Representative	Derby, Kansas, United States, Northern America, Americas	https://careers.boydgroup.com/search/jobdetails/customer-service-representative/8926cd32-3a6a-4a68-8d3f-596f7818c7d7?ejd=Default	2026-08-24	2026-09-15	support	15.0 - 21.0 USD per hour
Gerber Collision & Glass	gerbercollision.com	Collision	Collision General Manager	Missouri, United States, Northern America, Americas	https://careers.boydgroup.com/search/jobdetails/collision-general-manager/3b935308-63c9-40ab-9265-70f25ad538c9?ejd=Default	2026-08-24	2026-10-02	management	75000 - 106000 USD per year
Gerber Collision & Glass	gerbercollision.com	Collision	Porter	Lexington, KY	https://www.linkedin.com/jobs/view/4456064948/	2026-08-24	2026-09-04	manual_work	
Gerber Collision & Glass	gerbercollision.com	Collision	Sr. Data Engineer	Burlington, Ontario, Canada	https://www.linkedin.com/jobs/view/4454447848/	2026-08-23	2026-09-21	data_analysis,engineering,information_technology	
Gerber Collision & Glass	gerbercollision.com	Collision	Porter	Bremerton, WA	https://www.linkedin.com/jobs/view/4454904564/	2026-08-23	2026-09-12	manual_work	
Gerber Collision & Glass	gerbercollision.com	Collision	Porter	Sherman, TX	https://www.linkedin.com/jobs/view/4454456824/	2026-08-23	2026-09-05	manual_work	
Gerber Collision & Glass	gerbercollision.com	Collision	Collision Market Manager	Kokomo, Indiana, United States, Northern America, Americas	https://careers.boydgroup.com/search/jobdetails/collision-market-manager/24ca0b58-6aab-427b-90be-62009b1424e6?ejd=Default	2026-08-23	2026-09-23	operations,management	120000 - 130000 USD per year
Gerber Collision & Glass	gerbercollision.com	Collision	Estimator	Paducah, Kentucky, United States, Northern America, Americas	https://careers.boydgroup.com/search/jobdetails/estimator/a11a2314-0003-4d6c-bbf3-5e2fa28339d7?ejd=Default	2026-08-23	2026-09-07	operations	70000 - 70000 USD per year
Gerber Collision & Glass	gerbercollision.com	Collision	Collision Manager In Training	Highland, Illinois, United States, Northern America, Americas	https://careers.boydgroup.com/search/jobdetails/collision-manager-in-training/7b4f6741-c993-4117-a97f-4cd8e063fdde?ejd=Default	2026-08-23	2026-10-03	management,operations	70000 - 90000 USD per year
Gerber Collision & Glass	gerbercollision.com	Collision	Pre - TDP Trainee	Roswell, Georgia, United States, Northern America, Americas	https://careers.boydgroup.com/search/jobdetails/pre---tdp-trainee/559059df-d9e3-43c7-a084-e1505d2728de?ejd=Default	2026-08-22	2026-10-03	manual_work	18.0 - 21.0 USD per hour
Gerber Collision & Glass	gerbercollision.com	Collision	Automotive Mobile ADAS Technician	Michigan, United States, Northern America, Americas	https://careers.boydgroup.com/search/jobdetails/automotive-mobile-adas-technician/08a545fe-3a45-4a71-8734-f7f3730f35f0?ejd=Default	2026-08-22	2026-09-23	engineering,manual_work	60000 - 95000 USD per year
Gerber Collision & Glass	gerbercollision.com	Collision	Pre - TDP Trainee	Lafayette, Louisiana, United States, Northern America, Americas	https://careers.boydgroup.com/search/jobdetails/pre---tdp-trainee/d5420f8e-3f46-4dab-9a85-ad11dae7c88e?ejd=Default	2026-08-22	2026-09-21	engineering	15.0 - 18.0 USD per hour
Gerber Collision & Glass	gerbercollision.com	Collision	Collision Estimator	Kalamazoo, Michigan, United States, Northern America, Americas	https://careers.boydgroup.com/search/jobdetails/collision-estimator/d3872f37-8716-468d-8c19-a57e42a1c343?ejd=Default	2026-08-22	2026-09-11	operations	75000 - 110000 USD per year
Gerber Collision & Glass	gerbercollision.com	Collision	Pre - TDP Trainee	Portland, Oregon, United States, Northern America, Americas	https://careers.boydgroup.com/search/jobdetails/pre---tdp-trainee/8246f929-5e14-46eb-aad8-4ad61a119fec?ejd=Default	2026-08-22	2026-10-02	engineering	15.0 - 18.0 USD per hour
Gerber Collision & Glass	gerbercollision.com	Collision	Estimator	Columbus, Georgia, United States, Northern America, Americas	https://careers.boydgroup.com/search/jobdetails/estimator/132b8c51-cb05-463a-99df-2311d2ab1dbe?ejd=Default	2026-08-21	2026-09-02	operations	
Gerber Collision & Glass	gerbercollision.com	Collision	Auto Body technician	Flower Mound, Texas, United States, Northern America, Americas	https://careers.boydgroup.com/search/jobdetails/auto-body-technician/7027e7a1-a318-404f-8fa5-17f73b76d53d?ejd=Default	2026-08-21	2026-09-14	manual_work	23.0 - 30.0 USD per hour
Gerber Collision & Glass	gerbercollision.com	Collision	Estimator	Berea, Ohio, United States, Northern America, Americas	https://careers.boydgroup.com/search/jobdetails/estimator/30652b3d-1171-4d59-9013-4552b66e5e78?ejd=Default	2026-08-21	2026-10-02	operations	50000 - 100000 USD per year
Gerber Collision & Glass	gerbercollision.com	Collision	Customer Service Representative	Monroe, Wisconsin, United States, Northern America, Americas	https://careers.boydgroup.com/search/jobdetails/customer-service-representative/f2d8f12a-792e-4d0e-892d-1d18d7068a67?ejd=Default	2026-08-21	2026-09-02	support	18 - 22 USD per hour
Gerber Collision & Glass	gerbercollision.com	Collision	General Manager	Murfreesboro, Tennessee, United States, Northern America, Americas	https://careers.boydgroup.com/search/jobdetails/general-manager/ed3c5b63-e040-4893-82ff-e43e5962da19?ejd=Default	2026-08-21	2026-09-10	management	90000 - 95000 USD per year
Gerber Collision & Glass	gerbercollision.com	Collision	Collision Estimator	Tyler, Texas, United States, Northern America, Americas	https://careers.boydgroup.com/search/jobdetails/collision-estimator/a55cfcbc-0603-4d09-bae0-0dc0708b7566?ejd=Default	2026-08-21	2026-09-20	operations	49000 - 70000 USD per year
Gerber Collision & Glass	gerbercollision.com	Collision	Collision Estimator	Marco Island, Florida, United States, Northern America, Americas	https://careers.boydgroup.com/search/jobdetails/collision-estimator/4fc5cb50-11a0-4f48-a18c-90edcbfa9422?ejd=Default	2026-08-21	2026-09-22	operations	55000 - 80000 USD per year
Gerber Collision & Glass	gerbercollision.com	Collision	Collision General Manager	Madison, Alabama, United States, Northern America, Americas	https://careers.boydgroup.com/search/jobdetails/collision-general-manager/b203e1df-8617-4ab1-b9d7-080fd357b258?ejd=Default	2026-08-21	2026-09-10	management,operations	74000 - 106000 USD per year
Gerber Collision & Glass	gerbercollision.com	Collision	Body Technician (FRT)	Milford, Ohio, United States, Northern America, Americas	https://careers.boydgroup.com/search/jobdetails/body-technician-frt/1fe73be3-2253-49b6-9bab-12ff7c3da6e2?ejd=Default	2026-08-21	2026-10-02	manual_work	20 - 28 USD per hour
Gerber Collision & Glass	gerbercollision.com	Collision	Auto Body Technician (McIvor)	Calgary, Alberta, Canada, Northern America, Americas	https://careers.boydgroup.com/search/jobdetails/auto-body-technician-mcivor/e2a43f25-68a2-4464-a68c-d848fdddc0a0?ejd=Default	2026-08-21	2026-09-28	manual_work	30 - 32 CAD per hour
Gerber Collision & Glass	gerbercollision.com	Collision	Estimator	Schaumburg, Illinois, United States, Northern America, Americas	https://careers.boydgroup.com/search/jobdetails/estimator/045a45f8-ecb0-4a5a-958c-1262d55906b1?ejd=Default	2026-08-21	2026-09-28	operations	47000 - 150000 USD per year
Gerber Collision & Glass	gerbercollision.com	Collision	Auto Glass Installer (Austin)	Austin, Texas, United States, Northern America, Americas	https://careers.boydgroup.com/search/jobdetails/auto-glass-installer-austin/674a5311-a918-4dc6-904f-90a7aea8a366?ejd=Default	2026-08-21	2026-09-18	manual_work	
Gerber Collision & Glass	gerbercollision.com	Collision	Estimator	La Crosse, Wisconsin, United States, Northern America, Americas	https://careers.boydgroup.com/search/jobdetails/estimator/7c76e7b6-0060-42d8-8610-705d2e543417?ejd=Default	2026-08-21	2026-09-09	operations	46800 - 80000 USD per year
Gerber Collision & Glass	gerbercollision.com	Collision	Collision General Manager	Lexington, South Carolina, United States, Northern America, Americas	https://careers.boydgroup.com/search/jobdetails/collision-general-manager/19c5d9b6-1fcd-4b55-934a-54e44b04df74?ejd=Default	2026-08-21	2026-09-01	management,operations	75000 - 120000 USD per year
Gerber Collision & Glass	gerbercollision.com	Collision	Auto Body Technician (Flat Rate)	Paducah, Kentucky, United States, Northern America, Americas	https://careers.boydgroup.com/search/jobdetails/auto-body-technician-flat-rate/2db88a2d-d8a7-4c62-9201-8644a4d5fbb1?ejd=Default	2026-08-21	2026-09-21	manual_work	75000 - 75000 USD per year
Gerber Collision & Glass	gerbercollision.com	Collision	Auto Body Technician	Shakopee, Minnesota, United States, Northern America, Americas	https://careers.boydgroup.com/search/jobdetails/auto-body-technician/960344a9-db07-47c7-9617-6b54edf6515e?ejd=Default	2026-08-21	2026-10-03	manual_work	70000 - 125000 USD per year
Gerber Collision & Glass	gerbercollision.com	Collision	Automotive Painter	Joplin, Missouri, United States, Northern America, Americas	https://careers.boydgroup.com/search/jobdetails/automotive-painter/4a23819b-1e62-42c1-8e35-4d3d8f7b2bb2?ejd=Default	2026-08-21	2026-09-01	manual_work	21.0 - 30.0 USD per hour
Gerber Collision & Glass	gerbercollision.com	Collision	Auto Body Technician	Novi, Michigan, United States, Northern America, Americas	https://careers.boydgroup.com/search/jobdetails/auto-body-technician/dc45fbf8-fe65-4ea0-99e1-0d637a14db39?ejd=Default	2026-08-20	2026-10-03	manual_work	24.0 - 29.0 USD per hour
Gerber Collision & Glass	gerbercollision.com	Collision	Refinish Technician	Orland Park, Illinois, United States, Northern America, Americas	https://careers.boydgroup.com/search/jobdetails/refinish-technician/748e5015-5fca-4d23-89f0-2c15b8e3691c?ejd=Default	2026-08-20	2026-09-01	manual_work	60000 - 180000 USD per year
Gerber Collision & Glass	gerbercollision.com	Collision	Estimator	Albertville, Minnesota, United States, Northern America, Americas	https://careers.boydgroup.com/search/jobdetails/estimator/1a05e48b-956b-4510-ba0f-2947f669dd68?ejd=Default	2026-08-20	2026-09-01	operations	46800 - 80000 USD per year
Gerber Collision & Glass	gerbercollision.com	Collision	Collision Manager in Training	Fort Wayne, Indiana, United States, Northern America, Americas	https://careers.boydgroup.com/search/jobdetails/collision-manager-in-training/66071ba5-b7f1-4ef7-8b5b-8cfd1a42998c?ejd=Default	2026-08-20	2026-09-13	management	
Gerber Collision & Glass	gerbercollision.com	Collision	Estimator In Training	Zachary, Louisiana, United States, Northern America, Americas	https://careers.boydgroup.com/search/jobdetails/estimator-in-training/de986b40-9719-4fc8-b1c0-17925ad0bf27?ejd=Default	2026-08-20	2026-10-03	operations	16 - 23 USD per hour
Gerber Collision & Glass	gerbercollision.com	Collision	Automotive Porter	Alexandria, Minnesota, United States, Northern America, Americas	https://careers.boydgroup.com/search/jobdetails/automotive-porter/6cfef572-b76d-4dab-a7cc-4865ebc628c3?ejd=Default	2026-08-20	2026-10-03	manual_work	18 - 22 USD per hour
Gerber Collision & Glass	gerbercollision.com	Collision	Auto Body Technician	Fort Wayne, Indiana, United States, Northern America, Americas	https://careers.boydgroup.com/search/jobdetails/auto-body-technician/1a86e5fb-2c8c-4704-917e-68a13ea376ef?ejd=Default	2026-08-20	2026-10-04	manual_work	24 - 29 USD per hour
Gerber Collision & Glass	gerbercollision.com	Collision	Collision Porter	Prairieville, Louisiana, United States, Northern America, Americas	https://careers.boydgroup.com/search/jobdetails/collision-porter/88764617-c95b-4a03-ac31-be376bf0bd16?ejd=Default	2026-08-20	2026-09-13	operations	12 - 20 USD per hour
Gerber Collision & Glass	gerbercollision.com	Collision	Automotive Porter	Davis, California, United States, Northern America, Americas	https://careers.boydgroup.com/search/jobdetails/automotive-porter/449a49a6-8ae0-4b52-a977-f9dfc45fdff9?ejd=Default	2026-08-20	2026-09-08	manual_work	17 - 24 USD per hour
Gerber Collision & Glass	gerbercollision.com	Collision	Collision Estimator (Hrly) - JHCC	Hinesville, Georgia, United States, Northern America, Americas	https://careers.boydgroup.com/search/jobdetails/collision-estimator-hrly---jhcc/91dbe979-18b8-4969-96d0-c5b9326a97d7?ejd=Default	2026-08-20	2026-09-02	operations	49000 - 70000 USD per year
Gerber Collision & Glass	gerbercollision.com	Collision	Auto Body Technician	Ankeny, Iowa, United States, Northern America, Americas	https://careers.boydgroup.com/search/jobdetails/auto-body-technician/d6f2cd7e-9334-4e3f-a4c4-b71cfeb0967a?ejd=Default	2026-08-20	2026-09-10	manual_work	70000 - 125000 USD per year
Gerber Collision & Glass	gerbercollision.com	Collision	Collision Estimator	Ann Arbor, Michigan, United States, Northern America, Americas	https://careers.boydgroup.com/search/jobdetails/collision-estimator/3f0ba2f9-84e5-4118-ad6d-f66beb885cd7?ejd=Default	2026-08-20	2026-10-03	operations	50000 - 100000 USD per year
Gerber Collision & Glass	gerbercollision.com	Collision	Collision General Manager	Valrico, Florida, United States, Northern America, Americas	https://careers.boydgroup.com/search/jobdetails/collision-general-manager/e145f1b3-4d7c-4384-bf9f-eccb3f7afeed?ejd=Default	2026-08-20	2026-09-08	management,operations	75000 - 106000 USD per year
Gerber Collision & Glass	gerbercollision.com	Collision	Auto Body Estimator	Colorado Springs, Colorado, United States, Northern America, Americas	https://careers.boydgroup.com/search/jobdetails/auto-body-estimator/eab066bc-d247-48dc-bab1-fc04b8f2c8cf?ejd=Default	2026-08-19	2026-09-08	operations	55000 - 78000 USD per year
Gerber Collision & Glass	gerbercollision.com	Collision	General Manager - Huntsville	Huntsville, Alabama, United States, Northern America, Americas	https://careers.boydgroup.com/search/jobdetails/collision-general-manager---huntsville/2d39d627-3ded-4ed8-8c8b-39763487eade?ejd=Default	2026-08-19	2026-10-02	management	75000 - 106000 USD per year
Gerber Collision & Glass	gerbercollision.com	Collision	Refinish Technician	Loveland, Colorado, United States, Northern America, Americas	https://careers.boydgroup.com/search/jobdetails/refinish-technician/fed42abd-30b4-46c1-9b6d-3b162345b3ae?ejd=Default	2026-08-19	2026-09-14	manual_work	23 - 33 USD per hour
Gerber Collision & Glass	gerbercollision.com	Collision	Auto Body Technician	San Antonio, Texas, United States, Northern America, Americas	https://careers.boydgroup.com/search/jobdetails/auto-body-technician/bbae6a15-0bb6-4168-801a-4c1172e1d609?ejd=Default	2026-08-19	2026-09-14	manual_work	80000 - 120000 USD per year
Gerber Collision & Glass	gerbercollision.com	Collision	Auto Body Estimator	Lakewood, Colorado, United States, Northern America, Americas	https://careers.boydgroup.com/search/jobdetails/auto-body-estimator/ae2357ec-6040-45d4-890f-3314bb702929?ejd=Default	2026-08-19	2026-10-02	operations	60000 - 86000 USD per year
Gerber Collision & Glass	gerbercollision.com	Collision	Estimator In Training	Rockford, Michigan, United States, Northern America, Americas	https://careers.boydgroup.com/search/jobdetails/estimator-in-training/b702854a-41f7-4cb1-8ff2-465d4c46503d?ejd=Default	2026-08-19	2026-09-13	operations	19.0 - 22.0 USD per hour
Gerber Collision & Glass	gerbercollision.com	Collision	Pre - TDP Trainee	Hammond, Louisiana, United States, Northern America, Americas	https://careers.boydgroup.com/search/jobdetails/pre---tdp-trainee/f1c94a9c-13b4-44eb-b8cb-7b2dd48e382b?ejd=Default	2026-08-19	2026-09-17	manual_work	18.0 - 21.0 USD per hour
Gerber Collision & Glass	gerbercollision.com	Collision	Collision Estimator	Mundelein, Illinois, United States, Northern America, Americas	https://careers.boydgroup.com/search/jobdetails/collision-estimator/049426f2-e4ff-4493-80ce-6dbf5084a932?ejd=Default	2026-08-19	2026-09-11	operations	50000 - 180000 USD per year
Gerber Collision & Glass	gerbercollision.com	Collision	Prepper	Grand Junction, Colorado, United States, Northern America, Americas	https://careers.boydgroup.com/search/jobdetails/prepper/ade700f3-b2a7-4d9d-92fa-32b531d14765?ejd=Default	2026-08-19	2026-10-03	manual_work	16 - 23 USD per hour
Gerber Collision & Glass	gerbercollision.com	Collision	Collision Auto Body Technician	Cape Coral, Florida, United States, Northern America, Americas	https://careers.boydgroup.com/search/jobdetails/collision-auto-body-technician/a87f8419-1b32-44ae-8865-3172b3c1914c?ejd=Default	2026-08-19	2026-10-03	manual_work	20 - 29 USD per hour
Gerber Collision & Glass	gerbercollision.com	Collision	CSR	Lexington, VA	https://www.linkedin.com/jobs/view/4452782196/	2026-08-18	2026-09-04		
Gerber Collision & Glass	gerbercollision.com	Collision	Collision Porter	Ann Arbor, Michigan, United States, Northern America, Americas	https://careers.boydgroup.com/search/jobdetails/collision-porter/33b1d048-565f-4bb5-8b76-c353f70c03e1?ejd=Default	2026-08-15	2026-10-03	manual_work	16.0 - 18.0 USD per hour
Gerber Collision & Glass	gerbercollision.com	Collision	Collision Estimator	Northport, Alabama, United States, Northern America, Americas	https://careers.boydgroup.com/search/jobdetails/collision-estimator/e2ff9c41-f956-408c-b097-7dab46b1eafe?ejd=Default	2026-08-15	2026-10-03	operations	50000 - 70000 USD per year
Gerber Collision & Glass	gerbercollision.com	Collision	Auto Body Technician	Grand Rapids, Michigan, United States, Northern America, Americas	https://careers.boydgroup.com/search/jobdetails/auto-body-technician/dca215a4-a05f-460a-9bee-9144bbda7e19?ejd=Default	2026-08-15	2026-10-03	manual_work	24.0 - 29.0 USD per hour
Gerber Collision & Glass	gerbercollision.com	Collision	Auto Body Technician	Big Rapids, Michigan, United States, Northern America, Americas	https://careers.boydgroup.com/search/jobdetails/auto-body-technician/f5d17f5e-e891-4389-adfa-b3c817dfcde0?ejd=Default	2026-08-15	2026-10-03	manual_work	24.0 - 29.0 USD per hour
Gerber Collision & Glass	gerbercollision.com	Collision	Pre - TDP Trainee	Palm Bay, Florida, United States, Northern America, Americas	https://careers.boydgroup.com/search/jobdetails/pre---tdp-trainee/53a32d8c-f7ec-40af-b6bf-a759fe2402ad?ejd=Default	2026-08-14	2026-10-03	manual_work	15.0 - 18.0 USD per hour
Gerber Collision & Glass	gerbercollision.com	Collision	Parts Coordinator	Leesburg, Florida, United States, Northern America, Americas	https://careers.boydgroup.com/search/jobdetails/parts-coordinator/7a867a29-1fce-414e-8d8a-905a1799320e?ejd=Default	2026-08-14	2026-10-03	operations	15 - 20 USD per hour
Gerber Collision & Glass	gerbercollision.com	Collision	Collision Auto Body Technician	Zachary, Louisiana, United States, Northern America, Americas	https://careers.boydgroup.com/search/jobdetails/collision-auto-body-technician/bbb12082-5e7b-4e2e-ab4a-818932821d9d?ejd=Default	2026-08-14	2026-10-03	manual_work	20 - 30 USD per hour
Gerber Collision & Glass	gerbercollision.com	Collision	Estimator	Watauga, Texas, United States, Northern America, Americas	https://careers.boydgroup.com/search/jobdetails/estimator/236416e9-b69e-4118-be9b-6afb119b6fb3?ejd=Default	2026-08-14	2026-09-02	operations	55000 - 78000 USD per year
Gerber Collision & Glass	gerbercollision.com	Collision	Auto Body Technician	Las Vegas, Nevada, United States, Northern America, Americas	https://careers.boydgroup.com/search/jobdetails/auto-body-technician/5b1248b2-6612-465e-9b56-739b559bb362?ejd=Default	2026-08-14	2026-09-12	manual_work	23 - 32 USD per hour
Gerber Collision & Glass	gerbercollision.com	Collision	Collision Estimator	Buffalo Grove, Illinois, United States, Northern America, Americas	https://careers.boydgroup.com/search/jobdetails/collision-estimator/c54d7924-0bd3-4441-ac1c-9db363d452b2?ejd=Default	2026-08-14	2026-10-03	operations	47000 - 180000 USD per year
Gerber Collision & Glass	gerbercollision.com	Collision	Auto Collision General Manager	Jacksonville, Florida, United States, Northern America, Americas	https://careers.boydgroup.com/search/jobdetails/auto-collision-general-manager/04068bf9-e87a-420d-85e6-1cbe2bf5d73b?ejd=Default	2026-08-14	2026-10-03	management,operations	67000 - 96000 USD per year
Gerber Collision & Glass	gerbercollision.com	Collision	Auto Paint Prepper	Angola, Indiana, United States, Northern America, Americas	https://careers.boydgroup.com/search/jobdetails/auto-paint-prepper/150fb5b5-0b5e-4d93-b56f-5438e7295afb?ejd=Default	2026-08-14	2026-10-03	manual_work	16 - 20 USD per hour
Gerber Collision & Glass	gerbercollision.com	Collision	Estimator	Virginia Beach, Virginia, United States, Northern America, Americas	https://careers.boydgroup.com/search/jobdetails/estimator/6a87c22a-19dd-4e73-a9fa-09cd6914d56e?ejd=Default	2026-08-14	2026-09-12	operations	75000 - 75000 USD per year
Gerber Collision & Glass	gerbercollision.com	Collision	Auto Body Technician (Flat Rate)	Chesapeake, Virginia, United States, Northern America, Americas	https://careers.boydgroup.com/search/jobdetails/auto-body-technician-flat-rate/7dec1b18-ba8c-472a-a4b5-fd6e8dcd672a?ejd=Default	2026-08-12	2026-09-25	manual_work	75000 - 75000 USD per year
Gerber Collision & Glass	gerbercollision.com	Collision	Auto Collision Estimator	Orange Park, Florida, United States, Northern America, Americas	https://careers.boydgroup.com/search/jobdetails/auto-collision-estimator/93bc93df-770d-4470-b879-8ad80ef73b6b?ejd=Default	2026-08-12	2026-09-11	operations	49000 - 70000 USD per year
Gerber Collision & Glass	gerbercollision.com	Collision	Auto Collision Body Tech	Orlando, Florida, United States, Northern America, Americas	https://careers.boydgroup.com/search/jobdetails/auto-collision-body-tech/9a9d198a-aab3-4a93-802c-b269cd81fb3f?ejd=Default	2026-08-12	2026-09-09	manual_work	21.0 - 28.0 USD per hour
Gerber Collision & Glass	gerbercollision.com	Collision	Collision Estimator	Lansing, Michigan, United States, Northern America, Americas	https://careers.boydgroup.com/search/jobdetails/collision-estimator/100b82e7-f1de-461b-a9be-482b8e0b3eb0?ejd=Default	2026-08-12	2026-09-09	operations	50000 - 100000 USD per year
Gerber Collision & Glass	gerbercollision.com	Collision	Auto Collision Estimator	Ocala, Florida, United States, Northern America, Americas	https://careers.boydgroup.com/search/jobdetails/auto-collision-estimator/270d95d4-bc87-4d2e-9856-6bf729948e11?ejd=Default	2026-08-12	2026-09-03	operations	49000 - 70000 USD per year
Gerber Collision & Glass	gerbercollision.com	Collision	Temporary Refinish Technician	Colorado Springs, Colorado, United States, Northern America, Americas	https://careers.boydgroup.com/search/jobdetails/temporary-refinish-technician/cc0d21b1-ecd3-4fdd-be72-e1c5dac85e51?ejd=Default	2026-08-12	2026-10-03	manual_work	23 - 33 USD per hour
Gerber Collision & Glass	gerbercollision.com	Collision	Collision Prepper	Hattiesburg, Mississippi, United States, Northern America, Americas	https://careers.boydgroup.com/search/jobdetails/collision-prepper/79eb20d8-6356-4033-8f58-a00db198bd13?ejd=Default	2026-08-11	2026-10-03	manual_work	15 - 20 USD per hour
Gerber Collision & Glass	gerbercollision.com	Collision	Auto Collision Estimator In Training	Jacksonville, Florida, United States, Northern America, Americas	https://careers.boydgroup.com/search/jobdetails/auto-collision-estimator-in-training/22481c86-4453-4f8a-a75f-5dac04dac232?ejd=Default	2026-08-11	2026-09-23	operations	19 - 26 USD per hour
Gerber Collision & Glass	gerbercollision.com	Collision	Auto Body Technician	Bossier City, Louisiana, United States, Northern America, Americas	https://careers.boydgroup.com/search/jobdetails/auto-body-technician/34214488-a7be-4913-ac6c-8985383a93e8?ejd=Default	2026-08-11	2026-09-17	manual_work	21 - 30 USD per hour
Gerber Collision & Glass	gerbercollision.com	Collision	Collision CSR	Brandon, Mississippi, United States, Northern America, Americas	https://careers.boydgroup.com/search/jobdetails/collision-csr/7f4d1eb3-6b1f-4111-9e97-35692d3675dc?ejd=Default	2026-08-11	2026-09-12	support,administration	15 - 22 USD per hour
Gerber Collision & Glass	gerbercollision.com	Collision	Auto Collision Prepper	Orange Park, Florida, United States, Northern America, Americas	https://careers.boydgroup.com/search/jobdetails/auto-collision-prepper/aed20696-78f5-412d-83c0-85d6286575ac?ejd=Default	2026-08-11	2026-10-03	manual_work	15 - 20 USD per hour
Gerber Collision & Glass	gerbercollision.com	Collision	Auto Collision Parts Coordinator	Jacksonville, Florida, United States, Northern America, Americas	https://careers.boydgroup.com/search/jobdetails/auto-collision-parts-coordinator/6b6d3829-3cae-4ddd-9c4a-28ffd37e6cc2?ejd=Default	2026-08-11	2026-09-23	operations	15.0 - 20.0 USD per hour
Gerber Collision & Glass	gerbercollision.com	Collision	Auto Collision Porter/Detailer	Jacksonville, Florida, United States, Northern America, Americas	https://careers.boydgroup.com/search/jobdetails/auto-collision-porterdetailer/dbf3635f-df58-4fbd-9e5a-d4e02efa5412?ejd=Default	2026-08-11	2026-10-03	manual_work,operations	15 - 18 USD per hour
Gerber Collision & Glass	gerbercollision.com	Collision	Collision General Manager	Ann Arbor, Michigan, United States, Northern America, Americas	https://careers.boydgroup.com/search/jobdetails/collision-general-manager/c829664d-bac5-4569-a3d0-3c24af879f5f?ejd=Default	2026-08-11	2026-09-07	management,operations	90000 - 100000 USD per year
Gerber Collision & Glass	gerbercollision.com	Collision	Paint Prepper (Flat Rate)	Lexington, Kentucky, United States, Northern America, Americas	https://careers.boydgroup.com/search/jobdetails/paint-prepper-flat-rate/85fdfb0c-5345-45a1-8eee-e49c87e250fc?ejd=Default	2026-08-11	2026-09-09	manual_work	16.0 - 18.0 USD per hour
Gerber Collision & Glass	gerbercollision.com	Collision	Auto Body Technician	Holland, Michigan, United States, Northern America, Americas	https://careers.boydgroup.com/search/jobdetails/auto-body-technician/c1116503-5f21-41cc-8993-5f2f702330ec?ejd=Default	2026-08-11	2026-10-04	manual_work	24.0 - 29.0 USD per hour
Gerber Collision & Glass	gerbercollision.com	Collision	Prepper (Flat Rate)	Louisville, Kentucky, United States, Northern America, Americas	https://careers.boydgroup.com/search/jobdetails/prepper-flat-rate/1b66a7c8-05ec-4540-ab6d-ee51316aea0d?ejd=Default	2026-08-11	2026-09-07	manual_work	18.0 - 22.0 USD per hour
Gerber Collision & Glass	gerbercollision.com	Collision	Collision Estimator	Columbia, South Carolina, United States, Northern America, Americas	https://careers.boydgroup.com/search/jobdetails/collision-estimator/27763dae-c2c6-4e36-9194-77e14e547614?ejd=Default	2026-08-10	2026-10-03	operations	50000 - 100000 USD per year
Gerber Collision & Glass	gerbercollision.com	Collision	Collision Estimator	Danville, Virginia, United States, Northern America, Americas	https://careers.boydgroup.com/search/jobdetails/collision-estimator/781dac3a-f8e6-45da-996f-87715e3e420d?ejd=Default	2026-08-10	2026-09-27	operations	50000 - 100000 USD per year
Gerber Collision & Glass	gerbercollision.com	Collision	Estimator	College Park, Maryland, United States, Northern America, Americas	https://careers.boydgroup.com/search/jobdetails/estimator/b09d5664-094c-4802-a7cc-9fb7b8ccb52b?ejd=Default	2026-08-10	2026-10-03	operations	70000 - 70000 USD per year
Gerber Collision & Glass	gerbercollision.com	Collision	Estimator	Syracuse, New York, United States, Northern America, Americas	https://careers.boydgroup.com/search/jobdetails/estimator/b71f06f4-7e3f-4fa0-968e-8aebd5e23e9f?ejd=Default	2026-08-10	2026-10-03	operations	60000 - 100000 USD per year
Gerber Collision & Glass	gerbercollision.com	Collision	Estimator	Webster, New York, United States, Northern America, Americas	https://careers.boydgroup.com/search/jobdetails/estimator/064d21be-be05-4fff-ba7d-9d990944b80d?ejd=Default	2026-08-10	2026-10-03	operations	60000 - 100000 USD per year
Gerber Collision & Glass	gerbercollision.com	Collision	Collision Estimator	Missouri, United States, Northern America, Americas	https://careers.boydgroup.com/search/jobdetails/collision-estimator/15b4f62f-c541-4293-bb77-52dad8e5fc6b?ejd=Default	2026-08-10	2026-10-03	operations	55000 - 78000 USD per year
Gerber Collision & Glass	gerbercollision.com	Collision	Auto Body Technician (Flat Rate)	Louisville, Kentucky, United States, Northern America, Americas	https://careers.boydgroup.com/search/jobdetails/auto-body-technician-flat-rate/3796dc1e-9ec5-4808-8c45-0bb9cd2b992f?ejd=Default	2026-08-08	2026-09-07	manual_work	75000 - 75000 USD per year
Gerber Collision & Glass	gerbercollision.com	Collision	Auto Body Technician	Streetsboro, Ohio, United States, Northern America, Americas	https://careers.boydgroup.com/search/jobdetails/auto-body-technician/c5a3231f-5af0-41a6-8db3-9e9d4a861374?ejd=Default	2026-08-08	2026-09-23	manual_work	65000 - 125000 USD per year
Gerber Collision & Glass	gerbercollision.com	Collision	Auto Body Technician	Warren, Ohio, United States, Northern America, Americas	https://careers.boydgroup.com/search/jobdetails/auto-body-technician/12aab912-9793-4909-a08e-9f47d4a7db0a?ejd=Default	2026-08-08	2026-10-03	manual_work	65000 - 125000 USD per year
Gerber Collision & Glass	gerbercollision.com	Collision	Pre - TDP Trainee	Plainfield, Illinois, United States, Northern America, Americas	https://careers.boydgroup.com/search/jobdetails/pre---tdp-trainee/acd6c679-28f4-47de-a08c-a5155ab7d57a?ejd=Default	2026-08-08	2026-10-03	manual_work	21.0 - 25.0 USD per hour
Gerber Collision & Glass	gerbercollision.com	Collision	Estimator	Berea, Ohio, United States, Northern America, Americas	https://careers.boydgroup.com/search/jobdetails/estimator/0529271e-8c88-4003-af7a-8eb95ce30b21?ejd=Default	2026-08-08	2026-10-03	operations	50000 - 100000 USD per year
Gerber Collision & Glass	gerbercollision.com	Collision	Estimator	Minnesota, United States, Northern America, Americas	https://careers.boydgroup.com/search/jobdetails/estimator/8dce8076-63ef-4882-b49b-61a0b9163359?ejd=Default	2026-08-07	2026-10-03	operations	46800 - 80000 USD per year
Gerber Collision & Glass	gerbercollision.com	Collision	Auto Body Technician (Flat Rate)	Springfield, Virginia, United States, Northern America, Americas	https://careers.boydgroup.com/search/jobdetails/auto-body-technician-flat-rate/946295dd-5fa2-4a57-b004-5ce81921828c?ejd=Default	2026-08-07	2026-10-03	manual_work	75000 - 75000 USD per year
Gerber Collision & Glass	gerbercollision.com	Collision	Auto Collision Body Technician	Jacksonville, Florida, United States, Northern America, Americas	https://careers.boydgroup.com/search/jobdetails/auto-collision-body-technician/cc38aa18-eb7b-4303-bb8e-a6b57282c619?ejd=Default	2026-08-07	2026-10-03	manual_work	24.0 - 31.0 USD per hour
Gerber Collision & Glass	gerbercollision.com	Collision	CSR	Rochester, NY	https://www.linkedin.com/jobs/view/4449338268/	2026-08-07	2026-09-04		
Gerber Collision & Glass	gerbercollision.com	Collision	Auto Body Technician	Waukee, Iowa, United States, Northern America, Americas	https://careers.boydgroup.com/search/jobdetails/auto-body-technician/af7d92de-3d5f-48f9-88f6-7d8ecbc645d3?ejd=Default	2026-08-07	2026-09-15	manual_work	70000 - 125000 USD per year
Gerber Collision & Glass	gerbercollision.com	Collision	Estimator	Springfield, Virginia, United States, Northern America, Americas	https://careers.boydgroup.com/search/jobdetails/estimator/5cd4df6d-3880-495e-a512-fd017dd54ae7?ejd=Default	2026-08-07	2026-10-02	operations	75000 - 75000 USD per year
Gerber Collision & Glass	gerbercollision.com	Collision	General Manager	Shreveport, Louisiana, United States, Northern America, Americas	https://careers.boydgroup.com/search/jobdetails/general-manager/c728cda1-181a-40b9-b24a-76c2eb3b1928?ejd=Default	2026-08-07	2026-09-17	management	70000 - 90000 USD per year
Gerber Collision & Glass	gerbercollision.com	Collision	Auto Body Technician	Downers Grove, Illinois, United States, Northern America, Americas	https://careers.boydgroup.com/search/jobdetails/auto-body-technician/26387617-a12a-4471-aaf3-f249d076eb53?ejd=Default	2026-08-07	2026-09-09	manual_work	65000 - 125000 USD per year
Gerber Collision & Glass	gerbercollision.com	Collision	Market Manager - St. Louis	St. Louis, Missouri, United States, Northern America, Americas	https://careers.boydgroup.com/search/jobdetails/market-manager---st-louis/b2929e01-75f9-494b-8658-d26a2d214ac4?ejd=Default	2026-08-07	2026-10-02	management,operations	100000 - 140000 USD per year
Gerber Collision & Glass	gerbercollision.com	Collision	Auto Body Technician	Syracuse, New York, United States, Northern America, Americas	https://careers.boydgroup.com/search/jobdetails/auto-body-technician/1bad0400-78c9-41f2-8cd3-2426a6b41649?ejd=Default	2026-08-06	2026-09-07	manual_work	65000 - 125000 USD per year
Gerber Collision & Glass	gerbercollision.com	Collision	Body Technician (Flat Rate)	Akron, Ohio, United States, Northern America, Americas	https://careers.boydgroup.com/search/jobdetails/body-technician-flat-rate/195a077b-5499-4d39-a2c4-157e02099688?ejd=Default	2026-08-06	2026-10-03	manual_work	65000 - 125000 USD per year
Gerber Collision & Glass	gerbercollision.com	Collision	Auto Body Technician	Michigan, United States, Northern America, Americas	https://careers.boydgroup.com/search/jobdetails/auto-body-technician/65398d42-7e82-4687-b955-6bfcaa494d93?ejd=Default	2026-08-06	2026-09-14	manual_work	24.0 - 29.0 USD per hour
Gerber Collision & Glass	gerbercollision.com	Collision	Parts Coordinator (hourly)	Mechanicsville, Virginia, United States, Northern America, Americas	https://careers.boydgroup.com/search/jobdetails/parts-coordinator-hourly/67283cde-a5db-40cb-a00a-0a74b66062c1?ejd=Default	2026-08-06	2026-09-10	operations	19.0 - 21.0 USD per hour
Gerber Collision & Glass	gerbercollision.com	Collision	Automotive Mobile ADAS Technician	Lafayette, Indiana, United States, Northern America, Americas	https://careers.boydgroup.com/search/jobdetails/automotive-mobile-adas-technician/3ad000c7-efa7-4378-b30a-806f5f2a8e97?ejd=Default	2026-08-06	2026-09-17	engineering,information_technology	60000 - 95000 USD per year
Gerber Collision & Glass	gerbercollision.com	Collision	Estimator	Chicago, Illinois, United States, Northern America, Americas	https://careers.boydgroup.com/search/jobdetails/estimator/b5e93fde-0fc6-4f79-b10c-d3d202c7eedc?ejd=Default	2026-08-06	2026-09-27	operations	47000 - 180000 USD per year
Gerber Collision & Glass	gerbercollision.com	Collision	Auto Body Technician	Kentwood, Michigan, United States, Northern America, Americas	https://careers.boydgroup.com/search/jobdetails/auto-body-technician/14d8a5c6-6939-4112-b64d-1af0d199b83d?ejd=Default	2026-08-06	2026-10-03	manual_work	23.0 - 27.0 USD per hour
Gerber Collision & Glass	gerbercollision.com	Collision	Auto Body Technician	Syracuse, New York, United States, Northern America, Americas	https://careers.boydgroup.com/search/jobdetails/auto-body-technician/bf08a87f-7444-4026-ae46-11cc955e22bd?ejd=Default	2026-08-05	2026-10-03	manual_work	65000 - 125000 USD per year
Gerber Collision & Glass	gerbercollision.com	Collision	Collision General Manager	San Antonio, Texas, United States, Northern America, Americas	https://careers.boydgroup.com/search/jobdetails/collision-general-manager/d442e00d-61a1-4b49-8d57-001aee581985?ejd=Default	2026-08-05	2026-09-01	management,operations	75000 - 100000 USD per year
Gerber Collision & Glass	gerbercollision.com	Collision	Auto Body Estimator	Queen Creek, Arizona, United States, Northern America, Americas	https://careers.boydgroup.com/search/jobdetails/auto-body-estimator/658fb5fe-2a4f-464c-8f73-28ae11bb5750?ejd=Default	2026-08-05	2026-09-09	operations	55000 - 78000 USD per year
Gerber Collision & Glass	gerbercollision.com	Collision	Collision Estimator	Omaha, Nebraska, United States, Northern America, Americas	https://careers.boydgroup.com/search/jobdetails/collision-estimator/500e0b21-416f-4c19-af3c-04d8e0f5a5d0?ejd=Default	2026-08-05	2026-09-29	operations	49000 - 72000 USD per year
Gerber Collision & Glass	gerbercollision.com	Collision	Collision Body Technician	Savannah, Georgia, United States, Northern America, Americas	https://careers.boydgroup.com/search/jobdetails/collision-body-technician/98408b9e-c0a6-44e0-91e7-6e10e656743e?ejd=Default	2026-08-04	2026-09-01	manual_work	21 - 30 USD per hour
Gerber Collision & Glass	gerbercollision.com	Collision	Collision Body Technician	Morrow, Georgia, United States, Northern America, Americas	https://careers.boydgroup.com/search/jobdetails/collision-body-technician/ad8f17fd-2f0f-4117-8384-2d5c2f68a12a?ejd=Default	2026-08-04	2026-09-15	manual_work	23 - 33 USD per hour
Gerber Collision & Glass	gerbercollision.com	Collision	Body Technician	Alpharetta, Georgia, United States, Northern America, Americas	https://careers.boydgroup.com/search/jobdetails/body-technician/abc5781a-7ef8-442d-b1b9-8a20d42ce83c?ejd=Default	2026-08-04	2026-09-09	manual_work	23 - 33 USD per hour
Gerber Collision & Glass	gerbercollision.com	Collision	Auto Body Technicians	Abilene, Texas, United States, Northern America, Americas	https://careers.boydgroup.com/search/jobdetails/auto-body-technicians/0fdfe6ae-d47b-4552-988f-dda4e71bda82?ejd=Default	2026-08-04	2026-09-15	manual_work	90000 - 140000 USD per year
Gerber Collision & Glass	gerbercollision.com	Collision	Auto Body Technician	South Carolina, United States, Northern America, Americas	https://careers.boydgroup.com/search/jobdetails/auto-body-technician/8b52d574-dad0-4f2a-85f4-3592dca612ba?ejd=Default	2026-08-04	2026-09-07	manual_work	21 - 30 USD per hour
Gerber Collision & Glass	gerbercollision.com	Collision	Auto Body Technician (Flat Rate)	Lebanon, Tennessee, United States, Northern America, Americas	https://careers.boydgroup.com/search/jobdetails/auto-body-technician-flat-rate/6c85836b-fed1-40ec-bfc1-0f0743dc4a9c?ejd=Default	2026-08-04	2026-10-03	manual_work	75000 - 75000 USD per year
Gerber Collision & Glass	gerbercollision.com	Collision	Auto Body General Manager	Henderson, Nevada, United States, Northern America, Americas	https://careers.boydgroup.com/search/jobdetails/auto-body-general-manager/daed9440-12b1-4b83-8c4e-16aea9ac58e9?ejd=Default	2026-08-04	2026-09-21	management,operations	75000 - 107000 USD per year
Gerber Collision & Glass	gerbercollision.com	Collision	Estimator In Training	Escanaba, Michigan, United States, Northern America, Americas	https://careers.boydgroup.com/search/jobdetails/estimator-in-training/cbdb75e3-f136-49a3-8439-0296be12e7e2?ejd=Default	2026-08-04	2026-10-01	operations	20 - 20 USD per hour
Gerber Collision & Glass	gerbercollision.com	Collision	Auto Body Technician	Columbia, South Carolina, United States, Northern America, Americas	https://careers.boydgroup.com/search/jobdetails/auto-body-technician/7716c9b5-0893-411c-b695-10801d6be343?ejd=Default	2026-08-04	2026-10-03	manual_work	50000 - 150000 USD per year
Gerber Collision & Glass	gerbercollision.com	Collision	Estimator	Rhinelander, Wisconsin, United States, Northern America, Americas	https://careers.boydgroup.com/search/jobdetails/estimator/8c59e7aa-2287-48c1-b1e4-4214b0ce085e?ejd=Default	2026-08-03	2026-10-04	operations	46800 - 80000 USD per year
Gerber Collision & Glass	gerbercollision.com	Collision	Collision Estimator In Training	LaBelle, Florida, United States, Northern America, Americas	https://careers.boydgroup.com/search/jobdetails/collision-estimator-in-training/7e4d4c6d-2c24-41b0-b8d2-b82a5370b18a?ejd=Default	2026-08-03	2026-09-10	operations	18 - 22 USD per hour
Gerber Collision & Glass	gerbercollision.com	Collision	Estimator in Training	Downers Grove, Illinois, United States, Northern America, Americas	https://careers.boydgroup.com/search/jobdetails/estimator-in-training/901d0433-073d-4034-a451-1b084097f894?ejd=Default	2026-08-01	2026-09-25	operations	18 - 21 USD per hour
Gerber Collision & Glass	gerbercollision.com	Collision	Auto Body Technician	Madeira, Ohio, United States, Northern America, Americas	https://careers.boydgroup.com/search/jobdetails/auto-body-technician/ef8fdc22-5c39-4ddd-9411-461d47cef2b4?ejd=Default	2026-08-01	2026-09-07	manual_work	20 - 28 USD per hour
Gerber Collision & Glass	gerbercollision.com	Collision	Collision Body Tech	Garden City, Georgia, United States, Northern America, Americas	https://careers.boydgroup.com/search/jobdetails/collision-body-tech/876a4ea3-0e16-41e2-a36d-15d571a4e754?ejd=Default	2026-07-31	2026-09-09	manual_work	21 - 30 USD per hour
Gerber Collision & Glass	gerbercollision.com	Collision	Customer Service Representative	Madison, Wisconsin, United States, Northern America, Americas	https://careers.boydgroup.com/search/jobdetails/customer-service-representative/ea6d7786-00ef-4639-8cd0-1c45b272df94?ejd=Default	2026-07-31	2026-09-11	support,administration	18 - 22 USD per hour
Gerber Collision & Glass	gerbercollision.com	Collision	Auto Body Technician	Wilmington, North Carolina, United States, Northern America, Americas	https://careers.boydgroup.com/search/jobdetails/auto-body-technician/3a6b612a-37d2-453d-aca4-73aa5d8e2eb1?ejd=Default	2026-07-31	2026-09-06	manual_work	50000 - 150000 USD per year
Gerber Collision & Glass	gerbercollision.com	Collision	Auto Collision Body Technician	Apopka, Florida, United States, Northern America, Americas	https://careers.boydgroup.com/search/jobdetails/auto-collision-body-technician/ad59044c-4683-4f45-985e-d704e646e222?ejd=Default	2026-07-31	2026-10-03	manual_work	21.0 - 28.0 USD per hour
Gerber Collision & Glass	gerbercollision.com	Collision	Collision Estimator	Muskegon, Michigan, United States, Northern America, Americas	https://careers.boydgroup.com/search/jobdetails/collision-estimator/f4b6053d-e133-4517-829d-dbae01da7941?ejd=Default	2026-07-31	2026-10-03	operations	50000 - 100000 USD per year
Gerber Collision & Glass	gerbercollision.com	Collision	Auto Body Technician	Shreveport, Louisiana, United States, Northern America, Americas	https://careers.boydgroup.com/search/jobdetails/auto-body-technician/6c15cfaa-723a-4a85-a623-8f99b4e548e8?ejd=Default	2026-07-30	2026-09-17	manual_work	21.0 - 30.0 USD per hour
Gerber Collision & Glass	gerbercollision.com	Collision	General Manager	Milwaukee, Wisconsin, United States, Northern America, Americas	https://careers.boydgroup.com/search/jobdetails/general-manager/da41f233-2cb0-407c-9664-afdcdaa29c37?ejd=Default	2026-07-30	2026-09-17	management	65000 - 110000 USD per year
Gerber Collision & Glass	gerbercollision.com	Collision	Estimator	Wausau, Wisconsin, United States, Northern America, Americas	https://careers.boydgroup.com/search/jobdetails/estimator/79ea2207-94eb-4b8a-aba2-1d1882cf3b3d?ejd=Default	2026-07-28	2026-09-24	operations	46800 - 80000 USD per year
Gerber Collision & Glass	gerbercollision.com	Collision	CSR (Syracuse, UT)	Salt Lake City, Utah, United States, Northern America, Americas	https://careers.boydgroup.com/search/jobdetails/csr-syracuse-ut/6bba69f8-e57c-4cc7-9a73-26bc233ac692?ejd=Default	2026-07-28	2026-10-03	support	
Gerber Collision & Glass	gerbercollision.com	Collision	Estimator	Beaver Dam, Wisconsin, United States, Northern America, Americas	https://careers.boydgroup.com/search/jobdetails/estimator/20c1f19c-1024-4df7-95ef-0979488da1df?ejd=Default	2026-07-28	2026-10-03	operations	46800 - 80000 USD per year
Gerber Collision & Glass	gerbercollision.com	Collision	Collision Body Technician	Pascagoula, Mississippi, United States, Northern America, Americas	https://careers.boydgroup.com/search/jobdetails/collision-body-technician/2782115b-f8f2-44e4-b556-94c47f5462a1?ejd=Default	2026-07-27	2026-10-03	manual_work	21 - 30 USD per hour
Gerber Collision & Glass	gerbercollision.com	Collision	Collision Body Technician	Charleston, South Carolina, United States, Northern America, Americas	https://careers.boydgroup.com/search/jobdetails/collision-body-technician/276f2e40-922b-44ec-a70c-ab1b58366fc6?ejd=Default	2026-07-27	2026-10-03	manual_work	21 - 30 USD per hour
Gerber Collision & Glass	gerbercollision.com	Collision	Auto Body Technician (Flat Rate)	Maryland, United States, Northern America, Americas	https://careers.boydgroup.com/search/jobdetails/auto-body-technician-flat-rate/ec430c3b-befd-4ea5-b264-10861bb8620a?ejd=Default	2026-07-24	2026-09-22	manual_work	75000 - 75000 USD per year
Gerber Collision & Glass	gerbercollision.com	Collision	Auto Body Technician	Portage, Wisconsin, United States, Northern America, Americas	https://careers.boydgroup.com/search/jobdetails/auto-body-technician/901e491a-8fbd-46fc-98ce-209692d4f67f?ejd=Default	2026-07-24	2026-09-14	manual_work	70000 - 125000 USD per year
Gerber Collision & Glass	gerbercollision.com	Collision	Auto Body Technician (Flat Rate)	Nashville, Tennessee, United States, Northern America, Americas	https://careers.boydgroup.com/search/jobdetails/auto-body-technician-flat-rate/dec98886-e55a-4e96-a354-1c7d4b76df79	2026-07-24	2026-09-01	manual_work	75000 - 75000 USD per year
Gerber Collision & Glass	gerbercollision.com	Collision	Collision Body Technician	Marietta, Georgia, United States, Northern America, Americas	https://careers.boydgroup.com/search/jobdetails/collision-body-technician/4e946bd9-4e2c-4844-a920-c791f4883a03?ejd=Default	2026-07-23	2026-09-07	manual_work	23 - 33 USD per hour
Gerber Collision & Glass	gerbercollision.com	Collision	Collision Body Technician	Roswell, Georgia, United States, Northern America, Americas	https://careers.boydgroup.com/search/jobdetails/collision-body-technician/696255b7-5c3b-4163-ab9e-fe39e8ac4de4?ejd=Default	2026-07-23	2026-09-07	manual_work	23 - 33 USD per hour
Gerber Collision & Glass	gerbercollision.com	Collision	Paint Prepper	Richland, Washington, United States, Northern America, Americas	https://careers.boydgroup.com/search/jobdetails/paint-prepper/8fc65e16-95f1-4148-836b-0caba861f7b2?ejd=Default	2026-07-23	2026-09-16	manual_work	18 - 25 USD per hour
Gerber Collision & Glass	gerbercollision.com	Collision	Auto Body Technician	Battle Creek, Michigan, United States, Northern America, Americas	https://careers.boydgroup.com/search/jobdetails/auto-body-technician/601812e0-7b3d-4de5-b61e-5e17e62e0244?ejd=Default	2026-07-22	2026-09-03	manual_work	25 - 32 USD per hour
Gerber Collision & Glass	gerbercollision.com	Collision	Collision Estimator	Mooresville, North Carolina, United States, Northern America, Americas	https://careers.boydgroup.com/search/jobdetails/collision-estimator/f9413ffa-1ed5-4f4f-ba5a-0ca3559a3ef9?ejd=Default	2026-07-22	2026-09-15	operations	50000 - 150000 USD per year
Gerber Collision & Glass	gerbercollision.com	Collision	Auto Body Technician	Roseville, Michigan, United States, Northern America, Americas	https://careers.boydgroup.com/search/jobdetails/auto-body-technician/382a5e36-08ae-4cb7-bea6-37882441e2bf?ejd=Default	2026-07-21	2026-09-07	manual_work	24.0 - 28.0 USD per hour
Gerber Collision & Glass	gerbercollision.com	Collision	Auto Collision Body Technician	Florida, United States, Northern America, Americas	https://careers.boydgroup.com/search/jobdetails/auto-collision-body-technician/c7244fc2-f60d-40fa-a1de-98f30e30b8fa?ejd=Default	2026-07-21	2026-09-27	manual_work	21.0 - 28.0 USD per hour
Gerber Collision & Glass	gerbercollision.com	Collision	Auto Collision Body Technician	Jacksonville, Florida, United States, Northern America, Americas	https://careers.boydgroup.com/search/jobdetails/auto-collision-body-technician/9608a910-8b70-43e5-b737-4cd50c7b20be?ejd=Default	2026-07-20	2026-10-02	manual_work	23.0 - 31.0 USD per hour
Gerber Collision & Glass	gerbercollision.com	Collision	Auto Collision Body Technician	St. Augustine, Florida, United States, Northern America, Americas	https://careers.boydgroup.com/search/jobdetails/auto-collision-body-technician/b171944f-8fcb-4f2a-a5c1-efbbe693754c?ejd=Default	2026-07-20	2026-10-03	manual_work	21.0 - 28.0 USD per hour
Gerber Collision & Glass	gerbercollision.com	Collision	Estimator	Louisville, Kentucky, United States, Northern America, Americas	https://careers.boydgroup.com/search/jobdetails/estimator/528226ad-141a-4176-84ac-7281154d08c8?ejd=Default	2026-07-20	2026-10-03	operations	70000 - 70000 USD per year
Gerber Collision & Glass	gerbercollision.com	Collision	Auto Body Technician	Asheville, North Carolina, United States, Northern America, Americas	https://careers.boydgroup.com/search/jobdetails/auto-body-technician/0fcad0ac-1662-405b-b478-f664ba3a90e1?ejd=Default	2026-07-17	2026-09-21	manual_work	50000 - 150000 USD per year
Gerber Collision & Glass	gerbercollision.com	Collision	Auto Body Technician	Reidsville, North Carolina, United States, Northern America, Americas	https://careers.boydgroup.com/search/jobdetails/auto-body-technician/91f5e996-6ece-4633-a403-8557fa1a27f8?ejd=Default	2026-07-17	2026-10-03	manual_work	50000 - 150000 USD per year
Gerber Collision & Glass	gerbercollision.com	Collision	Collision Auto Body Technician	Florida, United States, Northern America, Americas	https://careers.boydgroup.com/search/jobdetails/collision-auto-body-technician/5dfdece0-d059-4d7e-8e39-1dd947ac6cd2?ejd=Default	2026-07-17	2026-09-09	manual_work	20 - 29 USD per hour
Gerber Collision & Glass	gerbercollision.com	Collision	Auto Body Technician	Kimberly, Wisconsin, United States, Northern America, Americas	https://careers.boydgroup.com/search/jobdetails/auto-body-technician/44c2ba66-dbf1-4a5a-9862-324be9596b10?ejd=Default	2026-07-16	2026-09-26	manual_work	70000 - 125000 USD per year
Gerber Collision & Glass	gerbercollision.com	Collision	Automotive Porter	St. Peters, Missouri, United States, Northern America, Americas	https://careers.boydgroup.com/search/jobdetails/automotive-porter/5d0b0f7b-90a1-4713-b4f6-330e6315c4c4?ejd=Default	2026-07-16	2026-09-02	manual_work,operations	14.0 - 18.0 USD per hour
Gerber Collision & Glass	gerbercollision.com	Collision	Director, Benefits	Chicago, IL	https://www.linkedin.com/jobs/view/4440616683/	2026-07-16	2026-09-04	finance,human_resources,management	
Gerber Collision & Glass	gerbercollision.com	Collision	Auto Body Technician	Portland, Oregon, United States, Northern America, Americas	https://careers.boydgroup.com/search/jobdetails/auto-body-technician/f6c84933-7764-475c-9766-1d21bf9ce5b8?ejd=Default	2026-07-15	2026-10-03	manual_work	26 - 33 USD per hour
Gerber Collision & Glass	gerbercollision.com	Collision	Collision Auto Body Technician	Dallas, Georgia, United States, Northern America, Americas	https://careers.boydgroup.com/search/jobdetails/collision-auto-body-technician/f11a4d3f-5e27-4b6b-b9ce-056c910f7cf8?ejd=Default	2026-07-14	2026-09-22	manual_work	23 - 33 USD per hour
Gerber Collision & Glass	gerbercollision.com	Collision	CSR	Laurel, MD	https://www.linkedin.com/jobs/view/4437054455/	2026-07-10	2026-09-04		
Gerber Collision & Glass	gerbercollision.com	Collision	Sr. Engineer, Cloud Security	Burlington, Ontario, Canada	https://www.linkedin.com/jobs/view/4437348008/	2026-07-10	2026-09-13	engineering,information_technology	
Gerber Collision & Glass	gerbercollision.com	Collision	Collision Estimator	Prairieville, Louisiana, United States, Northern America, Americas	https://careers.boydgroup.com/search/jobdetails/collision-estimator/57fa0b87-682b-499a-839f-28c7b1c650a5?ejd=Default	2026-07-10	2026-10-04	operations,sales	50000 - 70000 USD per year
Gerber Collision & Glass	gerbercollision.com	Collision	Collision Auto Body Technician	Panama City, Florida, United States, Northern America, Americas	https://careers.boydgroup.com/search/jobdetails/collision-auto-body-technician/ba4a8ef5-d404-4652-8513-11f3378816d8?ejd=Default	2026-07-07	2026-10-01	manual_work	21 - 30 USD per hour
Gerber Collision & Glass	gerbercollision.com	Collision	Collision Body Technician	Dothan, Alabama, United States, Northern America, Americas	https://careers.boydgroup.com/search/jobdetails/collision-body-technician/2ff6ee3c-6366-447b-947d-027540fa325c?ejd=Default	2026-07-07	2026-10-03	manual_work	21 - 30 USD per hour
Gerber Collision & Glass	gerbercollision.com	Collision	Collision Estimator	Melbourne, Florida, United States, Northern America, Americas	https://careers.boydgroup.com/search/jobdetails/collision-estimator/2acaaafc-8bd4-4f80-8645-3524697bcf83?ejd=Default	2026-07-03	2026-09-21	operations	49000 - 77000 USD per year
Gerber Collision & Glass	gerbercollision.com	Collision	Collision Auto Body Technician	Northport, Alabama, United States, Northern America, Americas	https://careers.boydgroup.com/search/jobdetails/collision-auto-body-technician/30fe48b6-f8f3-4d59-910b-1b737c9b1455?ejd=Default	2026-07-03	2026-10-03	manual_work	21 - 30 USD per hour
Gerber Collision & Glass	gerbercollision.com	Collision	Auto Body Technician - Flat Rate	New York, New York, United States, Northern America, Americas	https://careers.boydgroup.com/search/jobdetails/auto-body-technician/faaa08b6-d573-45ca-8edf-4b5aa3e94674?ejd=Default	2026-06-25	2026-10-03	manual_work	65000 - 125000 USD per year
Gerber Collision & Glass	gerbercollision.com	Collision	General Manager	Maryland, United States, Northern America, Americas	https://careers.boydgroup.com/search/jobdetails/general-manager/ec94e71b-9d5e-46dd-9163-1e7e10cfda9a?ejd=Default	2026-06-24	2026-10-03	management	100000 - 100000 USD per year
Gerber Collision & Glass	gerbercollision.com	Collision	Customer Service Representative	Minnesota, United States, Northern America, Americas	https://careers.boydgroup.com/search/jobdetails/customer-service-representative/3240f157-4ce0-43e6-b493-34d292dc5ab1?ejd=Default	2026-06-24	2026-09-12	support	18 - 22 USD per hour
Gerber Collision & Glass	gerbercollision.com	Collision	Automotive Mobile ADAS Technician	Bluffton, South Carolina, United States, Northern America, Americas	https://careers.boydgroup.com/search/jobdetails/automotive-mobile-adas-technician/a0081d3a-754c-40a7-a0dd-33cfc3b501eb?ejd=Default	2026-06-19	2026-10-04	engineering,information_technology	60000 - 95000 USD per year
Gerber Collision & Glass	gerbercollision.com	Collision	Estimator In Training	Rochester, New York, United States, Northern America, Americas	https://careers.boydgroup.com/search/jobdetails/estimator-in-training/047f4872-de38-4777-bea8-0ccaf08152f3?ejd=Default	2026-06-18	2026-09-08	operations	18 - 23 USD per hour
Gerber Collision & Glass	gerbercollision.com	Collision	Collision Estimator	Wilmington, North Carolina, United States, Northern America, Americas	https://careers.boydgroup.com/search/jobdetails/collision-estimator/554c2e4e-3a3c-4c99-80b0-a7c25554780d?ejd=Default	2026-06-18	2026-09-16	operations	50000 - 100000 USD per year
Gerber Collision & Glass	gerbercollision.com	Collision	Auto Body Technician	Portage, Michigan, United States, Northern America, Americas	https://careers.boydgroup.com/search/jobdetails/auto-body-technician/7f77aa5d-7496-455e-8f83-635193a50244?ejd=Default	2026-06-18	2026-09-08	manual_work	25 - 32 USD per hour
Gerber Collision & Glass	gerbercollision.com	Collision	Automotive Mobile ADAS Technician	Red Bluff, California, United States, Northern America, Americas	https://careers.boydgroup.com/search/jobdetails/automotive-mobile-adas-technician/856f3a62-4e80-47ab-b4a9-0c4a312a9e35?ejd=Default	2026-06-17	2026-10-03	engineering,manual_work	60000 - 95000 USD per year
Gerber Collision & Glass	gerbercollision.com	Collision	Autobody Technician	Berea, Ohio, United States, Northern America, Americas	https://careers.boydgroup.com/search/jobdetails/autobody-technician/34864b17-089f-4e31-90d9-a0ba7bf69bec?ejd=Default	2026-06-16	2026-10-03	manual_work	65000 - 125000 USD per year
Gerber Collision & Glass	gerbercollision.com	Collision	Auto Body Technician	Columbia, South Carolina, United States, Northern America, Americas	https://careers.boydgroup.com/search/jobdetails/auto-body-technician/77273140-ee7e-43eb-9edb-cf3250ad756f?ejd=Default	2026-06-14	2026-09-26	manual_work	50000 - 150000 USD per year
Gerber Collision & Glass	gerbercollision.com	Collision	Production Manager	Arlington Heights, Illinois, United States, Northern America, Americas	https://careers.boydgroup.com/search/jobdetails/production-manager/11cb7b06-5f4b-4989-b799-acb5cdb0bb6a?ejd=Default	2026-06-12	2026-10-03	operations	70000 - 80000 USD per year
Gerber Collision & Glass	gerbercollision.com	Collision	Collision Estimator	Grand Rapids, Michigan, United States, Northern America, Americas	https://careers.boydgroup.com/search/jobdetails/collision-estimator/85715f9b-a5a8-4599-a6e8-135320383615?ejd=Default	2026-06-11	2026-09-13	operations	50000 - 100000 USD per year
Gerber Collision & Glass	gerbercollision.com	Collision	Auto Glass Techncian (Ft. Walton Beach)	Fort Walton Beach, Florida, United States, Northern America, Americas	https://careers.boydgroup.com/search/jobdetails/auto-glass-techncian-ft-walton-beach/ba3f2a32-4ec7-4bb8-ad78-7be4392477b7?ejd=Default	2026-05-25	2026-10-04	manual_work	
Gerber Collision & Glass	gerbercollision.com	Collision	Collision General Manager	Rockford, Illinois, United States, Northern America, Americas	https://careers.boydgroup.com/search/jobdetails/collision-general-manager/800ec8d1-4789-4b93-9882-5762dec1941e?ejd=Default	2026-05-24	2026-10-04	management,operations	90000 - 115000 USD per year
Gerber Collision & Glass	gerbercollision.com	Collision	Market Manager - DFW Area	Dallas, Texas, United States, Northern America, Americas	https://careers.boydgroup.com/search/jobdetails/market-manager---dfw-area/0e43fb14-5116-4b92-8a44-913f896992d9?ejd=Default	2026-05-22	2026-09-28	management,operations	100000 - 140000 USD per year
Gerber Collision & Glass	gerbercollision.com	Collision	Collision Estimator	Statesboro, Georgia, United States, Northern America, Americas	https://careers.boydgroup.com/search/jobdetails/collision-estimator/71533fcc-28b5-4986-80d0-2cd22658fd02?ejd=Default	2026-05-21	2026-10-03	operations	50000 - 100000 USD per year
Gerber Collision & Glass	gerbercollision.com	Collision	Paint Prepper	Statesboro, Georgia, United States, Northern America, Americas	https://careers.boydgroup.com/search/jobdetails/paint-prepper/bc77fc59-323a-4038-b6bd-33a287c3a723?ejd=Default	2026-05-20	2026-10-04	manual_work	18 - 21 USD per hour
Gerber Collision & Glass	gerbercollision.com	Collision	Collision Auto Body Technician	Foley, Alabama, United States, Northern America, Americas	https://careers.boydgroup.com/search/jobdetails/collision-auto-body-technician/8829cbf3-0187-4678-897a-18a2cc73e36e?ejd=Default	2026-05-12	2026-10-04	manual_work	20 - 29 USD per hour
Gerber Collision & Glass	gerbercollision.com	Collision	TDP Apprentice	Wisconsin, United States, Northern America, Americas	https://careers.boydgroup.com/search/jobdetails/tdp-apprentice/7fa55953-622e-4a9a-bff3-1df67854ad6a?ejd=Default	2026-04-18	2026-10-04	manual_work	16 - 18 USD per hour
Gerber Collision & Glass	gerbercollision.com	Collision	Automotive Mobile ADAS Technician	Greenwood, Indiana, United States, Northern America, Americas	https://careers.boydgroup.com/search/jobdetails/automotive-mobile-adas-technician/8ff72dca-a640-487c-8490-20cf40e057bc?ejd=Default	2026-04-17	2026-10-03	engineering,manual_work	60000 - 95000 USD per year
Gerber Collision & Glass	gerbercollision.com	Collision	Automotive Mobile ADAS Technician	Louisville, Kentucky, United States, Northern America, Americas	https://careers.boydgroup.com/search/jobdetails/automotive-mobile-adas-technician/2c95be27-3476-4413-a6b9-0641e6b2e52a?ejd=Default	2026-04-17	2026-10-03	engineering,information_technology	60000 - 95000 USD per year
Gerber Collision & Glass	gerbercollision.com	Collision	Auto Body Technician	East Flat Rock, North Carolina, United States, Northern America, Americas	https://careers.boydgroup.com/search/jobdetails/auto-body-technician/f03f4c7b-e2ea-46ba-adaf-514175db0880?ejd=Default	2026-04-03	2026-09-27	manual_work	50000 - 150000 USD per year
Gerber Collision & Glass	gerbercollision.com	Collision	Automotive Mobile ADAS Technician	Abilene, Texas, United States, Northern America, Americas	https://careers.boydgroup.com/search/jobdetails/automotive-mobile-adas-technician/b4e74213-69f7-461e-a498-8159c114d5a5?ejd=Default	2026-03-29	2026-10-02	engineering,information_technology	60000 - 95000 USD per year
Gerber Collision & Glass	gerbercollision.com	Collision	Auto Body Technician	Rhinelander, Wisconsin, United States, Northern America, Americas	https://careers.boydgroup.com/search/jobdetails/auto-body-technician/5ff51f00-5dfb-4b38-a29e-069fc935ab50?ejd=Default	2026-03-27	2026-10-04	manual_work	70000 - 125000 USD per year
Gerber Collision & Glass	gerbercollision.com	Collision	General Manager	Greenville, South Carolina, United States, Northern America, Americas	https://careers.boydgroup.com/search/jobdetails/general-manager/89267997-ae9a-4859-9d39-09f5e8071320?ejd=Default	2026-03-23	2026-09-20	management	80000 - 100000 USD per year
Gerber Collision & Glass	gerbercollision.com	Collision	Estimator	Milwaukee, Wisconsin, United States, Northern America, Americas	https://careers.boydgroup.com/search/jobdetails/estimator/777e5f8f-8daa-4eec-a145-185147b42f8c?ejd=Default	2026-03-20	2026-09-11	operations	46800 - 80000 USD per year
Gerber Collision & Glass	gerbercollision.com	Collision	Automotive Mobile ADAS Technician	Kerrville, Texas, United States, Northern America, Americas	https://careers.boydgroup.com/search/jobdetails/automotive-mobile-adas-technician/f20b9a62-bdc2-4674-ae0d-712ccb4e0baa?ejd=Default	2026-03-18	2026-10-03	information_technology,engineering	60000 - 95000 USD per year
Gerber Collision & Glass	gerbercollision.com	Collision	Automotive Mobile ADAS Technician	Fort Worth, Texas, United States, Northern America, Americas	https://careers.boydgroup.com/search/jobdetails/automotive-mobile-adas-technician/1deecd22-7c99-4125-bc2d-863d06b6bec0?ejd=Default	2026-03-18	2026-10-03	information_technology,manual_work	60000 - 95000 USD per year
Gerber Collision & Glass	gerbercollision.com	Collision	Manager	Joplin, Missouri, United States, Northern America, Americas	https://careers.boydgroup.com/search/searchjobs?keyword=Manager&brandname=Gerber+Collision+%26+Glass	2025-01-10	2026-10-02	management	
Gerber Collision & Glass	gerbercollision.com	Collision	Auto Body Technician	Shreveport, Louisiana, United States, Northern America, Americas	https://careers.boydgroup.com/search/searchjobs?keyword=Auto+Body+Technician&brandname=Gerber+Collision+%26+Glass	2025-01-10	2026-10-02	healthcare_services,manual_work	
Gerber Collision & Glass	gerbercollision.com	Collision	Manager	North Lauderdale, Florida, United States, Northern America, Americas	https://careers.boydgroup.com/search/searchjobs?keyword=manager&brandname=Gerber+Collision+%26+Glass	2023-11-26	2026-10-02	management	
Crash Champions	crashchampions.com	Collision	Paint Prepper	Chicago, Illinois, United States, Northern America, Americas	https://careers.crashchampions.com/lakewood-co/paint-prepper/F2285C553BE947FFB7E4B1ECE98D5932/job	2026-10-03	2026-10-04	manual_work	$41,040.00/Yr
Crash Champions	crashchampions.com	Collision	Collision Estimator	Chicago, Illinois, United States, Northern America, Americas	https://careers.crashchampions.com/west-chester-pa/collision-estimator/EF38BF119992410297E5C6CD2B1C8FCA/job	2026-10-03	2026-10-04	operations,sales	$65,715.00/Yr
Crash Champions	crashchampions.com	Collision	Collision Estimator	Chicago, Illinois, United States, Northern America, Americas	https://careers.crashchampions.com/alpharetta-ga/collision-estimator/4EA2CBBE826D41A8A278D4F6076656AD/job	2026-10-03	2026-10-04	operations,sales	$65,000.00/Yr
Crash Champions	crashchampions.com	Collision	Collision Estimator	Chicago, Illinois, United States, Northern America, Americas	https://careers.crashchampions.com/grovetown-ga/collision-estimator/5D7DDE971E024B6FB19C460181B410FD/job	2026-10-03	2026-10-04	operations,sales	$65,000.00/Yr
Crash Champions	crashchampions.com	Collision	Collision Estimator	Chicago, Illinois, United States, Northern America, Americas	https://careers.crashchampions.com/davie-fl/collision-estimator/CBBB92CB39B04397AB68DA898D94D057/job	2026-10-03	2026-10-04	operations,sales	$65,000.00/Yr
Crash Champions	crashchampions.com	Collision	Production Manager	Chicago, Illinois, United States, Northern America, Americas	https://careers.crashchampions.com/mundelein-il/production-manager/D90BF027EE3C4775B90770BEB6157E1D/job	2026-10-03	2026-10-04	management,operations	$50,000.00/Yr
Crash Champions	crashchampions.com	Collision	Auto Body Technician	Chicago, Illinois, United States, Northern America, Americas	https://careers.crashchampions.com/yorkville-il/auto-body-technician/1FAF0C8D49D24510959ABBAB39495C87/job	2026-10-03	2026-10-04	healthcare_services,manual_work	$65,000.00/Yr
Crash Champions	crashchampions.com	Collision	Auto Body Technician	Chicago, Illinois, United States, Northern America, Americas	https://careers.crashchampions.com/huntingdon-valley-pa/auto-body-technician/4600BB5D5EE44E0980D65413C3B082A4/job	2026-10-03	2026-10-04	healthcare_services,manual_work	$65,455.00/Yr
Crash Champions	crashchampions.com	Collision	ATE Field Mechanical Technician	Chicago, Illinois, United States, Northern America, Americas	https://careers.crashchampions.com/virginia-beach-va/ate-field-mechanical-technician/E1D4AF138DB24FD887DE4C0C90C159B9/job	2026-10-03	2026-10-04	engineering,manual_work	$23.80/Hr
Crash Champions	crashchampions.com	Collision	Operations Director	California, United States, Northern America, Americas	https://careers.crashchampions.com/studio-city-ca/operations-director/93B74346A8454A588104CC8EA6D9ECC9/job	2026-10-03	2026-10-04	management,operations	$140,000.00/Yr
Crash Champions	crashchampions.com	Collision	Auto Body Technician	Chicago, Illinois, United States, Northern America, Americas	https://careers.crashchampions.com/san-antonio-tx/auto-body-technician/CC5D6799CD74435196B14F4AE04136F5/job	2026-10-03	2026-10-04	healthcare_services,manual_work	$65,000.00/Yr
Crash Champions	crashchampions.com	Collision	Collision Estimator	Chicago, Illinois, United States, Northern America, Americas	https://careers.crashchampions.com/west-chester-pa/collision-estimator/F8576137978D473ABBAC09857FF98AE3/job	2026-10-03	2026-10-04	operations,sales	$65,715.00/Yr
Crash Champions	crashchampions.com	Collision	Auto Body Technician	Chicago, Illinois, United States, Northern America, Americas	https://careers.crashchampions.com/lawrenceville-ga/auto-body-technician/E19AF2C63E784B7083481F56C7F4EF73/job	2026-10-03	2026-10-04	healthcare_services,manual_work	$65,000.00/Yr
Crash Champions	crashchampions.com	Collision	Auto Body Technician	Chicago, Illinois, United States, Northern America, Americas	https://careers.crashchampions.com/thornton-co/auto-body-technician/C8B251477C87484B951DC992DF59BE24/job	2026-10-03	2026-10-04	healthcare_services,manual_work	$65,715.00/Yr
Crash Champions	crashchampions.com	Collision	Collision Estimator	Chicago, Illinois, United States, Northern America, Americas	https://careers.crashchampions.com/richmond-tx/collision-estimator/ACAF4171083B4D20A11E06C940E3FDD9/job	2026-10-02	2026-10-04	operations,sales	$66,560.00/Yr
Crash Champions	crashchampions.com	Collision	Automotive Mechanic	Chicago, Illinois, United States, Northern America, Americas	https://careers.crashchampions.com/arlington-tx/automotive-mechanic/C039CB7FFAA2482E90C542F7701991B2/job	2026-10-02	2026-10-04	manual_work	$50,000.00/Yr
Crash Champions	crashchampions.com	Collision	Collision Estimator	Chicago, Illinois, United States, Northern America, Americas	https://careers.crashchampions.com/antioch-tn/collision-estimator/E5103C9C2EBC46858F5D280A96B8C6C2/job	2026-10-02	2026-10-04	operations,sales	$65,000.00/Yr
Crash Champions	crashchampions.com	Collision	Parts Manager	United States, Northern America, Americas	https://careers.crashchampions.com/norfolk-va/parts-manager/3C4CE909B7444D38A73570019832F150/job	2026-10-02	2026-10-04	management,operations,sales	$15.00/Hr
Crash Champions	crashchampions.com	Collision	Auto Body Technician	Chicago, Illinois, United States, Northern America, Americas	https://careers.crashchampions.com/sandy-springs-ga/auto-body-technician/37F55BCA970C43A6B1A1258286EB61FA/job	2026-10-02	2026-10-04	healthcare_services,manual_work	$65,000.00/Yr
Crash Champions	crashchampions.com	Collision	Auto Body Technician	Chicago, Illinois, United States, Northern America, Americas	https://careers.crashchampions.com/post-falls-id/auto-body-technician/77D5A7D699D746F2AA089DBE45A0FB8B/job	2026-10-02	2026-10-04	healthcare_services,manual_work	$65,000.00/Yr
Crash Champions	crashchampions.com	Collision	Porter	Chicago, Illinois, United States, Northern America, Americas	https://careers.crashchampions.com/hollywood-fl/porter/C350701D5C884938991F6DD670D73F8F/job	2026-10-02	2026-10-04	manual_work	$14.00/Hr
Crash Champions	crashchampions.com	Collision	Collision Estimator	Chicago, Illinois, United States, Northern America, Americas	https://careers.crashchampions.com/ocala-fl/collision-estimator/9C5E04A3693A471DAB001361D781CB6B/job	2026-10-02	2026-10-04	operations,sales	$65,000.00/Yr
Crash Champions	crashchampions.com	Collision	Auto Body Technician	Blue Island, Illinois, United States, Northern America, Americas	https://careers.crashchampions.com/blue-island-il/auto-body-technician/2132352253304387A4728C9380C37601/job	2026-10-02	2026-10-04	manual_work	65000.0 - 175140.0 USD per year
Crash Champions	crashchampions.com	Collision	Collision Estimator	Bend, Oregon, United States, Northern America, Americas	https://careers.crashchampions.com/bend-or/collision-estimator/53C077328F484FDDBB7375BB4618CABF/job	2026-10-02	2026-10-04	operations	65000.0 - 137485.0 USD per year
Crash Champions	crashchampions.com	Collision	Auto Body Technician	Grovetown, Georgia, United States, Northern America, Americas	https://careers.crashchampions.com/grovetown-ga/auto-body-technician/07797192F9214AF3BBFEAC1E99F9F5C7/job	2026-10-02	2026-10-04	manual_work	65000.0 - 160740.0 USD per year
Crash Champions	crashchampions.com	Collision	Auto Body Technician	Fairhope, Alabama, United States, Northern America, Americas	https://careers.crashchampions.com/fairhope-al/auto-body-technician/4894AE8368E946FA88CED0E1D7407655/job	2026-10-02	2026-10-04	manual_work	65000.0 - 155340.0 USD per year
Crash Champions	crashchampions.com	Collision	Automotive Body Technician Apprentice	Parma, Ohio, United States, Northern America, Americas	https://careers.crashchampions.com/parma-oh/automotive-body-technician-apprentice/BF352AD2476E4790A0F3DA450DCF1CEF/job	2026-10-02	2026-10-04	manual_work,internship	18.0 - 21.0 USD per hour
Crash Champions	crashchampions.com	Collision	LUXE Collision Estimator	Costa Mesa, California, United States, Northern America, Americas	https://careers.crashchampions.com/costa-mesa-ca/luxe-collision-estimator/5B40EF67E5E44AD685B0E271C80712F1/job	2026-10-02	2026-10-04	operations	68575.0 - 155000.0 USD per year
Crash Champions	crashchampions.com	Collision	Auto Body Technician	Flowood, Mississippi, United States, Northern America, Americas	https://careers.crashchampions.com/flowood-ms/auto-body-technician/CA0D2F543B204C3798E9E78B6AC2C44D/job	2026-10-02	2026-10-04	manual_work	65000.0 - 149940.0 USD per year
Crash Champions	crashchampions.com	Collision	Auto Body Technician	Decatur, Georgia, United States, Northern America, Americas	https://careers.crashchampions.com/decatur-ga/auto-body-technician/6F590CE363F14F0E857DCD3C1A9FF628/job	2026-10-02	2026-10-04	manual_work	65000.0 - 172440.0 USD per year
Crash Champions	crashchampions.com	Collision	Auto Body Technician	Mississippi, United States, Northern America, Americas	https://careers.crashchampions.com/southhaven-ms/auto-body-technician/F96927C81A474FEB907936674C2999CB/job	2026-10-01	2026-10-04	manual_work	65000.0 - 180000.0 USD per year
Crash Champions	crashchampions.com	Collision	National Account Manager	United States, Northern America, Americas	https://careers.crashchampions.com/virtual-usa/national-account-manager/4569A8A54AF047299C4CA830D3BC190C/job	2026-10-01	2026-10-04	sales,management	80000.0 - 100000.0 USD per year
Crash Champions	crashchampions.com	Collision	Customer Service Representative	Waukesha, Wisconsin, United States, Northern America, Americas	https://careers.crashchampions.com/waukesha-wi/customer-service-representative/385261A3A3D8429BA5375DD405CB1A47/job	2026-10-01	2026-10-04	support	10.0 - 24.75 USD per hour
Crash Champions	crashchampions.com	Collision	Collision Estimator	Charlotte, North Carolina, United States, Northern America, Americas	https://careers.crashchampions.com/charlotte-nc/collision-estimator/355CE7EC48C844929E857E25DA1D0083/job	2026-10-01	2026-10-04	operations	65000.0 - 151280.0 USD per year
Crash Champions	crashchampions.com	Collision	Auto Body Technician	Ridgeland, Mississippi, United States, Northern America, Americas	https://careers.crashchampions.com/ridgeland-ms/auto-body-technician/DC73ACA4FB8A4C8A970D604E6DB90366/job	2026-10-01	2026-10-04	manual_work	65000.0 - 149400.0 USD per year
Crash Champions	crashchampions.com	Collision	Paint Technician	Asheville, North Carolina, United States, Northern America, Americas	https://careers.crashchampions.com/asheville-nc/paint-technician/AD0A941C22C14494AABB8A5CF8959A2B/job	2026-10-01	2026-10-04	manual_work	75000.0 - 167310.0 USD per year
Crash Champions	crashchampions.com	Collision	Auto Body Technician	Byram, Mississippi, United States, Northern America, Americas	https://careers.crashchampions.com/byram-ms/auto-body-technician/9C1FF63819AB4F3582D01068A3FA6BC3/job	2026-10-01	2026-10-04	manual_work	65000.0 - 148860.0 USD per year
Crash Champions	crashchampions.com	Collision	Auto Body Technician	New Lenox, Illinois, United States, Northern America, Americas	https://careers.crashchampions.com/new-lenox-il/auto-body-technician/86D4D213838D466F8550B172D2B3965F/job	2026-10-01	2026-10-04	manual_work	65000.0 - 174960.0 USD per year
Crash Champions	crashchampions.com	Collision	Detail Technician	Charlotte, North Carolina, United States, Northern America, Americas	https://careers.crashchampions.com/charlotte-nc/detail-technician/2DCBC738F9F84C76BB9353FC613B220C/job	2026-10-01	2026-10-04	manual_work	10.0 - 24.1 USD per hour
Crash Champions	crashchampions.com	Collision	Auto Body Technician	Memphis, Tennessee, United States, Northern America, Americas	https://careers.crashchampions.com/memphis-tn/auto-body-technician/47D93BC4B8DA4F45A89EB930050F805A/job	2026-10-01	2026-10-04	manual_work	65000.0 - 156240.0 USD per year
Crash Champions	crashchampions.com	Collision	Collision Estimator	Downey, California, United States, Northern America, Americas	https://careers.crashchampions.com/downey-ca/collision-estimator/B9945BDE918748EBB44EC52E429EF97B/job	2026-10-01	2026-10-04	operations	69810.0 - 155000.0 USD per year
Crash Champions	crashchampions.com	Collision	Collision Estimator	Plainfield, Illinois, United States, Northern America, Americas	https://careers.crashchampions.com/plainfield-il/collision-estimator/9CFE58F1B5E14619B2F6F7EE437FED2B/job	2026-10-01	2026-10-04	operations	65000.0 - 150815.0 USD per year
Crash Champions	crashchampions.com	Collision	Collision Estimator	Oklahoma City, Oklahoma, United States, Northern America, Americas	https://careers.crashchampions.com/oklahoma-city-ok/collision-estimator/33E15C46810E4FF3A72A5B1498DCB695/job	2026-10-01	2026-10-04	operations	65000.0 - 129580.0 USD per year
Crash Champions	crashchampions.com	Collision	Auto Body Technician	Torrance, California, United States, Northern America, Americas	https://careers.crashchampions.com/torrance-ca/auto-body-technician/AB4C51F3E6C646B8A290846EF6C6DEB9/job	2026-10-01	2026-10-04	manual_work	69940.0 - 180000.0 USD per year
Crash Champions	crashchampions.com	Collision	Collision Estimator	Portsmouth, Virginia, United States, Northern America, Americas	https://careers.crashchampions.com/portsmouth-va/collision-estimator/4A3AB497621C406C84F420D325638832/job	2026-10-01	2026-10-04	operations	65000.0 - 142290.0 USD per year
Crash Champions	crashchampions.com	Collision	LUXE Collision Estimator	San Jose, California, United States, Northern America, Americas	https://careers.crashchampions.com/san-jose-ca/luxe-collision-estimator/1D7B2C0B34DA4609A0C7E891C45221E3/job	2026-10-01	2026-10-04	operations	79885.0 - 155000.0 USD per year
Crash Champions	crashchampions.com	Collision	Collision Estimator	Covina, California, United States, Northern America, Americas	https://careers.crashchampions.com/covina-ca/collision-estimator/F04B91AFBFCC4BA29E4202892A73DE7F/job	2026-10-01	2026-10-04	operations	69680.0 - 155000.0 USD per year
Crash Champions	crashchampions.com	Collision	Auto Body Technician	Auburn, Washington, United States, Northern America, Americas	https://careers.crashchampions.com/auburn-wa/auto-body-technician/34A4A49F16C0425EA2BCCB4E9C0C5CBB/job	2026-10-01	2026-10-04	manual_work	69420.0 - 180000.0 USD per year
Crash Champions	crashchampions.com	Collision	HRIS System Analyst	Westmont, Illinois, United States, Northern America, Americas	https://careers.crashchampions.com/westmont-il/hris-system-analyst/8D3B9533D48C49E2B2C7E33662A5B007/job	2026-10-01	2026-10-04	information_technology,human_resources	80000.0 - 110000.0 USD per year
Crash Champions	crashchampions.com	Collision	Parts Manager	Dover, New Jersey, United States, Northern America, Americas	https://careers.crashchampions.com/dover-nj/parts-manager/BF3C01D528DF4E9C9B4840661C7A8BD5/job	2026-10-01	2026-10-04	operations	16.64 - 30.0 USD per hour
Crash Champions	crashchampions.com	Collision	Auto Body Technician	North Richland Hills, Texas, United States, Northern America, Americas	https://careers.crashchampions.com/north-richland-hills-tx/auto-body-technician/87CACD12230C48F4B18775338A773C34/job	2026-10-01	2026-10-04	manual_work	65000.0 - 169740.0 USD per year
Crash Champions	crashchampions.com	Collision	Collision Estimator	Pennsylvania, United States, Northern America, Americas	https://careers.crashchampions.com/malvern-pa/collision-estimator/52DEE83CDAC049DFBD09851E5D44E0C8/job	2026-10-01	2026-10-04	operations	65715.0 - 155000.0 USD per year
Crash Champions	crashchampions.com	Collision	Collision Estimator	Lafayette, California, United States, Northern America, Americas	https://careers.crashchampions.com/lafayette-ca/collision-estimator/5158EB84297649E0B082C5A213CA829C/job	2026-10-01	2026-10-04	operations	73255.0 - 155000.0 USD per year
Crash Champions	crashchampions.com	Collision	Porter	Pennsylvania, United States, Northern America, Americas	https://careers.crashchampions.com/malvern-pa/porter/6844050CE97A45CD95CAA6A8DB896301/job	2026-10-01	2026-10-04	manual_work	
Crash Champions	crashchampions.com	Collision	Collision Estimator	Bellevue, Nebraska, United States, Northern America, Americas	https://careers.crashchampions.com/bellevue-ne/collision-estimator/D02179C54B024E2AA1643663349628DB/job	2026-09-30	2026-10-04	operations	65000.0 - 131595.0 USD per year
Crash Champions	crashchampions.com	Collision	Auto Body Technician	Great Falls, Montana, United States, Northern America, Americas	https://careers.crashchampions.com/great-falls-mt/auto-body-technician/53CC1DE006F045C6A9025924DB62744C/job	2026-09-30	2026-10-04	manual_work	65000.0 - 155520.0 USD per year
Crash Champions	crashchampions.com	Collision	Collision Estimator	Houston, Texas, United States, Northern America, Americas	https://careers.crashchampions.com/houston-tx/collision-estimator/65B0961610D74CE08151DECB5BA453D7/job	2026-09-30	2026-10-04	operations	67080.0 - 155000.0 USD per year
Crash Champions	crashchampions.com	Collision	Parts Manager	Tampa, Florida, United States, Northern America, Americas	https://careers.crashchampions.com/tampa-fl/parts-manager/33102FE8ECB44B28B5CCBCF016BD71C4/job	2026-09-30	2026-10-04	operations	15.0 - 27.25 USD per hour
Crash Champions	crashchampions.com	Collision	Paint Prepper	Homestead, Florida, United States, Northern America, Americas	https://careers.crashchampions.com/homestead-fl/paint-prepper/C8F1702DD0B249DABEABB3F28EBDE995/job	2026-09-30	2026-10-04	manual_work	40000.0 - 94400.0 USD per year
Crash Champions	crashchampions.com	Collision	Collision Estimator	Carrollton, Texas, United States, Northern America, Americas	https://careers.crashchampions.com/carrollton-tx/collision-estimator/74BCD24195EA4B728978CC9F3CC1D075/job	2026-09-30	2026-10-04	operations	65000.0 - 154070.0 USD per year
Crash Champions	crashchampions.com	Collision	Paint Technician	Chicago, Illinois, United States, Northern America, Americas	https://careers.crashchampions.com/chicago-il/paint-technician/393AC0F1B4CD4B0383D40EEE2090080B/job	2026-09-30	2026-10-04	manual_work	75000.0 - 194220.0 USD per year
Crash Champions	crashchampions.com	Collision	Detail Technician	Akron, Ohio, United States, Northern America, Americas	https://careers.crashchampions.com/akron-oh/detail-technician/E6EADD2773A84086AB289D28766FB370/job	2026-09-30	2026-10-04	manual_work	10.7 - 23.65 USD per hour
Crash Champions	crashchampions.com	Collision	Auto Body Technician	Gulf Shores, Alabama, United States, Northern America, Americas	https://careers.crashchampions.com/gulf-shores-al/auto-body-technician/36514F09D6214B359269C75B74E35763/job	2026-09-30	2026-10-02	manual_work	65000.0 - 154080.0 USD per year
Crash Champions	crashchampions.com	Collision	Auto Body Technician	Bonita Springs, Florida, United States, Northern America, Americas	https://careers.crashchampions.com/bonita-springs-fl/auto-body-technician/20C01093EB014332B0F2FBC716195B6E/job	2026-09-30	2026-10-02	manual_work	65000.0 - 160020.0 USD per year
Crash Champions	crashchampions.com	Collision	Auto Body Technician	Allentown, Pennsylvania, United States, Northern America, Americas	https://careers.crashchampions.com/allentown-pa/auto-body-technician/72A32B5966DA4552BA3CFFD6147F6B20/job	2026-09-30	2026-10-04	manual_work	65000.0 - 167580.0 USD per year
Crash Champions	crashchampions.com	Collision	Detail Technician	Hagerstown, Maryland, United States, Northern America, Americas	https://careers.crashchampions.com/hagerstown-md/detail-technician/2B6029242B8E456D94D7435380C52764/job	2026-09-30	2026-10-04	manual_work	15.0 - 24.65 USD per hour
Crash Champions	crashchampions.com	Collision	Collision Estimator	Plainfield, Illinois, United States, Northern America, Americas	https://careers.crashchampions.com/plainfield-il/collision-estimator/32DD16BA67F14D94924B3A19782E727E/job	2026-09-30	2026-10-04	operations	65000.0 - 150815.0 USD per year
Crash Champions	crashchampions.com	Collision	Collision Estimator	Yorkville, Illinois, United States, Northern America, Americas	https://careers.crashchampions.com/yorkville-il/collision-estimator/88A7EC4956044AB4B4CDACD73FD1503F/job	2026-09-30	2026-10-04	operations	65000.0 - 147715.0 USD per year
Crash Champions	crashchampions.com	Collision	Auto Body Technician	Castle Rock, Colorado, United States, Northern America, Americas	https://careers.crashchampions.com/castle-rock-co/auto-body-technician/AC131B495E0248EDAF8F7A8650121C42/job	2026-09-30	2026-10-04	manual_work	65065.0 - 180000.0 USD per year
Crash Champions	crashchampions.com	Collision	Collision Estimator	Castle Rock, Colorado, United States, Northern America, Americas	https://careers.crashchampions.com/castle-rock-co/collision-estimator/E31D7373BC424F5C974625864BDE6BF8/job	2026-09-30	2026-10-04	operations	65065.0 - 155000.0 USD per year
Crash Champions	crashchampions.com	Collision	Collision Estimator	Downey, California, United States, Northern America, Americas	https://careers.crashchampions.com/downey-ca/collision-estimator/B7BC73E08B0343AEBDCC5BEFF0DB9978/job	2026-09-30	2026-10-04	operations	69810.0 - 155000.0 USD per year
Crash Champions	crashchampions.com	Collision	ATE - VP of Mobile Operations	United States, Northern America, Americas	https://careers.crashchampions.com/virtual-usa/ate-vp-of-mobile-operations/7AC85192223646B98C90E3443F95038E/job	2026-09-29	2026-10-04	operations,management	225000.0 - 275000.0 USD per year
Crash Champions	crashchampions.com	Collision	Collision Estimator	Orlando, Florida, United States, Northern America, Americas	https://careers.crashchampions.com/orlando-fl/collision-estimator/21A620B7E526403BBAB3E9674FFA50CF/job	2026-09-29	2026-10-04	operations	65000.0 - 136710.0 USD per year
Crash Champions	crashchampions.com	Collision	Auto Body Technician	Albuquerque, New Mexico, United States, Northern America, Americas	https://careers.crashchampions.com/albuquerque-nm/auto-body-technician/A0C37287B3044EF88B3E8A351EDFA209/job	2026-09-29	2026-10-04	manual_work	
Crash Champions	crashchampions.com	Collision	Detail Technician	Peoria, Arizona, United States, Northern America, Americas	https://careers.crashchampions.com/peoria-az/detail-technician/DC53F18C382D41B483A53D0396B9B217/job	2026-09-29	2026-10-04	manual_work	14.7 - 25.0 USD per hour
Crash Champions	crashchampions.com	Collision	Associate Service Advisor	Philadelphia, Pennsylvania, United States, Northern America, Americas	https://careers.crashchampions.com/philadelphia-pa/associate-service-advisor/EF95440EEDBF4542AAC9BAB4B0C25058/job	2026-09-29	2026-10-04	support,operations	15.56 - 25.0 USD per hour
Crash Champions	crashchampions.com	Collision	Detail Technician	Signal Hill, California, United States, Northern America, Americas	https://careers.crashchampions.com/signal-hill-ca/detail-technician/4043DDFDC37E4CC09D2DFA11A1271E88/job	2026-09-29	2026-10-04	manual_work	16.5 - 25.0 USD per hour
Crash Champions	crashchampions.com	Collision	Parts Manager	Memphis, Tennessee, United States, Northern America, Americas	https://careers.crashchampions.com/memphis-tn/parts-manager/EDCDCE7C13C24A1D9520D604653CD65E/job	2026-09-29	2026-10-04	operations	15.0 - 26.8 USD per hour
Crash Champions	crashchampions.com	Collision	Auto Body Technician	Houston, Texas, United States, Northern America, Americas	https://careers.crashchampions.com/houston-tx/auto-body-technician/2B87254A27EA486197E32EB3FC9580DC/job	2026-09-29	2026-10-04	manual_work	66560.0 - 180000.0 USD per year
Crash Champions	crashchampions.com	Collision	Auto Body Technician Helper	Torrance, California, United States, Northern America, Americas	https://careers.crashchampions.com/torrance-ca/auto-body-technician-helper/03093C477AA94CC790BEB623BEFD513F/job	2026-09-29	2026-10-04	manual_work	43040.0 - 100000.0 USD per year
Crash Champions	crashchampions.com	Collision	Paint Technician	Billings, Montana, United States, Northern America, Americas	https://careers.crashchampions.com/billings-mt/paint-technician/F91187B90C83484BA430DF5F027308B1/job	2026-09-29	2026-10-04	manual_work	75000.0 - 175305.0 USD per year
Crash Champions	crashchampions.com	Collision	Automotive Body Technician Apprentice	Redmond, Washington, United States, Northern America, Americas	https://careers.crashchampions.com/redmond-wa/automotive-body-technician-apprentice/5966B1F033504812ABC27B602ECD848A/job	2026-09-29	2026-10-04	manual_work,internship	18.0 - 21.0 USD per hour
Crash Champions	crashchampions.com	Collision	Collision Estimator	Bakersfield, California, United States, Northern America, Americas	https://careers.crashchampions.com/bakersfield-ca/collision-estimator/1B49B144F1A74D0896D0DC8B5837ABDD/job	2026-09-29	2026-10-04	operations	65780.0 - 155000.0 USD per year
Crash Champions	crashchampions.com	Collision	Associate Service Advisor	Rincon, Georgia, United States, Northern America, Americas	https://careers.crashchampions.com/rincon-ga/associate-service-advisor/C9061C5B62D9451C8365120899CEBEB2/job	2026-09-29	2026-10-04	support,operations	15.0 - 22.45 USD per hour
Crash Champions	crashchampions.com	Collision	Associate Service Advisor	Albuquerque, New Mexico, United States, Northern America, Americas	https://careers.crashchampions.com/albuquerque-nm/associate-service-advisor/A60957D123A2404EA8A50A9537B5A874/job	2026-09-29	2026-10-04	support,operations	15.0 - 22.4 USD per hour
Crash Champions	crashchampions.com	Collision	Collision Estimator	Collegeville, Pennsylvania, United States, Northern America, Americas	https://careers.crashchampions.com/collegeville-pa/collision-estimator/5561F7F658704F9C8A6390A631839304/job	2026-09-29	2026-10-04	operations	65715.0 - 155000.0 USD per year
Crash Champions	crashchampions.com	Collision	ATE Field Technician	Leander, Texas, United States, Northern America, Americas	https://careers.crashchampions.com/leander-tx/ate-field-technician/0C06F1E189104723AF233B2EFCDEBFDF/job	2026-09-29	2026-10-04	information_technology,manual_work	25.0 - 40.0 USD per hour
Crash Champions	crashchampions.com	Collision	Auto Body Technician	Omaha, Nebraska, United States, Northern America, Americas	https://careers.crashchampions.com/omaha-ne/auto-body-technician/A2AA4E452E4D40EEB65DB3B94C160DB0/job	2026-09-29	2026-10-04	manual_work	65000.0 - 153000.0 USD per year
Crash Champions	crashchampions.com	Collision	General Manager	Fairhope, Alabama, United States, Northern America, Americas	https://careers.crashchampions.com/fairhope-al/general-manager/A9BE95AE7BAA44A48345173B442ABB04/job	2026-09-29	2026-10-04	operations,management	75000.0 - 129450.0 USD per year
Crash Champions	crashchampions.com	Collision	Associate Service Advisor	Santa Fe, New Mexico, United States, Northern America, Americas	https://careers.crashchampions.com/santa-fe-nm/associate-service-advisor/7DA3BC3C13E64D498AF5046FCE1299A9/job	2026-09-29	2026-10-04	support,operations	15.0 - 21.9 USD per hour
Crash Champions	crashchampions.com	Collision	Auto Body Technician	Phoenix, Arizona, United States, Northern America, Americas	https://careers.crashchampions.com/phoenix-az/auto-body-technician/461D845E5A324E5CB3F081B092A194BC/job	2026-09-29	2026-10-04	manual_work	65000.0 - 159840.0 USD per year
Crash Champions	crashchampions.com	Collision	Automotive Body Technician Apprentice	Frederick, Maryland, United States, Northern America, Americas	https://careers.crashchampions.com/frederick-md/automotive-body-technician-apprentice/E298FDED18174A9A89DE19B23E97341A/job	2026-09-29	2026-10-03	manual_work,internship	18.0 - 21.0 USD per hour
Crash Champions	crashchampions.com	Collision	Auto Body Technician	Lakeway, Texas, United States, Northern America, Americas	https://careers.crashchampions.com/lakeway-tx/auto-body-technician/3012215CE3064410BD9C733D2D78C068/job	2026-09-29	2026-10-04	manual_work	65845.0 - 180000.0 USD per year
Crash Champions	crashchampions.com	Collision	Auto Body Technician	Longwood, Florida, United States, Northern America, Americas	https://careers.crashchampions.com/longwood-fl/auto-body-technician/8530BD4A90C44EB29489A48C2DCFE813/job	2026-09-29	2026-10-04	manual_work	65000.0 - 157500.0 USD per year
Crash Champions	crashchampions.com	Collision	Auto Body Technician	Parker, Colorado, United States, Northern America, Americas	https://careers.crashchampions.com/parker-co/auto-body-technician/B4FF165731DD46DCACC205D699696EB7/job	2026-09-29	2026-10-04	manual_work	65065.0 - 180000.0 USD per year
Crash Champions	crashchampions.com	Collision	Auto Body Technician	Colorado Springs, Colorado, United States, Northern America, Americas	https://careers.crashchampions.com/colorado-springs-co/auto-body-technician/9DEF49316A564B6890C5577E080FCFC4/job	2026-09-29	2026-10-04	manual_work	65000.0 - 166320.0 USD per year
Crash Champions	crashchampions.com	Collision	Auto Body Technician	Atlanta, Georgia, United States, Northern America, Americas	https://careers.crashchampions.com/atlanta-ga/auto-body-technician/C61FF94FB8AC4540BBDAFA1473B9AF4E/job	2026-09-28	2026-10-04	manual_work	65000.0 - 174600.0 USD per year
Crash Champions	crashchampions.com	Collision	ATE - Field Apprentice	Denver, Colorado, United States, Northern America, Americas	https://careers.crashchampions.com/denver-co/ate-field-apprentice/450F01DACBDA43079F31514A6181F463/job	2026-09-28	2026-10-04	manual_work	18.0 - 24.0 USD per hour
Crash Champions	crashchampions.com	Collision	Auto Body Technician	Orlando, Florida, United States, Northern America, Americas	https://careers.crashchampions.com/orlando-fl/auto-body-technician/077D5180FBCD4DF6ADA642A5556D40A8/job	2026-09-28	2026-10-04	manual_work	65000.0 - 160020.0 USD per year
Crash Champions	crashchampions.com	Collision	Auto Body Technician	Walnut Creek, California, United States, Northern America, Americas	https://careers.crashchampions.com/walnut-creek-ca/auto-body-technician/3A130B10A0174277A0C700B434B834D7/job	2026-09-28	2026-10-04	manual_work	73645.0 - 180000.0 USD per year
Crash Champions	crashchampions.com	Collision	Collision Estimator	Crestwood, Illinois, United States, Northern America, Americas	https://careers.crashchampions.com/crestwood-il/collision-estimator/35192FA9D5B54702B7CEA4344B45B40C/job	2026-09-28	2026-10-04	operations	65000.0 - 150815.0 USD per year
Crash Champions	crashchampions.com	Collision	Paint Prepper	Charlotte, North Carolina, United States, Northern America, Americas	https://careers.crashchampions.com/charlotte-nc/paint-prepper/BD31C1FC26FE401E9EDD8A0ECF756930/job	2026-09-28	2026-10-03	manual_work	40000.0 - 96500.0 USD per year
Crash Champions	crashchampions.com	Collision	Parts Manager	Omaha, Nebraska, United States, Northern America, Americas	https://careers.crashchampions.com/omaha-ne/parts-manager/3FE9CE72E98F497988201C7CD8D22130/job	2026-09-28	2026-10-03	operations	15.0 - 26.75 USD per hour
Crash Champions	crashchampions.com	Collision	Detail Technician	Albuquerque, New Mexico, United States, Northern America, Americas	https://careers.crashchampions.com/albuquerque-nm/detail-technician/9528457DBC3B4C14AFB634663416DBE0/job	2026-09-28	2026-10-04	manual_work	12.0 - 23.45 USD per hour
Crash Champions	crashchampions.com	Collision	IT Operations Coordinator	Richardson, Texas, United States, Northern America, Americas	https://careers.crashchampions.com/richardson-tx/it-operations-coordinator/F65F933169644293A0813F6021D09C84/job	2026-09-28	2026-10-04	information_technology,operations	22.0 - 28.0 USD per hour
Crash Champions	crashchampions.com	Collision	Collision Estimator	Santa Fe, New Mexico, United States, Northern America, Americas	https://careers.crashchampions.com/santa-fe-nm/collision-estimator/7BBF106776F746DFA7396A92CADFCB13/job	2026-09-28	2026-10-04	operations	65000.0 - 130975.0 USD per year
Crash Champions	crashchampions.com	Collision	IT Specialist Lead	United States, Northern America, Americas	https://careers.crashchampions.com/virtual-usa/it-specialist-lead/90747AA4BA334E0E88E8D5738F96FCCC/job	2026-09-28	2026-10-02	information_technology,support	36.0 - 46.0 USD per hour
Crash Champions	crashchampions.com	Collision	Parts Manager	Mokena, Illinois, United States, Northern America, Americas	https://careers.crashchampions.com/mokena-il/parts-manager/1D42DA1C7D704C5DBED4318C08BDD990/job	2026-09-28	2026-10-04	operations	15.5 - 30.0 USD per hour
Crash Champions	crashchampions.com	Collision	Detail Technician	Santa Clara, California, United States, Northern America, Americas	https://careers.crashchampions.com/santa-clara-ca/detail-technician/509C86C356144EC1A2934F8D6F8DDBF3/job	2026-09-28	2026-10-04	manual_work	18.2 - 25.0 USD per hour
Crash Champions	crashchampions.com	Collision	Detail Technician	Milpitas, California, United States, Northern America, Americas	https://careers.crashchampions.com/milpitas-ca/detail-technician/CC5E700A079942A5A38B40B0385CC417/job	2026-09-28	2026-10-04	manual_work	18.2 - 25.0 USD per hour
Crash Champions	crashchampions.com	Collision	Parts Assistant	Antioch, California, United States, Northern America, Americas	https://careers.crashchampions.com/antioch-ca/parts-assistant/424CC9EE30AF4D019A75A71CC35BA88C/job	2026-09-28	2026-10-04	operations	16.5 - 25.0 USD per hour
Crash Champions	crashchampions.com	Collision	Collision Estimator	Livonia, Michigan, United States, Northern America, Americas	https://careers.crashchampions.com/livonia-mi/collision-estimator/CF3FAE1F00DF4FAF9915122E9ECEB8B0/job	2026-09-28	2026-10-04	operations	65000.0 - 145080.0 USD per year
Crash Champions	crashchampions.com	Collision	Customer Service Representative	Antioch, California, United States, Northern America, Americas	https://careers.crashchampions.com/antioch-ca/customer-service-representative/38ACF8F1B0794399ADD9B33ADD75A566/job	2026-09-28	2026-09-30	support	16.5 - 25.0 USD per hour
Crash Champions	crashchampions.com	Collision	Auto Body Technician	Lancaster, Pennsylvania, United States, Northern America, Americas	https://careers.crashchampions.com/lancaster-pa/auto-body-technician/01C0007DE0B04B29ADF6E0185A7F559A/job	2026-09-28	2026-10-04	manual_work	65000.0 - 159480.0 USD per year
Crash Champions	crashchampions.com	Collision	Customer Service Representative	Michigan, United States, Northern America, Americas	https://careers.crashchampions.com/clarkston-mi/customer-service-representative/0D851370344F454198A121BD770F0AAB/job	2026-09-28	2026-10-04	support	15.0 - 25.0 USD per hour
Crash Champions	crashchampions.com	Collision	Collision Estimator	Livonia, Michigan, United States, Northern America, Americas	https://careers.crashchampions.com/livonia-mi/collision-estimator/2527AAEA464B44A3AE6DD8ED3246F1BF/job	2026-09-28	2026-09-30	operations	65000.0 - 145080.0 USD per year
Crash Champions	crashchampions.com	Collision	Customer Service Representative	Billings, Montana, United States, Northern America, Americas	https://careers.crashchampions.com/billings-mt/customer-service-representative/0B33D2BDDF0C42C1B631F0273DAB5C11/job	2026-09-26	2026-10-04	support	10.55 - 24.1 USD per hour
Crash Champions	crashchampions.com	Collision	Detail Technician	Fort Lauderdale, Florida, United States, Northern America, Americas	https://careers.crashchampions.com/fort-lauderdale-fl/detail-technician/121E3BF5D08446B1B8E62E200A9062CA/job	2026-09-26	2026-10-02	manual_work	14.0 - 24.6 USD per hour
Crash Champions	crashchampions.com	Collision	Collision Estimator	Ocala, Florida, United States, Northern America, Americas	https://careers.crashchampions.com/ocala-fl/collision-estimator/91EDA7491F704FCC8E134868267A18C8/job	2026-09-25	2026-10-04	operations	65000.0 - 134075.0 USD per year
Crash Champions	crashchampions.com	Collision	Customer Service Representative	Kent, Washington, United States, Northern America, Americas	https://careers.crashchampions.com/kent-wa/customer-service-representative/98EE87BABBB54F489C0377E1C17B281B/job	2026-09-25	2026-10-04	support	16.66 - 25.0 USD per hour
Crash Champions	crashchampions.com	Collision	Collision Estimator	Penn Hills, Pennsylvania, United States, Northern America, Americas	https://careers.crashchampions.com/penn-hills-pa/collision-estimator/AD5C47895ED44A8FBF8FFD98761F0A96/job	2026-09-25	2026-10-04	operations	65000.0 - 140430.0 USD per year
Crash Champions	crashchampions.com	Collision	Collision Estimator	Rochester, New York, United States, Northern America, Americas	https://careers.crashchampions.com/rochester-ny/collision-estimator/8EA1036BFE8A4DEDB34B31284FA55285/job	2026-09-25	2026-10-04	operations	65000.0 - 154690.0 USD per year
Crash Champions	crashchampions.com	Collision	Collision Estimator	Columbiana, Ohio, United States, Northern America, Americas	https://careers.crashchampions.com/columbiana-oh/collision-estimator/C9B7F0F35FDD4178BA3D025AA97BF2D6/job	2026-09-25	2026-10-04	operations	65000.0 - 129890.0 USD per year
Crash Champions	crashchampions.com	Collision	Auto Body Technician	Fort Lauderdale, Florida, United States, Northern America, Americas	https://careers.crashchampions.com/fort-lauderdale-fl/auto-body-technician/3BC280B0F7F74174A4C366D4DD00A336/job	2026-09-25	2026-10-04	manual_work	65000.0 - 169560.0 USD per year
Crash Champions	crashchampions.com	Collision	Paint Technician	Tampa, Florida, United States, Northern America, Americas	https://careers.crashchampions.com/tampa-fl/paint-technician/97F61A1CE8064285AFF18CC5DA2F6E89/job	2026-09-25	2026-10-04	manual_work	75000 - 177255 USD per year
Crash Champions	crashchampions.com	Collision	Auto Body Technician	Tampa, Florida, United States, Northern America, Americas	https://careers.crashchampions.com/tampa-fl/auto-body-technician/BA4629B37DDF462EB328E90B2A4FB2B2/job	2026-09-25	2026-10-04	manual_work	65000.0 - 163620.0 USD per year
Crash Champions	crashchampions.com	Collision	ATE Field Technician	Santa Clara, California, United States, Northern America, Americas	https://careers.crashchampions.com/santa-clara-ca/ate-field-technician/AA54C13422914F68A0292494AD60EFAF/job	2026-09-25	2026-10-04	engineering,information_technology	25.0 - 40.0 USD per hour
Crash Champions	crashchampions.com	Collision	ATE Field Technician	Lutz, Florida, United States, Northern America, Americas	https://careers.crashchampions.com/lutz-fl/ate-field-technician/C44A6D30EC6844AD9534CBFB637EF35B/job	2026-09-25	2026-10-04	engineering,information_technology	25.0 - 40.0 USD per hour
Crash Champions	crashchampions.com	Collision	Auto Body Technician	Newton, Kansas, United States, Northern America, Americas	https://careers.crashchampions.com/newton-ks/auto-body-technician/359B63683B7943E5B6D00B5066AA4BFB/job	2026-09-25	2026-10-04	manual_work	65000.0 - 151920.0 USD per year
Crash Champions	crashchampions.com	Collision	Collision Estimator	Rochester, New York, United States, Northern America, Americas	https://careers.crashchampions.com/rochester-ny/collision-estimator/151B30431CF5404F8F29FA005F48B0E6/job	2026-09-25	2026-10-04	operations	65000.0 - 144305.0 USD per year
Crash Champions	crashchampions.com	Collision	Paint Prepper	Houston, Texas, United States, Northern America, Americas	https://careers.crashchampions.com/houston-tx/paint-prepper/8ABD8F1289F44EDF8AFA8DF95E39F371/job	2026-09-25	2026-10-04	manual_work	40840.0 - 100000.0 USD per year
Crash Champions	crashchampions.com	Collision	Paint Prepper	Pearland, Texas, United States, Northern America, Americas	https://careers.crashchampions.com/pearland-tx/paint-prepper/7B8E200056D6453D876703E3062C386E/job	2026-09-25	2026-10-01	manual_work	40360.0 - 100000.0 USD per year
Crash Champions	crashchampions.com	Collision	Auto Body Technician	Lakewood, Colorado, United States, Northern America, Americas	https://careers.crashchampions.com/lakewood-co/auto-body-technician/8E29CF225C984237BD8C973493CB00B7/job	2026-09-25	2026-10-02	manual_work	66300.0 - 180000.0 USD per year
Crash Champions	crashchampions.com	Collision	Paint Prepper	San Antonio, Texas, United States, Northern America, Americas	https://careers.crashchampions.com/san-antonio-tx/paint-prepper/218F95E976AF4BF9AF5F42F183E06B1E/job	2026-09-25	2026-10-01	manual_work	40000.0 - 90500.0 USD per year
Crash Champions	crashchampions.com	Collision	Auto Body Technician Helper	Joplin, Missouri, United States, Northern America, Americas	https://careers.crashchampions.com/joplin-mo/auto-body-technician-helper/1B2E01A5784B415BB3D914DC6EBE1EA3/job	2026-09-25	2026-10-01	manual_work	40000.0 - 81100.0 USD per year
Crash Champions	crashchampions.com	Collision	Collision Estimator	Wall, New Jersey, United States, Northern America, Americas	https://careers.crashchampions.com/wall-township-nj/collision-estimator/C5F654E8B6D94E249F9EF06F3D1E94DC/job	2026-09-25	2026-10-01	operations	68900.0 - 155000.0 USD per year
Crash Champions	crashchampions.com	Collision	Collision Estimator	Allentown, Pennsylvania, United States, Northern America, Americas	https://careers.crashchampions.com/allentown-pa/collision-estimator/D0ED4209CEE74BE08C382E8F70A79492/job	2026-09-25	2026-10-04	operations	65000.0 - 144305.0 USD per year
Crash Champions	crashchampions.com	Collision	Parts Assistant	Pearland, Texas, United States, Northern America, Americas	https://careers.crashchampions.com/pearland-tx/parts-assistant/7B7AEC7DA2314F11A808DE9FA8CAB8F3/job	2026-09-25	2026-10-04	operations	10.0 - 24.65 USD per hour
Crash Champions	crashchampions.com	Collision	Auto Body Technician	Ocala, Florida, United States, Northern America, Americas	https://careers.crashchampions.com/ocala-fl/auto-body-technician/426702803A054F2D992A1EF380D6EA0B/job	2026-09-24	2026-10-04	manual_work	65000.0 - 155700.0 USD per year
Crash Champions	crashchampions.com	Collision	ATE Field Technician	Federal Way, Washington, United States, Northern America, Americas	https://careers.crashchampions.com/federal-way-wa/ate-field-technician/A63503077CD84D7994B3EE5D3B9859F7/job	2026-09-24	2026-10-04	engineering,information_technology	25.0 - 40.0 USD per hour
Crash Champions	crashchampions.com	Collision	ATE Field Technician	San Jose, California, United States, Northern America, Americas	https://careers.crashchampions.com/san-jose-ca/ate-field-technician/F88045A858A44F1189E9BBF9028CEDC5/job	2026-09-24	2026-10-04	engineering,information_technology	25.0 - 40.0 USD per hour
Crash Champions	crashchampions.com	Collision	Detail Technician	Michigan, United States, Northern America, Americas	https://careers.crashchampions.com/clarkston-mi/detail-technician/97E1E332FDCF4FED869B1DFA25E17750/job	2026-09-24	2026-10-04	manual_work	10.0 - 25.0 USD per hour
Crash Champions	crashchampions.com	Collision	ATE Field Mechanical Technician	Waco, Texas, United States, Northern America, Americas	https://careers.crashchampions.com/waco-tx/ate-field-mechanical-technician/E000E3DEB70F46628A8F28D2FCF61A71/job	2026-09-24	2026-10-01	engineering,manual_work	23.8 - 42.5 USD per hour
Crash Champions	crashchampions.com	Collision	ATE Field Technician	Tucker, Georgia, United States, Northern America, Americas	https://careers.crashchampions.com/tucker-ga/ate-field-technician/01D5050F044E4B64BDAB848E3E56B090/job	2026-09-24	2026-10-04	engineering,information_technology	25.0 - 40.0 USD per hour
Crash Champions	crashchampions.com	Collision	Collision Estimator	Austin, Texas, United States, Northern America, Americas	https://careers.crashchampions.com/austin-tx/collision-estimator/AEF7B7028562428BA79B1357D8B16409/job	2026-09-24	2026-10-04	operations	65910.0 - 155000.0 USD per year
Crash Champions	crashchampions.com	Collision	Collision Estimator	Pittsburgh, Pennsylvania, United States, Northern America, Americas	https://careers.crashchampions.com/pittsburgh-pa/collision-estimator/C22E6DF535DE483B9AA6D0C2FFBBFE9F/job	2026-09-24	2026-10-04	operations	65000.0 - 140275.0 USD per year
Crash Champions	crashchampions.com	Collision	Collision Estimator	South Holland, Illinois, United States, Northern America, Americas	https://careers.crashchampions.com/south-holland-il/collision-estimator/D192F36D89BB4EB19027ABC220580394/job	2026-09-24	2026-10-04	operations	65000.0 - 150660.0 USD per year
Crash Champions	crashchampions.com	Collision	Collision Estimator	Chandler, Arizona, United States, Northern America, Americas	https://careers.crashchampions.com/chandler-az/collision-estimator/40ED11FD6C0D48E29DF41876431F0569/job	2026-09-24	2026-10-04	operations	65000.0 - 137640.0 USD per year
Crash Champions	crashchampions.com	Collision	Auto Body Technician	Jacksonville, Florida, United States, Northern America, Americas	https://careers.crashchampions.com/jacksonville-fl/auto-body-technician/43F9DBBCBE374DF8BE0BB45435D08D4B/job	2026-09-24	2026-10-02	manual_work	65000.0 - 161460.0 USD per year
Crash Champions	crashchampions.com	Collision	Auto Body Technician	Goodyear, Arizona, United States, Northern America, Americas	https://careers.crashchampions.com/goodyear-az/auto-body-technician/56E4A03877F6496FACDEAAD84DD51441/job	2026-09-24	2026-09-30	manual_work	65000.0 - 159120.0 USD per year
Crash Champions	crashchampions.com	Collision	Detail Technician	Frederick, Maryland, United States, Northern America, Americas	https://careers.crashchampions.com/frederick-md/detail-technician/ED1043BAD63D4C2BADDA012E1375C5FF/job	2026-09-24	2026-09-30	manual_work	15.0 - 25.0 USD per hour
Crash Champions	crashchampions.com	Collision	Collision Estimator	Gilbert, Arizona, United States, Northern America, Americas	https://careers.crashchampions.com/gilbert-az/collision-estimator/173403F9BA1847B9B3C9FAB064EE750C/job	2026-09-24	2026-10-01	operations	65000.0 - 137020.0 USD per year
Crash Champions	crashchampions.com	Collision	Paint Prepper	Pittsburgh, Pennsylvania, United States, Northern America, Americas	https://careers.crashchampions.com/pittsburgh-pa/paint-prepper/46CF38F01FF14A2ABCA6221947B1FEF5/job	2026-09-24	2026-10-01	manual_work	40000.0 - 91600.0 USD per year
Crash Champions	crashchampions.com	Collision	Collision Estimator	Universal City, Texas, United States, Northern America, Americas	https://careers.crashchampions.com/universal-city-tx/collision-estimator/7DAF36070CBB4CBFACF65B0CBC0FE96D/job	2026-09-24	2026-09-30	operations	65000.0 - 140275.0 USD per year
Crash Champions	crashchampions.com	Collision	Paint Prepper	Twin Falls, Idaho, United States, Northern America, Americas	https://careers.crashchampions.com/twin-falls-id/paint-prepper/EA8E5D1684E84B809D1B36C877094A31/job	2026-09-24	2026-09-30	manual_work	40000.0 - 83600.0 USD per year
Crash Champions	crashchampions.com	Collision	Auto Body Technician	Peoria, Arizona, United States, Northern America, Americas	https://careers.crashchampions.com/peoria-az/auto-body-technician/619F587FE3294BC8AC05CE943E0EBFED/job	2026-09-24	2026-09-30	manual_work	65000.0 - 159660.0 USD per year
Crash Champions	crashchampions.com	Collision	Auto Body Technician	Tampa, Florida, United States, Northern America, Americas	https://careers.crashchampions.com/tampa-fl/auto-body-technician/B476814E074D462C90A674AD49058D27/job	2026-09-24	2026-09-30	manual_work	65000.0 - 163620.0 USD per year
Crash Champions	crashchampions.com	Collision	Collision Estimator	San Leandro, California, United States, Northern America, Americas	https://careers.crashchampions.com/san-leandro-ca/collision-estimator/3149838EDAA443D7B55E1DF9B005FFE5/job	2026-09-24	2026-09-30	operations	73385.0 - 155000.0 USD per year
Crash Champions	crashchampions.com	Collision	Auto Body Technician	Rochester, New York, United States, Northern America, Americas	https://careers.crashchampions.com/rochester-ny/auto-body-technician/5605E01D22C84D3CBFA82B32CCAFDFD3/job	2026-09-24	2026-10-04	manual_work	65000.0 - 167580.0 USD per year
Crash Champions	crashchampions.com	Collision	Customer Service Representative	Ocoee, Florida, United States, Northern America, Americas	https://careers.crashchampions.com/ocoee-fl/customer-service-representative/601CB4FDEC3B4D7986B4D64FDED482CC/job	2026-09-24	2026-10-04	support	12.0 - 23.2 USD per hour
Crash Champions	crashchampions.com	Collision	Parts Assistant	Jacksonville, Florida, United States, Northern America, Americas	https://careers.crashchampions.com/jacksonville-fl/parts-assistant/72ECCEDDE8154B50AF6FE9E74F99D639/job	2026-09-24	2026-10-04	operations	14.0 - 23.65 USD per hour
Crash Champions	crashchampions.com	Collision	Auto Body Technician	Coraopolis, Pennsylvania, United States, Northern America, Americas	https://careers.crashchampions.com/coraopolis-pa/auto-body-technician/BBDC773E17884C61A30B9C953B724C0A/job	2026-09-24	2026-10-04	manual_work	65000.0 - 162540.0 USD per year
Crash Champions	crashchampions.com	Collision	Collision Estimator	Jacksonville, Florida, United States, Northern America, Americas	https://careers.crashchampions.com/jacksonville-fl/collision-estimator/F504507971D14224BEEB61537EB4E423/job	2026-09-24	2026-10-04	operations	65000.0 - 139035.0 USD per year
Crash Champions	crashchampions.com	Collision	Auto Body Technician	Thomasville, Georgia, United States, Northern America, Americas	https://careers.crashchampions.com/thomasville-ga/auto-body-technician/C5373C339B9449558AD0C470FF9ED565/job	2026-09-24	2026-09-30	manual_work	65000.0 - 150660.0 USD per year
Crash Champions	crashchampions.com	Collision	Collision Estimator	Jacksonville, Florida, United States, Northern America, Americas	https://careers.crashchampions.com/jacksonville-fl/collision-estimator/5CC48CB189944E8DAE40AFB21CE6C06E/job	2026-09-24	2026-10-04	operations	65000.0 - 161460.0 USD per year
Crash Champions	crashchampions.com	Collision	Auto Body Technician	Colorado, United States, Northern America, Americas	https://careers.crashchampions.com/ft-collins-co/auto-body-technician/FA8995A0A7C14D3C92078CF23C2D7277/job	2026-09-24	2026-10-04	manual_work	65000.0 - 168480.0 USD per year
Crash Champions	crashchampions.com	Collision	ATE Field Technician	Burien, Washington, United States, Northern America, Americas	https://careers.crashchampions.com/burien-wa/ate-field-technician/68C61C61DC8D497E8AEC50F85B4D452F/job	2026-09-24	2026-10-04	engineering,information_technology	25.0 - 40.0 USD per hour
Crash Champions	crashchampions.com	Collision	Paint Prepper	Missouri City, Texas, United States, Northern America, Americas	https://careers.crashchampions.com/missouri-city-tx/paint-prepper/C28C0916C7964874B6D262F88CF61B47/job	2026-09-23	2026-10-04	manual_work	40440.0 - 100000.0 USD per year
Crash Champions	crashchampions.com	Collision	Collision Estimator	Maryland, United States, Northern America, Americas	https://careers.crashchampions.com/mechanicsville-md/collision-estimator/B86F7988F85D4EC39E9B9173AC2CB122/job	2026-09-23	2026-10-04	operations	66820.0 - 155000.0 USD per year
Crash Champions	crashchampions.com	Collision	Customer Service Representative	Chula Vista, California, United States, Northern America, Americas	https://careers.crashchampions.com/chula-vista-ca/customer-service-representative/E384B3B7A75D4AC685905AF31B085775/job	2026-09-23	2026-10-04	support	16.5 - 25.0 USD per hour
Crash Champions	crashchampions.com	Collision	ATE Field Technician	San Mateo, California, United States, Northern America, Americas	https://careers.crashchampions.com/san-mateo-ca/ate-field-technician/54029145A1AF458FA564D4FAC2D13103/job	2026-09-23	2026-10-04	engineering,information_technology	25.0 - 40.0 USD per hour
Crash Champions	crashchampions.com	Collision	Auto Body Technician	Denver, Colorado, United States, Northern America, Americas	https://careers.crashchampions.com/denver-co/auto-body-technician/58E2902F5E5B4B6493B5560939D064E8/job	2026-09-23	2026-10-04	manual_work	66625.0 - 180000.0 USD per year
Crash Champions	crashchampions.com	Collision	Customer Service Representative	Oklahoma City, Oklahoma, United States, Northern America, Americas	https://careers.crashchampions.com/oklahoma-city-ok/customer-service-representative/0009D01E952B495690E7AA9628AC2E98/job	2026-09-23	2026-10-04	support	10.0 - 22.15 USD per hour
Crash Champions	crashchampions.com	Collision	Auto Body Technician	Herndon, Virginia, United States, Northern America, Americas	https://careers.crashchampions.com/herndon-va/auto-body-technician/CC48B909B6FE42069B78367819222EB1/job	2026-09-23	2026-10-04	manual_work	71435.0 - 180000.0 USD per year
Crash Champions	crashchampions.com	Collision	Collision Estimator	Chicago, Illinois, United States, Northern America, Americas	https://careers.crashchampions.com/chicago-il/collision-estimator/11C0729DB1E648A59B76B179966A2259/job	2026-09-23	2026-10-04	operations	65000.0 - 154380.0 USD per year
Crash Champions	crashchampions.com	Collision	Auto Body Technician	Aurora, Colorado, United States, Northern America, Americas	https://careers.crashchampions.com/aurora-co/auto-body-technician/045E1571574B42E1BDDBD2E4680A6B17/job	2026-09-23	2026-10-04	manual_work	65910.0 - 180000.0 USD per year
Crash Champions	crashchampions.com	Collision	Auto Body Technician	Schererville, Indiana, United States, Northern America, Americas	https://careers.crashchampions.com/schererville-in/auto-body-technician/5E180B701DFA400691758648015BFCD1/job	2026-09-23	2026-10-04	manual_work	65000.0 - 168300.0 USD per year
Crash Champions	crashchampions.com	Collision	Customer Service Representative	Ridgeland, Mississippi, United States, Northern America, Americas	https://careers.crashchampions.com/ridgeland-ms/customer-service-representative/45EBEEDF46174C9DBB50E06EA330FDE9/job	2026-09-23	2026-09-30	support	10.0 - 21.25 USD per hour
Crash Champions	crashchampions.com	Collision	Collision Estimator	Harrisburg, North Carolina, United States, Northern America, Americas	https://careers.crashchampions.com/harrisburg-nc/collision-estimator/409DDC8B2C334CB982C0572588890459/job	2026-09-23	2026-10-01	operations	65000.0 - 150660.0 USD per year
Crash Champions	crashchampions.com	Collision	Customer Service Representative	California, United States, Northern America, Americas	https://careers.crashchampions.com/north-hollywood-ca/customer-service-representative/18D846D7F1D74041A74C40E3B754E69E/job	2026-09-23	2026-09-30	support	17.87 - 25.0 USD per hour
Crash Champions	crashchampions.com	Collision	Customer Service Representative	Virginia, United States, Northern America, Americas	https://careers.crashchampions.com/stafford-va/customer-service-representative/EA6ADC65FEA1441495D4F3EE85C0F654/job	2026-09-23	2026-09-29	support	12.41 - 25.0 USD per hour
Crash Champions	crashchampions.com	Collision	Auto Body Technician	Albuquerque, New Mexico, United States, Northern America, Americas	https://careers.crashchampions.com/albuquerque-nm/auto-body-technician/86FC1D78DE8E4838A83967CB146B78E3/job	2026-09-23	2026-10-01	manual_work	65000.0 - 162360.0 USD per year
Crash Champions	crashchampions.com	Collision	Customer Service Representative	Herndon, Virginia, United States, Northern America, Americas	https://careers.crashchampions.com/herndon-va/customer-service-representative/D39BE5F238B5403684489B030A2C0132/job	2026-09-23	2026-09-29	support	12.41 - 25.0 USD per hour
Crash Champions	crashchampions.com	Collision	Collision Estimator	Charlotte, North Carolina, United States, Northern America, Americas	https://careers.crashchampions.com/charlotte-nc/collision-estimator/2BDEEC78720A416E8685616D642F4E7F/job	2026-09-23	2026-09-29	operations	65000.0 - 151280.0 USD per year
Crash Champions	crashchampions.com	Collision	Collision General Manager	Colorado Springs, Colorado, United States, Northern America, Americas	https://careers.crashchampions.com/colorado-springs-co/collision-general-manager/882DB9569DBE47FBA55186C78DF6241B/job	2026-09-23	2026-09-30	management,operations	75000.0 - 138600.0 USD per year
Crash Champions	crashchampions.com	Collision	Collision Estimator	Murfreesboro, Tennessee, United States, Northern America, Americas	https://careers.crashchampions.com/murfreesboro-tn/collision-estimator/78078D59471F40F6BA3DAEE3DABC089B/job	2026-09-23	2026-10-01	operations	65000.0 - 138415.0 USD per year
Crash Champions	crashchampions.com	Collision	Parts Manager	Chicago, Illinois, United States, Northern America, Americas	https://careers.crashchampions.com/chicago-il/parts-manager/62AD58A790604F60ABF6B1F0F79006EF/job	2026-09-23	2026-10-01	operations	16.6 - 30.0 USD per hour
Crash Champions	crashchampions.com	Collision	Paint Technician	San Mateo, California, United States, Northern America, Americas	https://careers.crashchampions.com/san-mateo-ca/paint-technician/5F9534BB0C8449B381C022A1813D9D82/job	2026-09-23	2026-10-04	manual_work	89775.0 - 195000.0 USD per year
Crash Champions	crashchampions.com	Collision	Collision Estimator	San Antonio, Texas, United States, Northern America, Americas	https://careers.crashchampions.com/san-antonio-tx/collision-estimator/3041344BA40E4286A4A04347F07BB21F/job	2026-09-23	2026-10-04	operations	65000.0 - 140120.0 USD per year
Crash Champions	crashchampions.com	Collision	Collision Estimator	Texas, United States, Northern America, Americas	https://careers.crashchampions.com/kingwood-tx/collision-estimator/71989B8D02184153BF689CA6D3E86428/job	2026-09-23	2026-10-04	operations	67275.0 - 155000.0 USD per year
Crash Champions	crashchampions.com	Collision	Parts Manager	Austin, Texas, United States, Northern America, Americas	https://careers.crashchampions.com/austin-tx/parts-manager/43DB52B5668A479CAD2CA2BC3AEF63BD/job	2026-09-23	2026-10-04	operations	15.21 - 30.0 USD per hour
Crash Champions	crashchampions.com	Collision	Paint Prepper	San Antonio, Texas, United States, Northern America, Americas	https://careers.crashchampions.com/san-antonio-tx/paint-prepper/BA9A3EEE835A4DB19472A182CE5B60E6/job	2026-09-23	2026-09-29	manual_work	40000.0 - 89900.0 USD per year
Crash Champions	crashchampions.com	Collision	Auto Body Technician	Denver, Colorado, United States, Northern America, Americas	https://careers.crashchampions.com/denver-co/auto-body-technician/ED8C3C7C78DF4E46B51ABE67437F1258/job	2026-09-23	2026-09-29	manual_work	66625.0 - 180000.0 USD per year
Crash Champions	crashchampions.com	Collision	Associate Service Advisor	Albuquerque, New Mexico, United States, Northern America, Americas	https://careers.crashchampions.com/albuquerque-nm/associate-service-advisor/8CBCE1FD5F8940AFB2B230CBA6A7CF51/job	2026-09-23	2026-09-29	support,operations	15.0 - 22.5 USD per hour
Crash Champions	crashchampions.com	Collision	Auto Body Technician	Aurora, Colorado, United States, Northern America, Americas	https://careers.crashchampions.com/aurora-co/auto-body-technician/1DADF31F20FC436F98B08CA5F739B07D/job	2026-09-23	2026-09-29	manual_work	65910.0 - 180000.0 USD per year
Crash Champions	crashchampions.com	Collision	Auto Body Technician	Valrico, Florida, United States, Northern America, Americas	https://careers.crashchampions.com/valrico-fl/auto-body-technician/33ECAE3B7D834DEE8071266F9046B4BA/job	2026-09-23	2026-10-04	manual_work	65000.0 - 163620.0 USD per year
Crash Champions	crashchampions.com	Collision	Detail Technician	Denver, Colorado, United States, Northern America, Americas	https://careers.crashchampions.com/denver-co/detail-technician/37382FADA48B4DADADEC730534C095E8/job	2026-09-23	2026-10-04	manual_work	18.81 - 25.0 USD per hour
Crash Champions	crashchampions.com	Collision	Collision Estimator	McDonough, Georgia, United States, Northern America, Americas	https://careers.crashchampions.com/mcdonough-ga/collision-estimator/16987E91D2A74DBB833CD1D769C47257/job	2026-09-23	2026-10-04	operations	65000.0 - 148180.0 USD per year
Crash Champions	crashchampions.com	Collision	Customer Service Representative	Asheville, North Carolina, United States, Northern America, Americas	https://careers.crashchampions.com/asheville-nc/customer-service-representative/33B5AE0704CA4619841EAECBE6427114/job	2026-09-23	2026-09-29	support	10.0 - 22.45 USD per hour
Crash Champions	crashchampions.com	Collision	Paint Prepper	Collierville, Tennessee, United States, Northern America, Americas	https://careers.crashchampions.com/collierville-tn/paint-prepper/FE8F33A0F7F943FE872E0F41CDBC8861/job	2026-09-22	2026-09-28	manual_work	40000.0 - 87400.0 USD per year
Crash Champions	crashchampions.com	Collision	Auto Body Technician	San Antonio, Texas, United States, Northern America, Americas	https://careers.crashchampions.com/san-antonio-tx/auto-body-technician/343976C2424A4B33B624BA7483EF125B/job	2026-09-22	2026-09-28	manual_work	65000.0 - 162720.0 USD per year
Crash Champions	crashchampions.com	Collision	ATE - Field Apprentice	Denver, Colorado, United States, Northern America, Americas	https://careers.crashchampions.com/denver-co/ate-field-apprentice/4405757F2E0E43A781FF3E4DC41EAB87/job	2026-09-22	2026-09-28	internship,engineering	18.0 - 21.0 USD per hour
Crash Champions	crashchampions.com	Collision	Auto Body Technician	Seattle, Washington, United States, Northern America, Americas	https://careers.crashchampions.com/seattle-wa/auto-body-technician/3D1816D1C00D41738F80F83299238772/job	2026-09-22	2026-10-04	manual_work	69680.0 - 180000.0 USD per year
Crash Champions	crashchampions.com	Collision	Auto Body Technician	Placerville, California, United States, Northern America, Americas	https://careers.crashchampions.com/placerville-ca/auto-body-technician/B2D319C98693484EAC3B37E3FCE9AB19/job	2026-09-22	2026-10-04	manual_work	66495.0 - 180000.0 USD per year
Crash Champions	crashchampions.com	Collision	Detail Technician	Fairhope, Alabama, United States, Northern America, Americas	https://careers.crashchampions.com/fairhope-al/detail-technician/4652A59843184011B32355DB315BEA12/job	2026-09-22	2026-10-04	manual_work	10.0 - 21.75 USD per hour
Crash Champions	crashchampions.com	Collision	Collision Estimator	Center Line, Michigan, United States, Northern America, Americas	https://careers.crashchampions.com/center-line-mi/collision-estimator/73DA9B43493049939D3B7902EF176DB3/job	2026-09-22	2026-10-04	operations	65000.0 - 143840.0 USD per year
Crash Champions	crashchampions.com	Collision	Paint Technician	Redmond, Washington, United States, Northern America, Americas	https://careers.crashchampions.com/redmond-wa/paint-technician/29947F4019134D908BBE57A161BF3C65/job	2026-09-22	2026-10-04	manual_work	80325.0 - 195000.0 USD per year
Crash Champions	crashchampions.com	Collision	Parts Manager	Katy, Texas, United States, Northern America, Americas	https://careers.crashchampions.com/katy-tx/parts-manager/0BD9651DBB25453F84BBFC70BD19B382/job	2026-09-22	2026-10-04	operations	15.15 - 30.0 USD per hour
Crash Champions	crashchampions.com	Collision	Parts Manager	Cleveland, Ohio, United States, Northern America, Americas	https://careers.crashchampions.com/cleveland-oh/parts-manager/84C883574ED24BAB8CA5D3359B3FA160/job	2026-09-22	2026-10-04	operations	15.0 - 28.15 USD per hour
Crash Champions	crashchampions.com	Collision	Auto Body Technician	Bellevue, Nebraska, United States, Northern America, Americas	https://careers.crashchampions.com/bellevue-ne/auto-body-technician/4CC5F82DC34444ADA3180B24E6DF157C/job	2026-09-22	2026-10-04	manual_work	65000.0 - 152820.0 USD per year
Crash Champions	crashchampions.com	Collision	Auto Body Technician	Austin, Texas, United States, Northern America, Americas	https://careers.crashchampions.com/austin-tx/auto-body-technician/27A87F3CD1814A7C83467E3E0CA5329F/job	2026-09-22	2026-09-30	manual_work	65455.0 - 180000.0 USD per year
Crash Champions	crashchampions.com	Collision	Auto Body Technician Helper	Fremont, California, United States, Northern America, Americas	https://careers.crashchampions.com/fremont-ca/auto-body-technician-helper/DE1584AD24FC44F5A1C73D2BD7F66404/job	2026-09-22	2026-09-28	manual_work	46440.0 - 100000.0 USD per year
Crash Champions	crashchampions.com	Collision	Auto Body Technician	San Antonio, Texas, United States, Northern America, Americas	https://careers.crashchampions.com/san-antonio-tx/auto-body-technician/582F7BA04CD84C9CB6463C51F69C5E70/job	2026-09-22	2026-09-28	manual_work	65000.0 - 162900.0 USD per year
Crash Champions	crashchampions.com	Collision	Paint Technician	Chula Vista, California, United States, Northern America, Americas	https://careers.crashchampions.com/chula-vista-ca/paint-technician/6953F62385AF43E5A8F89485DAD2E71B/job	2026-09-22	2026-10-02	manual_work	76650.0 - 195000.0 USD per year
Crash Champions	crashchampions.com	Collision	ATE Field Mechanical Technician	San Antonio, Texas, United States, Northern America, Americas	https://careers.crashchampions.com/san-antonio-tx/ate-field-mechanical-technician/244DFAF934234BFE9872321F13FC2C74/job	2026-09-22	2026-10-02	engineering,manual_work	23.8 - 42.5 USD per hour
Crash Champions	crashchampions.com	Collision	Auto Body Technician	Miami, Florida, United States, Northern America, Americas	https://careers.crashchampions.com/miami-fl/auto-body-technician/A9C957B627AD4A029FC5DFF2ED6B03EB/job	2026-09-22	2026-10-02	manual_work	65000.0 - 171540.0 USD per year
Crash Champions	crashchampions.com	Collision	Grants Compliance Specialist	Westmont, Illinois, United States, Northern America, Americas	https://careers.crashchampions.com/westmont-il/grants-compliance-specialist/CB3822A851184EC2A2E761BEC827B773/job	2026-09-22	2026-10-02	administration,finance	55000.0 - 75000.0 USD per year
Crash Champions	crashchampions.com	Collision	Collision Estimator	Rincon, Georgia, United States, Northern America, Americas	https://careers.crashchampions.com/rincon-ga/collision-estimator/293CC6864E864053A57F588A705C86E0/job	2026-09-22	2026-09-29	operations	65000.0 - 138570.0 USD per year
Crash Champions	crashchampions.com	Collision	Auto Body Technician	Rocky River, Ohio, United States, Northern America, Americas	https://careers.crashchampions.com/rocky-river-oh/auto-body-technician/CB0CE1160AAB4C2197BEF534518412BA/job	2026-09-22	2026-10-04	manual_work	65000.0 - 162000.0 USD per year
Crash Champions	crashchampions.com	Collision	ATE - Field Apprentice	Albuquerque, New Mexico, United States, Northern America, Americas	https://careers.crashchampions.com/albuquerque-nm/ate-field-apprentice/22C84690FCF4497D87429EF817A4874B/job	2026-09-22	2026-09-28	internship,engineering	18.0 - 21.0 USD per hour
Crash Champions	crashchampions.com	Collision	Paint Technician	Gilbert, Arizona, United States, Northern America, Americas	https://careers.crashchampions.com/gilbert-az/paint-technician/72FEA273DC9D4AFFB81B1D591047ACC5/job	2026-09-21	2026-09-27	manual_work	75000.0 - 172380.0 USD per year
Crash Champions	crashchampions.com	Collision	Auto Body Technician	East Hartford, Connecticut, United States, Northern America, Americas	https://careers.crashchampions.com/east-hartford-ct/auto-body-technician/EE4EC9C1071242EFA2E8FF293F8E4347/job	2026-09-21	2026-10-04	manual_work	65000.0 - 176940.0 USD per year
Crash Champions	crashchampions.com	Collision	ATE Field Technician	Cleveland, Ohio, United States, Northern America, Americas	https://careers.crashchampions.com/cleveland-oh/ate-field-technician/79F260AF9A004A39BAAF29D6AC30AF5B/job	2026-09-21	2026-10-04	engineering,information_technology	25.0 - 40.0 USD per hour
Crash Champions	crashchampions.com	Collision	Porter	Lutz, Florida, United States, Northern America, Americas	https://careers.crashchampions.com/lutz-fl/porter/9F97D6F33E8D4E058133D0701C38CEAF/job	2026-09-21	2026-10-04	manual_work	14.0 - 18.65 USD per hour
Crash Champions	crashchampions.com	Collision	Collision Estimator	Lynchburg, Virginia, United States, Northern America, Americas	https://careers.crashchampions.com/lynchburg-va/collision-estimator/784B7672F7D74E10BC4249D9A5982768/job	2026-09-21	2026-10-04	operations	65000.0 - 137175.0 USD per year
Crash Champions	crashchampions.com	Collision	Auto Body Technician	Bend, Oregon, United States, Northern America, Americas	https://careers.crashchampions.com/bend-or/auto-body-technician/2634B4C095AF4033B425725B302F06D3/job	2026-09-21	2026-10-04	manual_work	65000.0 - 159660.0 USD per year
Crash Champions	crashchampions.com	Collision	Collision Estimator	Spokane, Washington, United States, Northern America, Americas	https://careers.crashchampions.com/spokane-wa/collision-estimator/6F750D14998C43BAA815D7780661F138/job	2026-09-21	2026-10-04	operations	65000.0 - 136555.0 USD per year
Crash Champions	crashchampions.com	Collision	Customer Service Representative	Richmond, Virginia, United States, Northern America, Americas	https://careers.crashchampions.com/richmond-va/customer-service-representative/8608645E05AC4BBA9B9DC46D92562357/job	2026-09-21	2026-10-04	support	65000.0 - 170100.0 USD per year
Crash Champions	crashchampions.com	Collision	Collision Estimator	Burien, Washington, United States, Northern America, Americas	https://careers.crashchampions.com/burien-wa/collision-estimator/4FC17D8636A1411DB2C9CE88D4EAF94C/job	2026-09-21	2026-10-04	operations	69745.0 - 155000.0 USD per year
Crash Champions	crashchampions.com	Collision	Collision Estimator	Missouri, United States, Northern America, Americas	https://careers.crashchampions.com/pleasant-valley-mo/collision-estimator/5B9951E71C8E4E6C99BB84D941C9A45A/job	2026-09-21	2026-10-04	operations	65000.0 - 136400.0 USD per year
Crash Champions	crashchampions.com	Collision	Auto Body Technician	Countryside, Illinois, United States, Northern America, Americas	https://careers.crashchampions.com/countryside-il/auto-body-technician/BB98867D6B104FA18FC55341881627B9/job	2026-09-21	2026-10-04	manual_work	65000.0 - 175140.0 USD per year
Crash Champions	crashchampions.com	Collision	Collision Estimator	Grand Prairie, Texas, United States, Northern America, Americas	https://careers.crashchampions.com/grand-prairie-tx/collision-estimator/49DB82E3900F40CEABB8EAA32D1071CA/job	2026-09-21	2026-10-04	operations	65000.0 - 153915.0 USD per year
Crash Champions	crashchampions.com	Collision	Parts Manager	Scottsdale, Arizona, United States, Northern America, Americas	https://careers.crashchampions.com/scottsdale-az/parts-manager/3564A375BFC942E88E83C50A4C6B166E/job	2026-09-21	2026-10-04	operations	15.0 - 27.55 USD per hour
Crash Champions	crashchampions.com	Collision	Auto Body Technician	Rancho Cordova, California, United States, Northern America, Americas	https://careers.crashchampions.com/rancho-cordova-ca/auto-body-technician/BB306B91F2A04BB7878CCD6C502B868E/job	2026-09-21	2026-10-04	manual_work	66690.0 - 180000.0 USD per year
Crash Champions	crashchampions.com	Collision	Auto Body Technician	Redmond, Oregon, United States, Northern America, Americas	https://careers.crashchampions.com/redmond-or/auto-body-technician/F095E25A9ADA44EB973CC397A40C57A6/job	2026-09-21	2026-10-04	manual_work	65000.0 - 158580.0 USD per year
Crash Champions	crashchampions.com	Collision	Parts Manager	Valdosta, Georgia, United States, Northern America, Americas	https://careers.crashchampions.com/valdosta-ga/parts-manager/B2C65DAA1A7D4C309DA82946B237500C/job	2026-09-21	2026-10-04	operations	
Crash Champions	crashchampions.com	Collision	Auto Body Technician	Orland Park, Illinois, United States, Northern America, Americas	https://careers.crashchampions.com/orland-park-il/auto-body-technician/3CFB20ED024743FBBFE058E3DBBA0BDC/job	2026-09-21	2026-10-04	manual_work	65000.0 - 174960.0 USD per year
Crash Champions	crashchampions.com	Collision	Customer Experience Associate I	United States, Northern America, Americas	https://careers.crashchampions.com/virtual-usa/customer-experience-associate-i/257EF0EE505F4C499D760F6B04E22BDA/job	2026-09-21	2026-10-04	support	16.0 - 19.0 USD per hour
Crash Champions	crashchampions.com	Collision	Auto Body Technician	Brentwood, California, United States, Northern America, Americas	https://careers.crashchampions.com/brentwood-ca/auto-body-technician/98CF1F6D2AB74FDDB098EE2CAE8F2081/job	2026-09-21	2026-09-21	healthcare_services,manual_work	
Crash Champions	crashchampions.com	Collision	Paint Prepper	Rosenberg, Texas, United States, Northern America, Americas	https://careers.crashchampions.com/rosenberg-tx/paint-prepper/2BA932595A1A4576BB8E38A38D26C09D/job	2026-09-21	2026-09-28	manual_work	40440.0 - 100000.0 USD per year
Crash Champions	crashchampions.com	Collision	Auto Body Technician	McDonough, Georgia, United States, Northern America, Americas	https://careers.crashchampions.com/mcdonough-ga/auto-body-technician/B6C907BEC4B94D69B1508B0D946BAF37/job	2026-09-21	2026-09-27	manual_work	65000.0 - 172080.0 USD per year
Crash Champions	crashchampions.com	Collision	Collision Estimator	Strongsville, Ohio, United States, Northern America, Americas	https://careers.crashchampions.com/strongsville-oh/collision-estimator/DCB9187013EB437C97FE566608453128/job	2026-09-21	2026-10-04	operations	65000.0 - 139345.0 USD per year
Crash Champions	crashchampions.com	Collision	Auto Body Technician	Fairfield, California, United States, Northern America, Americas	https://careers.crashchampions.com/fairfield-ca/auto-body-technician/7B738ED775DE4FFD9393B1D12CC53F1B/job	2026-09-21	2026-10-04	manual_work	71240.0 - 180000.0 USD per year
Crash Champions	crashchampions.com	Collision	Auto Body Technician	Bend, Oregon, United States, Northern America, Americas	https://careers.crashchampions.com/bend-or/auto-body-technician/6EC3E92C053540A982B8CFFB726B2F38/job	2026-09-21	2026-10-04	manual_work	65000.0 - 159660.0 USD per year
Crash Champions	crashchampions.com	Collision	Auto Body Technician	Peoria, Arizona, United States, Northern America, Americas	https://careers.crashchampions.com/peoria-az/auto-body-technician/FB59EEBE73D445CAA3344A8923B1AE90/job	2026-09-21	2026-10-04	manual_work	65000.0 - 159660.0 USD per year
Crash Champions	crashchampions.com	Collision	Collision Estimator	Marietta, Georgia, United States, Northern America, Americas	https://careers.crashchampions.com/marietta-ga/collision-estimator/40DBE4CBED834C8496BC29C34E2E2705/job	2026-09-21	2026-10-04	operations	65000.0 - 148490.0 USD per year
Crash Champions	crashchampions.com	Collision	Collision Estimator	Fort Worth, Texas, United States, Northern America, Americas	https://careers.crashchampions.com/fort-worth-tx/collision-estimator/0EBB4C8F0CC547DDADDCA73581C34E44/job	2026-09-21	2026-10-04	operations	65000.0 - 146475.0 USD per year
Crash Champions	crashchampions.com	Collision	Collision Estimator	Seattle, Washington, United States, Northern America, Americas	https://careers.crashchampions.com/seattle-wa/collision-estimator/C10154C913D541BF8F9B9B21882A65EF/job	2026-09-21	2026-10-04	operations	69680.0 - 155000.0 USD per year
Crash Champions	crashchampions.com	Collision	Collision Estimator	Billings, Montana, United States, Northern America, Americas	https://careers.crashchampions.com/billings-mt/collision-estimator/CA323BA0EEB84D5D81880DA0BB46FD77/job	2026-09-21	2026-09-27	operations	65000.0 - 139345.0 USD per year
Crash Champions	crashchampions.com	Collision	Detail Technician	Kenosha, Wisconsin, United States, Northern America, Americas	https://careers.crashchampions.com/kenosha-wi/detail-technician/B1FE1A03725F46CDAF08FB07D4836346/job	2026-09-21	2026-09-27	manual_work	10.37 - 25.0 USD per hour
Crash Champions	crashchampions.com	Collision	Collision Estimator	Katy, Texas, United States, Northern America, Americas	https://careers.crashchampions.com/katy-tx/collision-estimator/5E2D263B1C8547FAB793EA69D80F56C7/job	2026-09-21	2026-09-28	operations	67145.0 - 155000.0 USD per year
Crash Champions	crashchampions.com	Collision	Parts Manager	Penn Hills, Pennsylvania, United States, Northern America, Americas	https://careers.crashchampions.com/penn-hills-pa/parts-manager/7052F0B77DE04E898301A46A3AECAAF1/job	2026-09-18	2026-10-04	operations	15.0 - 28.15 USD per hour
Crash Champions	crashchampions.com	Collision	Paint Prepper	Dallas, Texas, United States, Northern America, Americas	https://careers.crashchampions.com/dallas-tx/paint-prepper/10E154E8980744B9B4D9653DE78F6427/job	2026-09-18	2026-09-26	manual_work	40000.0 - 99200.0 USD per year
Crash Champions	crashchampions.com	Collision	Auto Body Technician	Dallas, Texas, United States, Northern America, Americas	https://careers.crashchampions.com/dallas-tx/auto-body-technician/51A2B9FB82C44853AA6EA1BBE1C19B12/job	2026-09-18	2026-09-26	manual_work	65000.0 - 178740.0 USD per year
Crash Champions	crashchampions.com	Collision	Detail Technician	Nashville, Tennessee, United States, Northern America, Americas	https://careers.crashchampions.com/nashville-tn/detail-technician/9338879A9AA14EFD9489ED39441905B4/job	2026-09-18	2026-09-26	manual_work	10.0 - 24.25 USD per hour
Crash Champions	crashchampions.com	Collision	Collision Estimator	Rocky River, Ohio, United States, Northern America, Americas	https://careers.crashchampions.com/rocky-river-oh/collision-estimator/9838EBFA425142B7AFB8461C6122B271/job	2026-09-18	2026-09-26	operations	65000.0 - 139500.0 USD per year
Crash Champions	crashchampions.com	Collision	Collision Estimator	McKinney, Texas, United States, Northern America, Americas	https://careers.crashchampions.com/mckinney-tx/collision-estimator/CFD6B99B57BB4746A9850F4C088756FB/job	2026-09-18	2026-09-26	operations	65000.0 - 152520.0 USD per year
Crash Champions	crashchampions.com	Collision	Paint Technician	Georgia, United States, Northern America, Americas	https://careers.crashchampions.com/jonesboro-ga/paint-technician/3BA886B7ACA74EF08A9DB1ACD37A2348/job	2026-09-18	2026-09-26	manual_work	75000.0 - 186615.0 USD per year
Crash Champions	crashchampions.com	Collision	Parts Manager	Grandview, Missouri, United States, Northern America, Americas	https://careers.crashchampions.com/grandview-mo/parts-manager/BE534811EDBF4F9A9247D1F393D34DA4/job	2026-09-18	2026-09-26	operations	15.0 - 27.8 USD per hour
Crash Champions	crashchampions.com	Collision	Auto Body Technician	Mountain View, California, United States, Northern America, Americas	https://careers.crashchampions.com/mountain-view-ca/auto-body-technician/82B7D974F0CE4590A1D2A5791CADF54D/job	2026-09-18	2026-10-04	manual_work	79885.0 - 180000.0 USD per year
Crash Champions	crashchampions.com	Collision	Detail Technician	Windham, New Hampshire, United States, Northern America, Americas	https://careers.crashchampions.com/windham-nh/detail-technician/49564F3220F84914853F7EA0656AD290/job	2026-09-18	2026-10-04	manual_work	10.0 - 25.0 USD per hour
Crash Champions	crashchampions.com	Collision	Collision Estimator	Cleveland, Ohio, United States, Northern America, Americas	https://careers.crashchampions.com/cleveland-oh/collision-estimator/AFB4B9778F9D4B01BCF292DE3B88C402/job	2026-09-18	2026-10-04	operations	65000.0 - 139655.0 USD per year
Crash Champions	crashchampions.com	Collision	Sr Financial Analyst, FP&A	United States, Northern America, Americas	https://careers.crashchampions.com/virtual-usa/sr-financial-analyst-fpa/8A5A6E737431461095D1198F1E289950/job	2026-09-18	2026-10-04	finance	85000.0 - 110000.0 USD per year
Crash Champions	crashchampions.com	Collision	Collision Estimator	Cleveland, Ohio, United States, Northern America, Americas	https://careers.crashchampions.com/cleveland-oh/collision-estimator/F2CE5AAF9A754EABB56C253E577033EF/job	2026-09-18	2026-10-04	operations	65000.0 - 139655.0 USD per year
Crash Champions	crashchampions.com	Collision	Auto Body Technician	Lutz, Florida, United States, Northern America, Americas	https://careers.crashchampions.com/lutz-fl/auto-body-technician/4A3B233031CB4DE9B7F8B66D884D09B1/job	2026-09-18	2026-10-04	manual_work	65000.0 - 161640.0 USD per year
Crash Champions	crashchampions.com	Collision	Automotive Body Technician Apprentice	Akron, Ohio, United States, Northern America, Americas	https://careers.crashchampions.com/akron-oh/automotive-body-technician-apprentice/28D527D104674ED2882AE4FEAF1CA2DC/job	2026-09-18	2026-10-04	manual_work,internship	18.0 - 21.0 USD per hour
Crash Champions	crashchampions.com	Collision	Auto Body Technician	Ridgeland, Mississippi, United States, Northern America, Americas	https://careers.crashchampions.com/ridgeland-ms/auto-body-technician/CDDFA8542BE6436F8C6A97A7AC255346/job	2026-09-18	2026-10-04	manual_work	65000.0 - 149400.0 USD per year
Crash Champions	crashchampions.com	Collision	Collision Estimator	Cleveland Heights, Ohio, United States, Northern America, Americas	https://careers.crashchampions.com/cleveland-heights-oh/collision-estimator/66D52EA0A7D84AD793D48BF562ADAB14/job	2026-09-18	2026-10-04	operations	65000.0 - 139500.0 USD per year
Crash Champions	crashchampions.com	Collision	Auto Body Technician	Brentwood, California, United States, Northern America, Americas	https://careers.crashchampions.com/brentwood-ca/auto-body-technician/2DEFAAD764054BB99004F34D32D30CF5/job	2026-09-18	2026-10-04	manual_work	71955.0 - 180000.0 USD per year
Crash Champions	crashchampions.com	Collision	Detail Technician	Los Angeles, California, United States, Northern America, Americas	https://careers.crashchampions.com/los-angeles-ca/detail-technician/A7BB8E3AD70A41809ACC75B7592E9E59/job	2026-09-18	2026-10-04	manual_work	17.87 - 25.0 USD per hour
Crash Champions	crashchampions.com	Collision	Auto Body Technician	Wilsonville, Oregon, United States, Northern America, Americas	https://careers.crashchampions.com/wilsonville-or/auto-body-technician/CB7B92F5C57B4DFB86AE87FD270B3837/job	2026-09-18	2026-10-04	manual_work	65000.0 - 169380.0 USD per year
Crash Champions	crashchampions.com	Collision	Detail Technician	Tinley Park, Illinois, United States, Northern America, Americas	https://careers.crashchampions.com/tinley-park-il/detail-technician/5E10CD7D1019407A8FC0C84E2EEF32A6/job	2026-09-18	2026-09-26	manual_work	15.0 - 25.0 USD per hour
Crash Champions	crashchampions.com	Collision	Parts Manager	Shawnee, Kansas, United States, Northern America, Americas	https://careers.crashchampions.com/shawnee-ks/parts-manager/92C999B8D86245F1AF6C7DA0EEC4A17F/job	2026-09-18	2026-09-26	operations	15.0 - 27.95 USD per hour
Crash Champions	crashchampions.com	Collision	Customer Service Representative	Richmond, California, United States, Northern America, Americas	https://careers.crashchampions.com/richmond-ca/customer-service-representative/2FEA1B769C074BD4B609C7305A75E5AA/job	2026-09-18	2026-09-24	support	17.77 - 25.0 USD per hour
Crash Champions	crashchampions.com	Collision	Auto Body Technician	Naperville, Illinois, United States, Northern America, Americas	https://careers.crashchampions.com/naperville-il/auto-body-technician/BD062BCA338F4F5D9F83EC7E1D9A4DAD/job	2026-09-18	2026-10-04	manual_work	65000.0 - 175320.0 USD per year
Crash Champions	crashchampions.com	Collision	Collision Estimator	Crestwood, Illinois, United States, Northern America, Americas	https://careers.crashchampions.com/crestwood-il/collision-estimator/37BB11FED1F44254BFBB9210DD083B5D/job	2026-09-18	2026-10-04	operations	65000.0 - 150815.0 USD per year
Crash Champions	crashchampions.com	Collision	Collision Estimator	Urbana, Illinois, United States, Northern America, Americas	https://careers.crashchampions.com/urbana-il/collision-estimator/50DD93E7B4C241D6AE4A7A2284E58FDE/job	2026-09-18	2026-10-04	operations	65000.0 - 139345.0 USD per year
Crash Champions	crashchampions.com	Collision	Collision Estimator	San Jose, California, United States, Northern America, Americas	https://careers.crashchampions.com/san-jose-ca/collision-estimator/DD5B8096C95B4082BEBD108B15601232/job	2026-09-18	2026-10-04	operations	79885.0 - 155000.0 USD per year
Crash Champions	crashchampions.com	Collision	Collision Estimator	Lafayette, California, United States, Northern America, Americas	https://careers.crashchampions.com/lafayette-ca/collision-estimator/78D68FA9082747F9801E433E6BC72980/job	2026-09-18	2026-10-04	operations	73255.0 - 155000.0 USD per year
Crash Champions	crashchampions.com	Collision	Detail Technician	San Ramon, California, United States, Northern America, Americas	https://careers.crashchampions.com/san-ramon-ca/detail-technician/94357A2756F94C8297606A8590997EAA/job	2026-09-18	2026-10-02	manual_work	16.5 - 25.0 USD per hour
Crash Champions	crashchampions.com	Collision	Customer Service Representative	Placerville, California, United States, Northern America, Americas	https://careers.crashchampions.com/placerville-ca/customer-service-representative/6B7DEFDDE6A0493297E5D433C4FFC45E/job	2026-09-18	2026-10-02	support	16.5 - 25.0 USD per hour
Crash Champions	crashchampions.com	Collision	Auto Body Technician	Crest Hill, Illinois, United States, Northern America, Americas	https://careers.crashchampions.com/crest-hill-il/auto-body-technician/5CE74FC07FAD42C385F4BD36F3EDA9DC/job	2026-09-18	2026-10-02	manual_work	65000.0 - 174780.0 USD per year
Crash Champions	crashchampions.com	Collision	Auto Body Technician	Plainfield, Illinois, United States, Northern America, Americas	https://careers.crashchampions.com/plainfield-il/auto-body-technician/44B8CF6A12F64BB0B61C482A91E2B178/job	2026-09-18	2026-10-02	manual_work	65000.0 - 175140.0 USD per year
Crash Champions	crashchampions.com	Collision	Collision Estimator	Brentwood, California, United States, Northern America, Americas	https://careers.crashchampions.com/brentwood-ca/collision-estimator/5273C3EB36674C1D90370F8C9A8CF165/job	2026-09-18	2026-10-02	operations	71955.0 - 155000.0 USD per year
Crash Champions	crashchampions.com	Collision	Auto Body Technician	Spokane, Washington, United States, Northern America, Americas	https://careers.crashchampions.com/spokane-wa/auto-body-technician/8E738EEA005B4BC8BACE375B405170C0/job	2026-09-18	2026-10-02	manual_work	65000.0 - 159480.0 USD per year
Crash Champions	crashchampions.com	Collision	Auto Body Technician	Naperville, Illinois, United States, Northern America, Americas	https://careers.crashchampions.com/naperville-il/auto-body-technician/64686F1242EB47C48AA52F2ADE8B4AAC/job	2026-09-18	2026-10-04	manual_work	65000.0 - 175320.0 USD per year
Crash Champions	crashchampions.com	Collision	Collision Estimator	Columbus, Ohio, United States, Northern America, Americas	https://careers.crashchampions.com/columbus-oh/collision-estimator/683F5729503E439DB68B09DE08B8CC4D/job	2026-09-17	2026-09-24	operations	65000.0 - 139190.0 USD per year
Crash Champions	crashchampions.com	Collision	Auto Body Technician Helper	Nashua, New Hampshire, United States, Northern America, Americas	https://careers.crashchampions.com/nashua-nh/auto-body-technician-helper/1E5C52171EA34DC2A6C45C251BD22397/job	2026-09-17	2026-09-24	manual_work	10000.0 - 40000.0 USD per year
Crash Champions	crashchampions.com	Collision	Auto Body Technician	Berwyn, Illinois, United States, Northern America, Americas	https://careers.crashchampions.com/berwyn-il/auto-body-technician/1458D41B5AA64709A8048DFA1F7E8B55/job	2026-09-17	2026-10-04	manual_work	65000.0 - 174960.0 USD per year
Crash Champions	crashchampions.com	Collision	Collision Estimator	Huntingdon, Pennsylvania, United States, Northern America, Americas	https://careers.crashchampions.com/huntingdon-valley-pa/collision-estimator/C410282A2F4E47B0BF8B8A6CC2646C6F/job	2026-09-17	2026-10-04	operations	65455.0 - 155000.0 USD per year
Crash Champions	crashchampions.com	Collision	Collision Estimator	Royal Oak, Michigan, United States, Northern America, Americas	https://careers.crashchampions.com/royal-oak-mi/collision-estimator/F817B2DA0FE84F72A6E7E226F5EDFA77/job	2026-09-17	2026-10-04	operations	65000.0 - 144305.0 USD per year
Crash Champions	crashchampions.com	Collision	Auto Body Technician	Cleveland Heights, Ohio, United States, Northern America, Americas	https://careers.crashchampions.com/cleveland-heights-oh/auto-body-technician/91CF2E05610A4980946E98DA21316FFD/job	2026-09-17	2026-10-04	manual_work	65000.0 - 162000.0 USD per year
Crash Champions	crashchampions.com	Collision	Auto Body Technician	Twinsburg, Ohio, United States, Northern America, Americas	https://careers.crashchampions.com/twinsburg-oh/auto-body-technician/268ADEA1CF6646979175BF080A75BD1C/job	2026-09-17	2026-10-04	manual_work	65000.0 - 159300.0 USD per year
Crash Champions	crashchampions.com	Collision	Auto Body Technician	Tinley Park, Illinois, United States, Northern America, Americas	https://careers.crashchampions.com/tinley-park-il/auto-body-technician/858730E2E9344B6193C4049154FA7FB3/job	2026-09-17	2026-10-04	manual_work	65000.0 - 174960.0 USD per year
Crash Champions	crashchampions.com	Collision	Auto Body Technician	Cleveland, Ohio, United States, Northern America, Americas	https://careers.crashchampions.com/cleveland-oh/auto-body-technician/0C812A7C8BD643F7AF8060723C1EA1A4/job	2026-09-17	2026-10-04	manual_work	65000.0 - 162180.0 USD per year
Crash Champions	crashchampions.com	Collision	Collision Estimator	Columbus, Ohio, United States, Northern America, Americas	https://careers.crashchampions.com/columbus-oh/collision-estimator/83145C00037E4F7CBB8A31FC4560C488/job	2026-09-17	2026-10-04	operations	65000.0 - 139345.0 USD per year
Crash Champions	crashchampions.com	Collision	Collision Estimator	Ohio, United States, Northern America, Americas	https://careers.crashchampions.com/lewis-center-oh/collision-estimator/0A682654DD2C4B11A4BF0F8C5371A61C/job	2026-09-17	2026-10-04	operations	65000.0 - 139965.0 USD per year
Crash Champions	crashchampions.com	Collision	Parts Assistant	Oak Forest, Illinois, United States, Northern America, Americas	https://careers.crashchampions.com/oak-forest-il/parts-assistant/E0AE2F4104174CB3AD1B8B66E0C3F065/job	2026-09-17	2026-10-04	operations	15.0 - 25.0 USD per hour
Crash Champions	crashchampions.com	Collision	Detail Technician	Orange, California, United States, Northern America, Americas	https://careers.crashchampions.com/orange-ca/detail-technician/DA91589A2B5D473EA51E2037DDD9F95C/job	2026-09-17	2026-09-24	manual_work	16.5 - 25.0 USD per hour
Crash Champions	crashchampions.com	Collision	Collision Estimator	Rocky River, Ohio, United States, Northern America, Americas	https://careers.crashchampions.com/rocky-river-oh/collision-estimator/52B9DCB475BA4C82A3B8FAE5D380AA50/job	2026-09-17	2026-09-24	operations	65000.0 - 139500.0 USD per year
Crash Champions	crashchampions.com	Collision	Auto Body Technician	Renton, Washington, United States, Northern America, Americas	https://careers.crashchampions.com/renton-wa/auto-body-technician/D049416C217A4547A2B11C2E422115CD/job	2026-09-17	2026-09-23	manual_work	69550.0 - 180000.0 USD per year
Crash Champions	crashchampions.com	Collision	Auto Body Technician	Chester, Pennsylvania, United States, Northern America, Americas	https://careers.crashchampions.com/west-chester-pa/auto-body-technician/3C84C113D5C449A3A85E3E1C17942C56/job	2026-09-17	2026-09-23	manual_work	65715.0 - 180000.0 USD per year
Crash Champions	crashchampions.com	Collision	Auto Body Technician	Webster, Texas, United States, Northern America, Americas	https://careers.crashchampions.com/webster-tx/auto-body-technician/6AB1132678CE45619F4E28D38AC5C620/job	2026-09-17	2026-09-23	manual_work	67015.0 - 180000.0 USD per year
Crash Champions	crashchampions.com	Collision	Paint Prepper	Converse, Texas, United States, Northern America, Americas	https://careers.crashchampions.com/converse-tx/paint-prepper/2E8B957F6EE04CD1953CB21D0638596A/job	2026-09-17	2026-09-24	manual_work	40000.0 - 90000.0 USD per year
Crash Champions	crashchampions.com	Collision	ATE Field Technician	Portland, Oregon, United States, Northern America, Americas	https://careers.crashchampions.com/portland-or/ate-field-technician/5EC6CD0F669A4388BDB43427798E365C/job	2026-09-17	2026-09-23	information_technology,engineering	25.0 - 40.0 USD per hour
Crash Champions	crashchampions.com	Collision	Paint Technician	Asheville, North Carolina, United States, Northern America, Americas	https://careers.crashchampions.com/asheville-nc/paint-technician/3B49D2FAAFC143CFB9301F5A589AF686/job	2026-09-17	2026-09-23	manual_work	75000.0 - 167310.0 USD per year
Crash Champions	crashchampions.com	Collision	Paint Prepper	San Antonio, Texas, United States, Northern America, Americas	https://careers.crashchampions.com/san-antonio-tx/paint-prepper/8151B433B79B4BFCBC72DFBAF1542379/job	2026-09-17	2026-09-23	manual_work	40000.0 - 90500.0 USD per year
Crash Champions	crashchampions.com	Collision	Paint Technician	South Carolina, United States, Northern America, Americas	https://careers.crashchampions.com/effingham-sc/paint-technician/0FCDBE70C60645F990CBC9F0CD2CF688/job	2026-09-17	2026-09-23	manual_work	75000.0 - 172575.0 USD per year
Crash Champions	crashchampions.com	Collision	Auto Body Technician	Renton, Washington, United States, Northern America, Americas	https://careers.crashchampions.com/renton-wa/auto-body-technician/686D2EE1F1CD42619E21A11E4CDB9CCD/job	2026-09-17	2026-10-04	manual_work	69550.0 - 180000.0 USD per year
Crash Champions	crashchampions.com	Collision	Auto Body Technician	Davenport, Iowa, United States, Northern America, Americas	https://careers.crashchampions.com/davenport-ia/auto-body-technician/0E9D3099D29D44069B68F32F1B6EF6D5/job	2026-09-17	2026-10-04	manual_work	66430.0 - 180000.0 USD per year
Crash Champions	crashchampions.com	Collision	Auto Body Technician	Redmond, Washington, United States, Northern America, Americas	https://careers.crashchampions.com/redmond-wa/auto-body-technician/DEC87274A0764FD4911C517E913DB4D6/job	2026-09-17	2026-10-04	manual_work	69615.0 - 180000.0 USD per year
Crash Champions	crashchampions.com	Collision	Auto Body Technician	Ohio, United States, Northern America, Americas	https://careers.crashchampions.com/lewis-center-oh/auto-body-technician/4A6767734BCE48A08BDE15E24D61135F/job	2026-09-17	2026-10-04	manual_work	65000.0 - 162540.0 USD per year
Crash Champions	crashchampions.com	Collision	Auto Body Technician	Medina, Ohio, United States, Northern America, Americas	https://careers.crashchampions.com/medina-oh/auto-body-technician/3EC764C7187C4DCFA1B6C63A0A5B1E95/job	2026-09-17	2026-10-04	manual_work	65000.0 - 161640.0 USD per year
Crash Champions	crashchampions.com	Collision	Auto Body Technician	Henrietta, New York, United States, Northern America, Americas	https://careers.crashchampions.com/west-henrietta-ny/auto-body-technician/B2738351B7EA44AC9635C3E8945D1DEE/job	2026-09-17	2026-10-04	manual_work	65000.0 - 167580.0 USD per year
Crash Champions	crashchampions.com	Collision	Auto Body Technician	Grand Prairie, Texas, United States, Northern America, Americas	https://careers.crashchampions.com/grand-prairie-tx/auto-body-technician/D01B75755BFA405189EEA0E43A68E124/job	2026-09-17	2026-10-01	manual_work	65000.0 - 178740.0 USD per year
Crash Champions	crashchampions.com	Collision	Auto Body Technician	Redmond, Washington, United States, Northern America, Americas	https://careers.crashchampions.com/redmond-wa/auto-body-technician/8CE97593FCF14E5FA9364AA899D9F260/job	2026-09-17	2026-10-04	manual_work	69615.0 - 180000.0 USD per year
Crash Champions	crashchampions.com	Collision	ATE Field Technician	Renton, Washington, United States, Northern America, Americas	https://careers.crashchampions.com/renton-wa/ate-field-technician/C49F0BEA3FAC45798E48776A9C1A8264/job	2026-09-17	2026-10-04	engineering,information_technology	25.0 - 40.0 USD per hour
Crash Champions	crashchampions.com	Collision	Auto Body Technician	Georgia, United States, Northern America, Americas	https://careers.crashchampions.com/jonesboro-ga/auto-body-technician/759C3219EF7C4202891E52CFB403DFDE/job	2026-09-17	2026-10-04	manual_work	65000.0 - 172260.0 USD per year
Crash Champions	crashchampions.com	Collision	Auto Body Technician	Spokane, Washington, United States, Northern America, Americas	https://careers.crashchampions.com/spokane-wa/auto-body-technician/DCE7B867BD144C5A9D5BC09B4D938BC6/job	2026-09-17	2026-10-04	manual_work	65000.0 - 158580.0 USD per year
Crash Champions	crashchampions.com	Collision	Auto Body Technician	Avon, Ohio, United States, Northern America, Americas	https://careers.crashchampions.com/avon-oh/auto-body-technician/BA637BEE936A470B834C9124265D1B1A/job	2026-09-17	2026-10-04	manual_work	65000.0 - 161640.0 USD per year
Crash Champions	crashchampions.com	Collision	Auto Body Technician	Carol Stream, Illinois, United States, Northern America, Americas	https://careers.crashchampions.com/carol-stream-il/auto-body-technician/04FB91C0EAAE445A9E3D16BECBDB3C9E/job	2026-09-17	2026-09-23	manual_work	65000.0 - 175320.0 USD per year
Crash Champions	crashchampions.com	Collision	Auto Body Technician	Lombard, Illinois, United States, Northern America, Americas	https://careers.crashchampions.com/lombard-il/auto-body-technician/5AB9155BC65A47959B3D79E0BF15A013/job	2026-09-17	2026-10-03	manual_work	65000.0 - 175140.0 USD per year
Crash Champions	crashchampions.com	Collision	Auto Body Technician	Chicago, Illinois, United States, Northern America, Americas	https://careers.crashchampions.com/chicago-il/auto-body-technician/331855EFB0E64A6C823D9D24924DBB61/job	2026-09-17	2026-10-01	manual_work	65000.0 - 179280.0 USD per year
Crash Champions	crashchampions.com	Collision	Detail Technician	Memphis, Tennessee, United States, Northern America, Americas	https://careers.crashchampions.com/memphis-tn/detail-technician/4DA02436CEB945DB964A48E3D8516194/job	2026-09-17	2026-10-01	manual_work	10.0 - 23.15 USD per hour
Crash Champions	crashchampions.com	Collision	Auto Body Technician	Richmond, Texas, United States, Northern America, Americas	https://careers.crashchampions.com/richmond-tx/auto-body-technician/E8C17EC9A92D4505BDFC75E7C4D015EE/job	2026-09-17	2026-10-03	manual_work	66560.0 - 180000.0 USD per year
Crash Champions	crashchampions.com	Collision	Auto Body Technician	McHenry, Illinois, United States, Northern America, Americas	https://careers.crashchampions.com/mchenry-il/auto-body-technician/091BE089177E468BA9243D108B2273CF/job	2026-09-17	2026-10-03	manual_work	65000.0 - 175140.0 USD per year
Crash Champions	crashchampions.com	Collision	Auto Body Technician	Lincolnwood, Illinois, United States, Northern America, Americas	https://careers.crashchampions.com/lincolnwood-il/auto-body-technician/F0F543CAB5414B9680AF60807D3716E1/job	2026-09-17	2026-10-03	manual_work	65000.0 - 175140.0 USD per year
Crash Champions	crashchampions.com	Collision	Auto Body Technician	Spring, Texas, United States, Northern America, Americas	https://careers.crashchampions.com/spring-tx/auto-body-technician/F8C0F28E93C8457D8BD5E3ED4025C492/job	2026-09-17	2026-10-01	manual_work	67145.0 - 180000.0 USD per year
Crash Champions	crashchampions.com	Collision	Paint Prepper	North Little Rock, Arkansas, United States, Northern America, Americas	https://careers.crashchampions.com/north-little-rock-ar/paint-prepper/41B3D0A117D24B51A5E2ED26AEA5A0BB/job	2026-09-17	2026-10-03	manual_work	40000.0 - 95500.0 USD per year
Crash Champions	crashchampions.com	Collision	Auto Body Technician	Glenview, Illinois, United States, Northern America, Americas	https://careers.crashchampions.com/glenview-il/auto-body-technician/C9489BC5DD114F9B8828B5117277FCD6/job	2026-09-17	2026-10-03	manual_work	65000.0 - 174960.0 USD per year
Crash Champions	crashchampions.com	Collision	ATE Field Technician	Gaithersburg, Maryland, United States, Northern America, Americas	https://careers.crashchampions.com/gaithersburg-md/ate-field-technician/F3A25D9E1BA343B48412210AD2E44804/job	2026-09-16	2026-09-23	engineering,information_technology	25.0 - 40.0 USD per hour
Crash Champions	crashchampions.com	Collision	Auto Body Technician	Columbus, Ohio, United States, Northern America, Americas	https://careers.crashchampions.com/columbus-oh/auto-body-technician/CD234876844A4D11BAEAE9E9434BC983/job	2026-09-16	2026-09-23	manual_work	65000.0 - 161820.0 USD per year
Crash Champions	crashchampions.com	Collision	ATE Field Technician	Portsmouth, Virginia, United States, Northern America, Americas	https://careers.crashchampions.com/portsmouth-va/ate-field-technician/AD26D0AF84C14A9FA5F89E24B8598108/job	2026-09-16	2026-10-03	engineering,information_technology	25.0 - 40.0 USD per hour
Crash Champions	crashchampions.com	Collision	ATE Field Mechanical Technician	Collegeville, Pennsylvania, United States, Northern America, Americas	https://careers.crashchampions.com/collegeville-pa/ate-field-mechanical-technician/D6B0B94C608B4D7BB29D9ADC19D731C6/job	2026-09-16	2026-10-03	engineering,information_technology	23.8 - 42.5 USD per hour
Crash Champions	crashchampions.com	Collision	Auto Body Technician	Columbus, Ohio, United States, Northern America, Americas	https://careers.crashchampions.com/columbus-oh/auto-body-technician/D8D14D8533334B83B8741C1F9B596361/job	2026-09-16	2026-10-03	manual_work	65000.0 - 161640.0 USD per year
Crash Champions	crashchampions.com	Collision	ATE Support Services Coordinator	Farmers Branch, Texas, United States, Northern America, Americas	https://careers.crashchampions.com/farmers-branch-tx/ate-support-services-coordinator/30109A0F0E274F5BB40126B02BE24255/job	2026-09-16	2026-10-03	operations,administration	18.0 - 25.0 USD per hour
Crash Champions	crashchampions.com	Collision	Collision Estimator	Tolleson, Arizona, United States, Northern America, Americas	https://careers.crashchampions.com/tolleson-az/collision-estimator/14BD916B8D4C41BBBCFD1DD68E5D0053/job	2026-09-16	2026-10-03	operations	65000.0 - 137020.0 USD per year
Crash Champions	crashchampions.com	Collision	Auto Body Technician	Columbus, Ohio, United States, Northern America, Americas	https://careers.crashchampions.com/columbus-oh/auto-body-technician/6AD8D1910CA74E4FA21D9A8264A3DCA0/job	2026-09-16	2026-10-03	manual_work	65000.0 - 161640.0 USD per year
Crash Champions	crashchampions.com	Collision	Auto Body Technician	Marietta, Georgia, United States, Northern America, Americas	https://careers.crashchampions.com/marietta-ga/auto-body-technician/DC6E1627D8674DE5A5DFFFAD755A6595/job	2026-09-16	2026-10-03	manual_work	65000.0 - 172620.0 USD per year
Crash Champions	crashchampions.com	Collision	Detail Technician	Richmond, Virginia, United States, Northern America, Americas	https://careers.crashchampions.com/richmond-va/detail-technician/2C655B656ABA4582B349BA889E339679/job	2026-09-16	2026-09-22	manual_work	12.41 - 24.4 USD per hour
Crash Champions	crashchampions.com	Collision	Collision Estimator	Miami Gardens, Florida, United States, Northern America, Americas	https://careers.crashchampions.com/miami-gardens-fl/collision-estimator/EA2EC8A1D7974B2DA02814604E173B23/job	2026-09-16	2026-09-23	operations	65000.0 - 148800.0 USD per year
Crash Champions	crashchampions.com	Collision	Parts Manager	Atlanta, Georgia, United States, Northern America, Americas	https://careers.crashchampions.com/atlanta-ga/parts-manager/B26D436DEDE248B0B3F986E347182D03/job	2026-09-16	2026-09-22	operations	15.0 - 29.35 USD per hour
Crash Champions	crashchampions.com	Collision	Auto Body Technician	Center Line, Michigan, United States, Northern America, Americas	https://careers.crashchampions.com/center-line-mi/auto-body-technician/5AC857F827C640DEBD8957E2A7C20E02/job	2026-09-16	2026-10-04	manual_work	65000.0 - 167040.0 USD per year
Crash Champions	crashchampions.com	Collision	Paint Prepper	Signal Hill, California, United States, Northern America, Americas	https://careers.crashchampions.com/signal-hill-ca/paint-prepper/1B9649DF82E242A5A2EDF38168682E1F/job	2026-09-16	2026-10-03	manual_work	43120.0 - 100000.0 USD per year
Crash Champions	crashchampions.com	Collision	Auto Body Technician	Pontiac, Michigan, United States, Northern America, Americas	https://careers.crashchampions.com/pontiac-mi/auto-body-technician/218A196478D04CBAA4A24DD5509D497E/job	2026-09-16	2026-10-03	manual_work	65000.0 - 167040.0 USD per year
Crash Champions	crashchampions.com	Collision	Auto Body Technician	Madison Heights, Michigan, United States, Northern America, Americas	https://careers.crashchampions.com/madison-heights-mi/auto-body-technician/FD422232143A408DA28301B764F01133/job	2026-09-16	2026-10-03	manual_work	65000.0 - 167040.0 USD per year
Crash Champions	crashchampions.com	Collision	Auto Body Technician	Tampa, Florida, United States, Northern America, Americas	https://careers.crashchampions.com/tampa-fl/auto-body-technician/28C8B292B0B34C75877723E0166F0D54/job	2026-09-16	2026-10-03	manual_work	65000.0 - 163620.0 USD per year
Crash Champions	crashchampions.com	Collision	Collision Estimator	Bonita Springs, Florida, United States, Northern America, Americas	https://careers.crashchampions.com/bonita-springs-fl/collision-estimator/C65719DAD214427CAB77D7299642722E/job	2026-09-16	2026-10-03	operations	65000.0 - 146630.0 USD per year
Crash Champions	crashchampions.com	Collision	Auto Body Technician	Princeton, Florida, United States, Northern America, Americas	https://careers.crashchampions.com/princeton-fl/auto-body-technician/CCC082202EDC4031B49DB35B8BF97E3A/job	2026-09-16	2026-10-03	manual_work	65000.0 - 171180.0 USD per year
Crash Champions	crashchampions.com	Collision	Detail Technician	Longwood, Florida, United States, Northern America, Americas	https://careers.crashchampions.com/longwood-fl/detail-technician/DB2B2E2222A74DA98CDF4417C62F4EDD/job	2026-09-16	2026-10-03	manual_work	14.0 - 23.05 USD per hour
Crash Champions	crashchampions.com	Collision	Parts Manager	Nashua, New Hampshire, United States, Northern America, Americas	https://careers.crashchampions.com/nashua-nh/parts-manager/F03048D616684241908CF5E8A469CB9D/job	2026-09-16	2026-10-01	operations	
Crash Champions	crashchampions.com	Collision	Associate Service Advisor	Manchester, New Hampshire, United States, Northern America, Americas	https://careers.crashchampions.com/manchester-nh/associate-service-advisor/393636F2BD544895868D80D3242B830D/job	2026-09-16	2026-10-03	support,operations	
Crash Champions	crashchampions.com	Collision	Collision General Manager	Lombard, Illinois, United States, Northern America, Americas	https://careers.crashchampions.com/lombard-il/collision-general-manager/4E0735F267C34BED979A84509A3FA386/job	2026-09-16	2026-10-03	management,operations	75000.0 - 145950.0 USD per year
Crash Champions	crashchampions.com	Collision	Auto Body Technician	Royal Oak, Michigan, United States, Northern America, Americas	https://careers.crashchampions.com/royal-oak-mi/auto-body-technician/B816E0400A9545448A7EB3AF7B1D10DD/job	2026-09-16	2026-10-03	manual_work	65000.0 - 167580.0 USD per year
Crash Champions	crashchampions.com	Collision	Auto Body Technician	Ontario, California, United States, Northern America, Americas	https://careers.crashchampions.com/ontario-ca/auto-body-technician/C3B49E1F30204D56BC2B13B61AB0150C/job	2026-09-16	2026-09-23	manual_work	65585.0 - 180000.0 USD per year
Crash Champions	crashchampions.com	Collision	Auto Body Technician	San Diego, California, United States, Northern America, Americas	https://careers.crashchampions.com/san-diego-ca/auto-body-technician/A29D416D1E744C9CAF154705615B8E72/job	2026-09-16	2026-10-02	manual_work	66430.0 - 180000.0 USD per year
Crash Champions	crashchampions.com	Collision	Auto Body Technician	Monterey Park, California, United States, Northern America, Americas	https://careers.crashchampions.com/monterey-park-ca/auto-body-technician/DA1F950C9A0F4AF283A44FF9CCD368D8/job	2026-09-16	2026-10-02	manual_work	69745.0 - 180000.0 USD per year
Crash Champions	crashchampions.com	Collision	Auto Body Technician	National City, California, United States, Northern America, Americas	https://careers.crashchampions.com/national-city-ca/auto-body-technician/53DA102F9CBB489A9EE751C4D322A7BB/job	2026-09-16	2026-10-02	manual_work	66170.0 - 180000.0 USD per year
Crash Champions	crashchampions.com	Collision	Collision Estimator	Spring, Texas, United States, Northern America, Americas	https://careers.crashchampions.com/spring-tx/collision-estimator/A2576A16BF714572B55E0E378C684DE7/job	2026-09-15	2026-10-04	operations	67145.0 - 155000.0 USD per year
Crash Champions	crashchampions.com	Collision	Parts Manager	Beltsville, Maryland, United States, Northern America, Americas	https://careers.crashchampions.com/beltsville-md/parts-manager/593074739E104DB9900B2FCE9308095C/job	2026-09-15	2026-09-22	operations	16.91 - 30.0 USD per hour
Crash Champions	crashchampions.com	Collision	Auto Body Technician	Crestwood, Illinois, United States, Northern America, Americas	https://careers.crashchampions.com/crestwood-il/auto-body-technician/6AF3A7AF511C4F64BB2336A84A766876/job	2026-09-15	2026-10-04	manual_work	65000.0 - 175140.0 USD per year
Crash Champions	crashchampions.com	Collision	Auto Body Technician	Bastrop, Texas, United States, Northern America, Americas	https://careers.crashchampions.com/bastrop-tx/auto-body-technician/B6BF059938FD4EAD9F5D944206EC4DC7/job	2026-09-15	2026-09-22	manual_work	65000.0 - 170280.0 USD per year
Crash Champions	crashchampions.com	Collision	Automotive Body Technician Apprentice	Goodyear, Arizona, United States, Northern America, Americas	https://careers.crashchampions.com/goodyear-az/automotive-body-technician-apprentice/C1992211BA284F7D8499FEE153E8ECB5/job	2026-09-15	2026-09-22	manual_work,internship	18.0 - 21.0 USD per hour
Crash Champions	crashchampions.com	Collision	Auto Body Technician	Gulf Shores, Alabama, United States, Northern America, Americas	https://careers.crashchampions.com/gulf-shores-al/auto-body-technician/DBCA6FE1729F40BF84CD465919BD1BFD/job	2026-09-15	2026-09-22	manual_work	65000.0 - 154080.0 USD per year
Crash Champions	crashchampions.com	Collision	Automotive Mechanic	Dallas, Texas, United States, Northern America, Americas	https://careers.crashchampions.com/dallas-tx/automotive-mechanic/5E931C3F2ADB4761A362D4B0D37C9029/job	2026-09-15	2026-09-22	manual_work	50000.0 - 148800.0 USD per year
Crash Champions	crashchampions.com	Collision	Auto Body Technician	Colorado Springs, Colorado, United States, Northern America, Americas	https://careers.crashchampions.com/colorado-springs-co/auto-body-technician/3C9F853078E94F3CA15AB4DBFB7CC2BB/job	2026-09-15	2026-09-22	manual_work	65000.0 - 166320.0 USD per year
Crash Champions	crashchampions.com	Collision	Auto Body Technician	Portland, Oregon, United States, Northern America, Americas	https://careers.crashchampions.com/portland-or/auto-body-technician/3D0D77B5BC164AC2A2E64FD891935E13/job	2026-09-15	2026-10-04	manual_work	65000.0 - 169560.0 USD per year
Crash Champions	crashchampions.com	Collision	Porter	Spring, Texas, United States, Northern America, Americas	https://careers.crashchampions.com/spring-tx/porter/59C35485896444BE9BE7511BCC9DF917/job	2026-09-15	2026-09-22	manual_work	10.0 - 20.0 USD per hour
Crash Champions	crashchampions.com	Collision	Auto Body Technician	Sacramento, California, United States, Northern America, Americas	https://careers.crashchampions.com/sacramento-ca/auto-body-technician/31B9AE05F29B4B32B901D82CE39459FC/job	2026-09-15	2026-10-04	manual_work	66690.0 - 180000.0 USD per year
Crash Champions	crashchampions.com	Collision	Collision Estimator	San Antonio, Texas, United States, Northern America, Americas	https://careers.crashchampions.com/san-antonio-tx/collision-estimator/CF13B40148CF4543BBC39D0327901910/job	2026-09-15	2026-10-04	operations	65000.0 - 140120.0 USD per year
Crash Champions	crashchampions.com	Collision	Auto Body Technician	Fremont, California, United States, Northern America, Americas	https://careers.crashchampions.com/fremont-ca/auto-body-technician/ED6D19F4F6CE44DB8E97455C379139CC/job	2026-09-15	2026-09-30	manual_work	73840.0 - 180000.0 USD per year
Crash Champions	crashchampions.com	Collision	Auto Body Technician	Sandy Springs, Georgia, United States, Northern America, Americas	https://careers.crashchampions.com/sandy-springs-ga/auto-body-technician/1A43B2CE47D9483AA5A88041DEE3EA9D/job	2026-09-15	2026-09-30	manual_work	65000.0 - 172440.0 USD per year
Crash Champions	crashchampions.com	Collision	Auto Body Technician	Tooele, Utah, United States, Northern America, Americas	https://careers.crashchampions.com/tooele-ut/auto-body-technician/FB4E74CCE8EB44A88B33E0BAC500E1F0/job	2026-09-15	2026-10-03	manual_work	65000.0 - 154440.0 USD per year
Crash Champions	crashchampions.com	Collision	Auto Body Technician	Surprise, Arizona, United States, Northern America, Americas	https://careers.crashchampions.com/surprise-az/auto-body-technician/74FE7339F8BD449CBB743797757122E6/job	2026-09-15	2026-10-03	manual_work	65000.0 - 180000.0 USD per year
Crash Champions	crashchampions.com	Collision	Collision Estimator	Columbus, Ohio, United States, Northern America, Americas	https://careers.crashchampions.com/columbus-oh/collision-estimator/0380601821494160B675586B03CE9630/job	2026-09-15	2026-10-03	operations	65000.0 - 139190.0 USD per year
Crash Champions	crashchampions.com	Collision	Paint Prepper	Surprise, Arizona, United States, Northern America, Americas	https://careers.crashchampions.com/surprise-az/paint-prepper/983843D1379A493B84EFAF506E67F50E/job	2026-09-15	2026-10-03	manual_work	40000.0 - 100000.0 USD per year
Crash Champions	crashchampions.com	Collision	Collision Estimator	Bryant, Arkansas, United States, Northern America, Americas	https://careers.crashchampions.com/bryant-ar/collision-estimator/EA8B9E28493448BDAEA8B744F365B975/job	2026-09-15	2026-10-03	operations	65000.0 - 125395.0 USD per year
Crash Champions	crashchampions.com	Collision	Auto Body Technician	Castle Rock, Colorado, United States, Northern America, Americas	https://careers.crashchampions.com/castle-rock-co/auto-body-technician/D2F36E3FF8FD4144A973E81B740DC559/job	2026-09-15	2026-09-29	manual_work	65065.0 - 180000.0 USD per year
Crash Champions	crashchampions.com	Collision	Collision General Manager	Surprise, Arizona, United States, Northern America, Americas	https://careers.crashchampions.com/surprise-az/collision-general-manager/6D1B3FEED6284927958D7879F9906064/job	2026-09-15	2026-09-21	management,operations	75000.0 - 150000.0 USD per year
Crash Champions	crashchampions.com	Collision	Collision Estimator	Tucson, Arizona, United States, Northern America, Americas	https://careers.crashchampions.com/tucson-az/collision-estimator/2DA2AB14F6A0403DA81F8D4FB8BA7D4F/job	2026-09-15	2026-10-03	operations	65000.0 - 180000.0 USD per year
Crash Champions	crashchampions.com	Collision	Collision Estimator	Portland, Oregon, United States, Northern America, Americas	https://careers.crashchampions.com/portland-or/collision-estimator/D3ADFD9C9CDB4E348B0445E7DDFDCD92/job	2026-09-15	2026-09-29	operations	65000.0 - 146010.0 USD per year
Crash Champions	crashchampions.com	Collision	Detail Technician	Surprise, Arizona, United States, Northern America, Americas	https://careers.crashchampions.com/surprise-az/detail-technician/E68EFB31DAC14D60B0F8A20BE4162E66/job	2026-09-15	2026-09-21	manual_work	15.15 - 25.0 USD per hour
Crash Champions	crashchampions.com	Collision	Paint Technician	Tucson, Arizona, United States, Northern America, Americas	https://careers.crashchampions.com/tucson-az/paint-technician/8627BBF0EC374F0EAB2FA7B070F217FA/job	2026-09-15	2026-09-21	manual_work	75000.0 - 195000.0 USD per year
Crash Champions	crashchampions.com	Collision	Collision Estimator	Cleveland Heights, Ohio, United States, Northern America, Americas	https://careers.crashchampions.com/cleveland-heights-oh/collision-estimator/4C11F8C27FC4432E95CF7B48F501897C/job	2026-09-15	2026-09-21	operations	65000.0 - 139500.0 USD per year
Crash Champions	crashchampions.com	Collision	Detail Technician	Tucson, Arizona, United States, Northern America, Americas	https://careers.crashchampions.com/tucson-az/detail-technician/3F6C643EBA8A4246AB693252C0B5B6DD/job	2026-09-15	2026-09-21	manual_work	15.45 - 25.0 USD per hour
Crash Champions	crashchampions.com	Collision	Paint Technician	Surprise, Arizona, United States, Northern America, Americas	https://careers.crashchampions.com/surprise-az/paint-technician/A5DFA0289F294E0E8C673A51CD2F3305/job	2026-09-15	2026-09-21	manual_work	75000.0 - 195000.0 USD per year
Crash Champions	crashchampions.com	Collision	Collision Estimator	Surprise, Arizona, United States, Northern America, Americas	https://careers.crashchampions.com/surprise-az/collision-estimator/8E8DDD0A520F45D6B6A472E05AE55F7F/job	2026-09-15	2026-10-03	operations	65000.0 - 150000.0 USD per year
Crash Champions	crashchampions.com	Collision	Collision Estimator	Avon, Ohio, United States, Northern America, Americas	https://careers.crashchampions.com/avon-oh/collision-estimator/DABAE31D300640C98084077D2C7C13D2/job	2026-09-15	2026-10-03	operations	65000.0 - 139190.0 USD per year
Crash Champions	crashchampions.com	Collision	Auto Body Technician	Oklahoma City, Oklahoma, United States, Northern America, Americas	https://careers.crashchampions.com/oklahoma-city-ok/auto-body-technician/081E8E6584954F3CB2D13A67E3027BE1/job	2026-09-15	2026-10-03	manual_work	65000.0 - 150480.0 USD per year
Crash Champions	crashchampions.com	Collision	Auto Body Technician	Tucson, Arizona, United States, Northern America, Americas	https://careers.crashchampions.com/tucson-az/auto-body-technician/BD9F760DD2744B319236D8EE0464696B/job	2026-09-15	2026-10-03	manual_work	65000.0 - 180000.0 USD per year
Crash Champions	crashchampions.com	Collision	Collision General Manager	Tucson, Arizona, United States, Northern America, Americas	https://careers.crashchampions.com/tucson-az/collision-general-manager/F7584FD7F6B144B0BA5AA26856C7840A/job	2026-09-15	2026-10-03	management,operations	75000.0 - 150000.0 USD per year
Crash Champions	crashchampions.com	Collision	Collision Estimator	Parma, Ohio, United States, Northern America, Americas	https://careers.crashchampions.com/parma-oh/collision-estimator/D8771662393D464298B3114652BCA61E/job	2026-09-15	2026-10-03	operations	65000.0 - 139345.0 USD per year
Crash Champions	crashchampions.com	Collision	General Manager	Frederick, Maryland, United States, Northern America, Americas	https://careers.crashchampions.com/frederick-md/general-manager/B0C8158118AB486E95CE09641B4E1136/job	2026-09-14	2026-10-03	operations,management	77700.0 - 150000.0 USD per year
Crash Champions	crashchampions.com	Collision	Parts Manager	Concord, North Carolina, United States, Northern America, Americas	https://careers.crashchampions.com/concord-nc/parts-manager/E1B1594DC8C04B35ACC17EA088137C22/job	2026-09-14	2026-10-03	operations	15.0 - 28.6 USD per hour
Crash Champions	crashchampions.com	Collision	Parts Manager	Pasadena, Texas, United States, Northern America, Americas	https://careers.crashchampions.com/pasadena-tx/parts-manager/07DA9BF3E3284DBFA280C61E9EE97B30/job	2026-09-14	2026-10-03	operations	15.14 - 30.0 USD per hour
Crash Champions	crashchampions.com	Collision	ATE Field Technician	Chester, Pennsylvania, United States, Northern America, Americas	https://careers.crashchampions.com/chester-springs-pa/ate-field-technician/199329A2F1454854916FEA50C777C88A/job	2026-09-14	2026-10-03	information_technology,engineering	25.0 - 40.0 USD per hour
Crash Champions	crashchampions.com	Collision	Paint Prepper	Tennessee, United States, Northern America, Americas	https://careers.crashchampions.com/mt-juliet-tn/paint-prepper/9B7C8D1282304817A7F20B5739CBC7E1/job	2026-09-14	2026-10-03	manual_work	40000.0 - 90500.0 USD per year
Crash Champions	crashchampions.com	Collision	Collision Estimator	Medina, Ohio, United States, Northern America, Americas	https://careers.crashchampions.com/medina-oh/collision-estimator/4BC04069AB044406A25FD04621E7A856/job	2026-09-14	2026-10-03	operations	65000.0 - 139190.0 USD per year
Crash Champions	crashchampions.com	Collision	Detail Technician	West Bend, Wisconsin, United States, Northern America, Americas	https://careers.crashchampions.com/west-bend-wi/detail-technician/89ADB0EC1739470C9A85F2EBAF4D8D27/job	2026-09-14	2026-10-03	manual_work	10.0 - 24.55 USD per hour
Crash Champions	crashchampions.com	Collision	Parts Manager	East Hartford, Connecticut, United States, Northern America, Americas	https://careers.crashchampions.com/east-hartford-ct/parts-manager/9CA5A4A4C7D34D4EBFE0EE0022CDC20B/job	2026-09-14	2026-09-21	operations	16.35 - 30.0 USD per hour
Crash Champions	crashchampions.com	Collision	Auto Body Technician	Signal Hill, California, United States, Northern America, Americas	https://careers.crashchampions.com/signal-hill-ca/auto-body-technician/E288F7DA66914835BF70EA3FDA3472F5/job	2026-09-14	2026-09-20	manual_work	70005.0 - 180000.0 USD per year
Crash Champions	crashchampions.com	Collision	Auto Body Technician	Rincon, Georgia, United States, Northern America, Americas	https://careers.crashchampions.com/rincon-ga/auto-body-technician/002570B11CE149ED861703545C73B605/job	2026-09-14	2026-10-03	manual_work	65000.0 - 160920.0 USD per year
Crash Champions	crashchampions.com	Collision	Auto Body Technician	Reading, Pennsylvania, United States, Northern America, Americas	https://careers.crashchampions.com/reading-pa/auto-body-technician/EF9031699B644C47AED0E9AD0DF96390/job	2026-09-14	2026-10-03	manual_work	65000.0 - 165600.0 USD per year
Crash Champions	crashchampions.com	Collision	ATE Field Mechanical Technician	Santa Clara, California, United States, Northern America, Americas	https://careers.crashchampions.com/santa-clara-ca/ate-field-mechanical-technician/7FC50DD5E00B45C0BE1E08A4A7677E52/job	2026-09-14	2026-10-03	engineering,information_technology	23.8 - 42.5 USD per hour
Crash Champions	crashchampions.com	Collision	Collision Estimator	Dallas, Texas, United States, Northern America, Americas	https://careers.crashchampions.com/dallas-tx/collision-estimator/904CDECDC7D04F08A3C4AC791F218E82/job	2026-09-14	2026-09-20	operations	65000.0 - 155000.0 USD per year
Crash Champions	crashchampions.com	Collision	Auto Body Technician	Torrance, California, United States, Northern America, Americas	https://careers.crashchampions.com/torrance-ca/auto-body-technician/1005AA2155FB4267B3673A5D15202859/job	2026-09-14	2026-09-20	manual_work	69940.0 - 180000.0 USD per year
Crash Champions	crashchampions.com	Collision	Auto Body Technician	San Antonio, Texas, United States, Northern America, Americas	https://careers.crashchampions.com/san-antonio-tx/auto-body-technician/E2C2309FB31B4B02878D4B80E9094EE0/job	2026-09-14	2026-09-20	manual_work	65000.0 - 162720.0 USD per year
Crash Champions	crashchampions.com	Collision	Auto Body Technician	Chesapeake, Virginia, United States, Northern America, Americas	https://careers.crashchampions.com/chesapeake-va/auto-body-technician/48695DB14B274E09B649DA1F8A6AA651/job	2026-09-12	2026-10-04	manual_work	65000.0 - 165600.0 USD per year
Crash Champions	crashchampions.com	Collision	Auto Body Technician	Bakersfield, California, United States, Northern America, Americas	https://careers.crashchampions.com/bakersfield-ca/auto-body-technician/4EAD66E9CC3346788F747EADFDCEF807/job	2026-09-11	2026-09-25	manual_work	65780.0 - 180000.0 USD per year
Crash Champions	crashchampions.com	Collision	Auto Body Technician	Rolling Meadows, Illinois, United States, Northern America, Americas	https://careers.crashchampions.com/rolling-meadows-il/auto-body-technician/66492C9FB21F46F3B76CF985B4182677/job	2026-09-11	2026-10-03	manual_work	65000.0 - 175140.0 USD per year
Crash Champions	crashchampions.com	Collision	Auto Body Technician	Auburn, Washington, United States, Northern America, Americas	https://careers.crashchampions.com/auburn-wa/auto-body-technician/B7C701674F5D42BC836959EC8954DF45/job	2026-09-11	2026-10-03	manual_work	69420.0 - 180000.0 USD per year
Crash Champions	crashchampions.com	Collision	Automotive Body Technician Apprentice	Kent, Washington, United States, Northern America, Americas	https://careers.crashchampions.com/kent-wa/automotive-body-technician-apprentice/00D240FADC794B51B277DB832369BCAB/job	2026-09-11	2026-09-17	manual_work,internship	18.0 - 21.0 USD per hour
Crash Champions	crashchampions.com	Collision	Auto Body Technician	Kent, Washington, United States, Northern America, Americas	https://careers.crashchampions.com/kent-wa/auto-body-technician/AB5740BA707041EDA6D730DF90CE27AD/job	2026-09-11	2026-10-03	manual_work	69420.0 - 180000.0 USD per year
Crash Champions	crashchampions.com	Collision	General Manager	Maryland, United States, Northern America, Americas	https://careers.crashchampions.com/mechanicsville-md/general-manager/31067EEC63B74A5B9304A7D1BD993E12/job	2026-09-11	2026-10-03	operations,management	77100.0 - 150000.0 USD per year
Crash Champions	crashchampions.com	Collision	Collision Estimator	Auburn, Washington, United States, Northern America, Americas	https://careers.crashchampions.com/auburn-wa/collision-estimator/4F9FE3791C9C4C6ABDBCBF9AB4C66A45/job	2026-09-11	2026-10-03	operations	69420.0 - 155000.0 USD per year
Crash Champions	crashchampions.com	Collision	Auto Body Technician	Ocoee, Florida, United States, Northern America, Americas	https://careers.crashchampions.com/ocoee-fl/auto-body-technician/F1DDC08854D04C07BD6EC8BF46B68DFC/job	2026-09-11	2026-10-03	manual_work	65000.0 - 159840.0 USD per year
Crash Champions	crashchampions.com	Collision	Paint Technician	La Habra, California, United States, Northern America, Americas	https://careers.crashchampions.com/la-habra-ca/paint-technician/F2CC85D1ADC84BFDAAB4A1D5A39B27CB/job	2026-09-11	2026-10-03	manual_work	79125.0 - 195000.0 USD per year
Crash Champions	crashchampions.com	Collision	Collision Estimator	Blue Island, Illinois, United States, Northern America, Americas	https://careers.crashchampions.com/blue-island-il/collision-estimator/E3A1C12E35F642B2A79C61D4E94CAAD8/job	2026-09-11	2026-10-03	operations	65000.0 - 150815.0 USD per year
Crash Champions	crashchampions.com	Collision	Collision Estimator	St. Augustine, Florida, United States, Northern America, Americas	https://careers.crashchampions.com/st-augustine-fl/collision-estimator/805082F9F2FF4B03B4E788B0D55FF345/job	2026-09-11	2026-10-03	operations	65000.0 - 136245.0 USD per year
Crash Champions	crashchampions.com	Collision	Auto Body Technician	Houston, Texas, United States, Northern America, Americas	https://careers.crashchampions.com/houston-tx/auto-body-technician/58EC5354019C42AAB130190011EBAA04/job	2026-09-11	2026-10-03	manual_work	67015.0 - 180000.0 USD per year
Crash Champions	crashchampions.com	Collision	Collision Estimator	Wichita, Kansas, United States, Northern America, Americas	https://careers.crashchampions.com/wichita-ks/collision-estimator/838E2868EF7E454C940DE2A4D0C96CC8/job	2026-09-11	2026-10-03	operations	65000.0 - 131130.0 USD per year
Crash Champions	crashchampions.com	Collision	Porter	Sunrise, Florida, United States, Northern America, Americas	https://careers.crashchampions.com/sunrise-fl/porter/F2BC9C3DC522417FA64587BBCF2524FE/job	2026-09-11	2026-10-03	manual_work	14.0 - 19.7 USD per hour
Crash Champions	crashchampions.com	Collision	Porter	Pinole, California, United States, Northern America, Americas	https://careers.crashchampions.com/pinole-ca/porter/3EF49BAD5F9045EEA775AE2F9345889B/job	2026-09-11	2026-10-03	manual_work	16.5 - 20.0 USD per hour
Crash Champions	crashchampions.com	Collision	Customer Service Representative	Thomasville, Georgia, United States, Northern America, Americas	https://careers.crashchampions.com/thomasville-ga/customer-service-representative/19774DABEBE34406B608281E67D0B46B/job	2026-09-11	2026-10-03	support	10.0 - 20.65 USD per hour
Crash Champions	crashchampions.com	Collision	General Manager	Fredericksburg, Virginia, United States, Northern America, Americas	https://careers.crashchampions.com/fredericksburg-va/general-manager/ED6F21BB89E94593BD41083723C338A5/job	2026-09-11	2026-09-17	management	78525.0 - 150000.0 USD per year
Crash Champions	crashchampions.com	Collision	Collision Estimator	San Antonio, Texas, United States, Northern America, Americas	https://careers.crashchampions.com/san-antonio-tx/collision-estimator/EDC773B0EB0C4D4A8275E21C27EE11A8/job	2026-09-11	2026-09-17	operations	65000.0 - 140120.0 USD per year
Crash Champions	crashchampions.com	Collision	Collision Estimator	Longwood, Florida, United States, Northern America, Americas	https://careers.crashchampions.com/longwood-fl/collision-estimator/449465C25BA44A41B125DAE8218683D2/job	2026-09-11	2026-09-17	operations	65000.0 - 135625.0 USD per year
Crash Champions	crashchampions.com	Collision	Collision Estimator	Southfield, Michigan, United States, Northern America, Americas	https://careers.crashchampions.com/southfield-mi/collision-estimator/DD2647E35A8F4FEBBD6A60595E8FCD9D/job	2026-09-11	2026-09-18	operations	65000.0 - 144150.0 USD per year
Crash Champions	crashchampions.com	Collision	Collision Estimator	Glenview, Illinois, United States, Northern America, Americas	https://careers.crashchampions.com/glenview-il/collision-estimator/4DE1DEC379454F398833FF30233DB22F/job	2026-09-11	2026-09-17	operations	65000.0 - 150660.0 USD per year
Crash Champions	crashchampions.com	Collision	Parts Manager	Memphis, Tennessee, United States, Northern America, Americas	https://careers.crashchampions.com/memphis-tn/parts-manager/D10524E1C8DE494994FE473FBD0131B6/job	2026-09-11	2026-09-17	operations	15.0 - 26.95 USD per hour
Crash Champions	crashchampions.com	Collision	Auto Body Technician	Jacksonville, Florida, United States, Northern America, Americas	https://careers.crashchampions.com/jacksonville-fl/auto-body-technician/C0D985B31D6643F3B4E7B8F9F259B993/job	2026-09-11	2026-09-17	manual_work	65000.0 - 161460.0 USD per year
Crash Champions	crashchampions.com	Collision	Collision Estimator	La Habra, California, United States, Northern America, Americas	https://careers.crashchampions.com/la-habra-ca/collision-estimator/A9205A6553494CA093749ADB5043F2FC/job	2026-09-11	2026-09-17	operations	68575.0 - 155000.0 USD per year
Crash Champions	crashchampions.com	Collision	Detail Technician	Waldorf, Maryland, United States, Northern America, Americas	https://careers.crashchampions.com/waldorf-md/detail-technician/82FDE2E4FBD14EF9BF8F917B0E25614F/job	2026-09-11	2026-10-03	manual_work	15.0 - 25.0 USD per hour
Crash Champions	crashchampions.com	Collision	Detail Technician	Billings, Montana, United States, Northern America, Americas	https://careers.crashchampions.com/billings-mt/detail-technician/D5553B10D53F4850BFDD59F859F2C5D5/job	2026-09-11	2026-10-03	manual_work	10.55 - 24.1 USD per hour
Crash Champions	crashchampions.com	Collision	Parts Manager	Bozeman, Montana, United States, Northern America, Americas	https://careers.crashchampions.com/bozeman-mt/parts-manager/FCB68F831BEC4446A85F31CD54EA8D08/job	2026-09-11	2026-09-17	operations	15.0 - 25.9 USD per hour
Crash Champions	crashchampions.com	Collision	General Manager	Tampa, Florida, United States, Northern America, Americas	https://careers.crashchampions.com/tampa-fl/general-manager/ED2D11BD4DAF4D63A68F3BC06768610E/job	2026-09-10	2026-10-03	operations,management	75000.0 - 136350.0 USD per year
Crash Champions	crashchampions.com	Collision	Auto Body Technician	Tolleson, Arizona, United States, Northern America, Americas	https://careers.crashchampions.com/tolleson-az/auto-body-technician/4C445422A46D4C26AA7B98DA15086FE2/job	2026-09-10	2026-10-03	manual_work	65000.0 - 159120.0 USD per year
Crash Champions	crashchampions.com	Collision	Auto Body Technician	Maryville, Tennessee, United States, Northern America, Americas	https://careers.crashchampions.com/maryville-tn/auto-body-technician/7AEB21CC74574C6D96F6C82A75E51C16/job	2026-09-10	2026-10-03	manual_work	65000.0 - 157140.0 USD per year
Crash Champions	crashchampions.com	Collision	Collision Estimator	Independence, Missouri, United States, Northern America, Americas	https://careers.crashchampions.com/independence-mo/collision-estimator/E1D3D32C389D4F51BA150D725F7D4450/job	2026-09-10	2026-09-16	operations	65000.0 - 137330.0 USD per year
Crash Champions	crashchampions.com	Collision	Customer Service Representative	Randolph, New Jersey, United States, Northern America, Americas	https://careers.crashchampions.com/randolph-nj/customer-service-representative/6554DB56C2C241889B9FB2D8802B094C/job	2026-09-10	2026-10-03	support	15.49 - 25.0 USD per hour
Crash Champions	crashchampions.com	Collision	Auto Body Technician	Virginia, United States, Northern America, Americas	https://careers.crashchampions.com/stafford-va/auto-body-technician/1DADAB83FB7443AA89215103DFEA937B/job	2026-09-10	2026-09-24	manual_work	68055.0 - 180000.0 USD per year
Crash Champions	crashchampions.com	Collision	General Manager	Fredericksburg, Virginia, United States, Northern America, Americas	https://careers.crashchampions.com/fredericksburg-va/general-manager/6E9B9453239F41169CC5FA600589D019/job	2026-09-10	2026-10-03	operations,management	78525.0 - 150000.0 USD per year
Crash Champions	crashchampions.com	Collision	Parts Manager	Spring Hill, Florida, United States, Northern America, Americas	https://careers.crashchampions.com/spring-hill-fl/parts-manager/A1153FA1A2F3406C99B6736837EA0042/job	2026-09-10	2026-10-03	operations	15.0 - 26.8 USD per hour
Crash Champions	crashchampions.com	Collision	ATE Field Mechanical Technician	San Leandro, California, United States, Northern America, Americas	https://careers.crashchampions.com/san-leandro-ca/ate-field-mechanical-technician/4CC2EE761D824630A65DA8EAF92CBAC5/job	2026-09-10	2026-09-16	engineering,manual_work	23.8 - 42.5 USD per hour
Crash Champions	crashchampions.com	Collision	Customer Service Representative	Huntley, Illinois, United States, Northern America, Americas	https://careers.crashchampions.com/huntley-il/customer-service-representative/F4A0B04D8BC544608E76CD01C8B260B3/job	2026-09-10	2026-09-17	support	15.0 - 25.0 USD per hour
Crash Champions	crashchampions.com	Collision	Auto Body Technician	Santa Rosa, California, United States, Northern America, Americas	https://careers.crashchampions.com/santa-rosa-ca/auto-body-technician/71BA5BF83B4041F99BBD3EB5479AB93B/job	2026-09-10	2026-09-16	manual_work	67600.0 - 180000.0 USD per year
Crash Champions	crashchampions.com	Collision	ATE Field Technician	Cuyahoga Falls, Ohio, United States, Northern America, Americas	https://careers.crashchampions.com/cuyahoga-falls-oh/ate-field-technician/DC495C40F0784BA1B1F089A452B3CFAD/job	2026-09-10	2026-10-02	engineering,information_technology	25.0 - 40.0 USD per hour
Crash Champions	crashchampions.com	Collision	ATE Field Mechanical Technician	Wichita, Kansas, United States, Northern America, Americas	https://careers.crashchampions.com/wichita-ks/ate-field-mechanical-technician/64EEDC40347940CB9B3784FAF857ACF7/job	2026-09-10	2026-10-02	engineering,manual_work	25.0 - 40.0 USD per hour
Crash Champions	crashchampions.com	Collision	Detail Technician	Denver, Colorado, United States, Northern America, Americas	https://careers.crashchampions.com/denver-co/detail-technician/C3D627CF9D4D4BAFA3D71FC13CF4562B/job	2026-09-10	2026-09-18	manual_work	18.81 - 25.0 USD per hour
Crash Champions	crashchampions.com	Collision	Auto Body Technician	Miami, Florida, United States, Northern America, Americas	https://careers.crashchampions.com/miami-fl/auto-body-technician/2D56153B3BD24E9290E15A7393EB5C39/job	2026-09-10	2026-09-16	manual_work	65000.0 - 171540.0 USD per year
Crash Champions	crashchampions.com	Collision	Software Developer (fullstack)	United States, Northern America, Americas	https://careers.crashchampions.com/virtual-usa/software-developer-fullstack/8F682D3F96EA4C39A1E17846777E2A13/job	2026-09-10	2026-10-02	software_development	135000.0 - 145000.0 USD per year
Crash Champions	crashchampions.com	Collision	ATE Field Technician	Tampa, Florida, United States, Northern America, Americas	https://careers.crashchampions.com/tampa-fl/ate-field-technician/01443617F82B4613BA4578DD0193E3C8/job	2026-09-10	2026-09-24	engineering,information_technology	25.0 - 40.0 USD per hour
Crash Champions	crashchampions.com	Collision	Automotive Body Technician Apprentice	Charleston, South Carolina, United States, Northern America, Americas	https://careers.crashchampions.com/charleston-sc/automotive-body-technician-apprentice/3F4314C90F744BDC96403AFB34B2838E/job	2026-09-10	2026-09-22	internship,manual_work	18.0 - 21.0 USD per hour
Crash Champions	crashchampions.com	Collision	Automotive Mechanic	Katy, Texas, United States, Northern America, Americas	https://careers.crashchampions.com/katy-tx/automotive-mechanic/AD3ABB252E8647EB9AA7B13E81037F99/job	2026-09-10	2026-09-22	manual_work	51100.0 - 150000.0 USD per year
Crash Champions	crashchampions.com	Collision	Customer Service Representative	Centennial, Colorado, United States, Northern America, Americas	https://careers.crashchampions.com/centennial-co/customer-service-representative/B461FDF3487749D9B5BCCD082216F255/job	2026-09-10	2026-09-16	support	14.81 - 25.0 USD per hour
Crash Champions	crashchampions.com	Collision	Auto Body Technician	Southfield, Michigan, United States, Northern America, Americas	https://careers.crashchampions.com/southfield-mi/auto-body-technician/B38C231E5EA548E2BC591516CF3A3C3E/job	2026-09-10	2026-09-16	manual_work	65000.0 - 167400.0 USD per year
Crash Champions	crashchampions.com	Collision	Collision Estimator	Akron, Ohio, United States, Northern America, Americas	https://careers.crashchampions.com/akron-oh/collision-estimator/AC49857C8EB640019C7CC4D1B06C105A/job	2026-09-09	2026-10-01	operations	65000.0 - 137485.0 USD per year
Crash Champions	crashchampions.com	Collision	Detail Technician	Bellevue, Nebraska, United States, Northern America, Americas	https://careers.crashchampions.com/bellevue-ne/detail-technician/AFC154A4A1A94243B33A38C0E7EFA82F/job	2026-09-09	2026-10-01	manual_work	13.5 - 23.7 USD per hour
Crash Champions	crashchampions.com	Collision	Paint Technician	Bellevue, Nebraska, United States, Northern America, Americas	https://careers.crashchampions.com/bellevue-ne/paint-technician/33673CD3A1134FA1A6DDBDFDB8FBBD56/job	2026-09-09	2026-10-03	manual_work	75000.0 - 165555.0 USD per year
Crash Champions	crashchampions.com	Collision	ATE Field Mechanical Technician	Tigard, Oregon, United States, Northern America, Americas	https://careers.crashchampions.com/tigard-or/ate-field-mechanical-technician/CDDF2E5102A148C68D1AB21F3F0A7463/job	2026-09-09	2026-09-15	engineering,information_technology	23.8 - 42.5 USD per hour
Crash Champions	crashchampions.com	Collision	Auto Body Technician	Sugar Land, Texas, United States, Northern America, Americas	https://careers.crashchampions.com/sugar-land-tx/auto-body-technician/A1DA2546E6AA4B4EBF5436D51DEFB721/job	2026-09-09	2026-10-03	manual_work	66560.0 - 180000.0 USD per year
Crash Champions	crashchampions.com	Collision	Auto Body Technician	Pittsburgh, Pennsylvania, United States, Northern America, Americas	https://careers.crashchampions.com/pittsburgh-pa/auto-body-technician/B6BB0587C8054AD98DC56A310D190F25/job	2026-09-09	2026-10-04	manual_work	65000.0 - 162900.0 USD per year
Crash Champions	crashchampions.com	Collision	Collision Estimator	Albuquerque, New Mexico, United States, Northern America, Americas	https://careers.crashchampions.com/albuquerque-nm/collision-estimator/8D47F1F464E74F959076A1AD9AF864BD/job	2026-09-09	2026-10-03	operations	65000.0 - 139810.0 USD per year
Crash Champions	crashchampions.com	Collision	Collision Estimator	Dallas, Texas, United States, Northern America, Americas	https://careers.crashchampions.com/dallas-tx/collision-estimator/66F1941CC3474E9BA1CE4C6BBDAEF4BD/job	2026-09-09	2026-09-23	operations	65000.0 - 155000.0 USD per year
Crash Champions	crashchampions.com	Collision	Customer Service Representative	Virginia Beach, Virginia, United States, Northern America, Americas	https://careers.crashchampions.com/virginia-beach-va/customer-service-representative/DD4DB4B8416D4FFB8956B0ADF99AC0A8/job	2026-09-09	2026-09-23	support	12.41 - 24.0 USD per hour
Crash Champions	crashchampions.com	Collision	Collision Estimator	Tennessee, United States, Northern America, Americas	https://careers.crashchampions.com/mt-juliet-tn/collision-estimator/FE6CB2687C9C48D88942BE96110AD4C2/job	2026-09-09	2026-09-23	operations	65000.0 - 139500.0 USD per year
Crash Champions	crashchampions.com	Collision	Detail Technician	Knoxville, Tennessee, United States, Northern America, Americas	https://careers.crashchampions.com/knoxville-tn/detail-technician/E061A584764C4BDC985553E181A3240A/job	2026-09-09	2026-09-23	manual_work	10.0 - 22.4 USD per hour
Crash Champions	crashchampions.com	Collision	Auto Body Technician Helper	Auburn, Washington, United States, Northern America, Americas	https://careers.crashchampions.com/auburn-wa/auto-body-technician-helper/9C93CBEC9BE54F0A929A9F088B4BB34A/job	2026-09-09	2026-09-15	manual_work	43560.0 - 100000.0 USD per year
Crash Champions	crashchampions.com	Collision	Customer Service Representative	Crest Hill, Illinois, United States, Northern America, Americas	https://careers.crashchampions.com/crest-hill-il/customer-service-representative/2C28C7EBF78C43D2BC761C9D106C102E/job	2026-09-09	2026-09-16	support	15.0 - 25.0 USD per hour
Crash Champions	crashchampions.com	Collision	Customer Service Representative	Newcastle, Washington, United States, Northern America, Americas	https://careers.crashchampions.com/newcastle-wa/customer-service-representative/2D1C22B1952A4AFD97A4B33B8E1DBDF1/job	2026-09-09	2026-09-15	support	16.66 - 25.0 USD per hour
Crash Champions	crashchampions.com	Collision	Collision Estimator	Grand Prairie, Texas, United States, Northern America, Americas	https://careers.crashchampions.com/grand-prairie-tx/collision-estimator/45353358EA1D41488C4D1C8BED804932/job	2026-09-09	2026-09-15	operations	65000.0 - 153915.0 USD per year
Crash Champions	crashchampions.com	Collision	Collision Estimator	Orlando, Florida, United States, Northern America, Americas	https://careers.crashchampions.com/orlando-fl/collision-estimator/DD5874C900DF41159AC89ADDEB0C9370/job	2026-09-09	2026-09-17	operations	65000.0 - 137795.0 USD per year
Crash Champions	crashchampions.com	Collision	Collision Estimator	Miami Gardens, Florida, United States, Northern America, Americas	https://careers.crashchampions.com/miami-gardens-fl/collision-estimator/CD9BC9F974E64A7AA8023CE963FFB098/job	2026-09-09	2026-09-15	operations	65000.0 - 148800.0 USD per year
Crash Champions	crashchampions.com	Collision	Detail Technician	Philadelphia, Pennsylvania, United States, Northern America, Americas	https://careers.crashchampions.com/philadelphia-pa/detail-technician/5E36ED16148E40F4A6E9ED8271048A22/job	2026-09-09	2026-09-15	manual_work	10.43 - 25.0 USD per hour
Crash Champions	crashchampions.com	Collision	Detail Technician	Tucker, Georgia, United States, Northern America, Americas	https://careers.crashchampions.com/tucker-ga/detail-technician/210BB7226EDD48E38A957927A13F6D85/job	2026-09-09	2026-09-15	manual_work	10.0 - 24.3 USD per hour
Crash Champions	crashchampions.com	Collision	Auto Body Technician	Thomasville, Georgia, United States, Northern America, Americas	https://careers.crashchampions.com/thomasville-ga/auto-body-technician/9861034E77BA4E8E92BE035593A16070/job	2026-09-09	2026-10-03	manual_work	75000.0 - 125550.0 USD per year
Crash Champions	crashchampions.com	Collision	Collision Estimator	Placerville, California, United States, Northern America, Americas	https://careers.crashchampions.com/placerville-ca/collision-estimator/2CA9E3FF836D4E8FB5573C2A693CF7F7/job	2026-09-09	2026-10-03	operations	66495.0 - 155000.0 USD per year
Crash Champions	crashchampions.com	Collision	Collision Estimator	Jackson, California, United States, Northern America, Americas	https://careers.crashchampions.com/jackson-ca/collision-estimator/0D5BCB19DC83488E9FAD7E9F871AA296/job	2026-09-09	2026-10-03	operations	65000.0 - 150970.0 USD per year
Crash Champions	crashchampions.com	Collision	Paint Technician	Romeoville, Illinois, United States, Northern America, Americas	https://careers.crashchampions.com/romeoville-il/paint-technician/7C0364EFAB1B4165B7BBE5ABB8A8AC9A/job	2026-09-09	2026-10-01	manual_work	75000.0 - 189540.0 USD per year
Crash Champions	crashchampions.com	Collision	Auto Body Technician	Belleview, Florida, United States, Northern America, Americas	https://careers.crashchampions.com/belleview-fl/auto-body-technician/B079EA49645343CCA9CC974E3E2C7154/job	2026-09-09	2026-10-03	manual_work	65000.0 - 154440.0 USD per year
Crash Champions	crashchampions.com	Collision	Customer Service Representative	Santa Clara, California, United States, Northern America, Americas	https://careers.crashchampions.com/santa-clara-ca/customer-service-representative/E1372B3699574905A1F827CFEE090DB0/job	2026-09-09	2026-10-03	support	18.2 - 25.0 USD per hour
Crash Champions	crashchampions.com	Collision	Collision Estimator	Montgomeryville, Pennsylvania, United States, Northern America, Americas	https://careers.crashchampions.com/montgomeryville-pa/collision-estimator/A40ADB0BB8164A25AB8DB0AEF910FD31/job	2026-09-09	2026-10-03	operations	65715.0 - 155000.0 USD per year
Crash Champions	crashchampions.com	Collision	Detail Specialist	Tennessee, United States, Northern America, Americas	https://careers.crashchampions.com/madison-tn/detail-specialist/D99F5C604A83473EB6F6E257F1037674/job	2026-09-09	2026-10-03	manual_work,operations	10.0 - 24.25 USD per hour
Crash Champions	crashchampions.com	Collision	Porter	Rockwall, Texas, United States, Northern America, Americas	https://careers.crashchampions.com/rockwall-tx/porter/34D31C81ABF24CF5939AF71D590ABD49/job	2026-09-09	2026-09-16	manual_work	10.0 - 19.7 USD per hour
Crash Champions	crashchampions.com	Collision	Auto Body Technician	Huntingdon, Pennsylvania, United States, Northern America, Americas	https://careers.crashchampions.com/huntingdon-valley-pa/auto-body-technician/3E7DF6A8D7BE41DD81BB301EAE9AD012/job	2026-09-09	2026-09-23	manual_work	65455.0 - 180000.0 USD per year
Crash Champions	crashchampions.com	Collision	Collision Estimator	Missouri City, Texas, United States, Northern America, Americas	https://careers.crashchampions.com/missouri-city-tx/collision-estimator/067D22F86A174852933423713CFF055E/job	2026-09-09	2026-09-23	operations	66560.0 - 155000.0 USD per year
Crash Champions	crashchampions.com	Collision	General Manager	Herndon, Virginia, United States, Northern America, Americas	https://careers.crashchampions.com/herndon-va/general-manager/D6F08B65C0AA498AAB88DF1A206ADC39/job	2026-09-09	2026-10-01	management	82425.0 - 150000.0 USD per year
Crash Champions	crashchampions.com	Collision	ATE - Field Operations Manager	Memphis, Tennessee, United States, Northern America, Americas	https://careers.crashchampions.com/memphis-tn/ate-field-operations-manager/99BDE0FE12C04EDB9D0EEAAE910EBE7E/job	2026-09-09	2026-09-23	operations,management	90000.0 - 115000.0 USD per year
Crash Champions	crashchampions.com	Collision	Paint Technician	Covina, California, United States, Northern America, Americas	https://careers.crashchampions.com/covina-ca/paint-technician/7A2C73BFF7DB45EA9A8BC40E0668AB68/job	2026-09-09	2026-09-15	manual_work	80400.0 - 195000.0 USD per year
Crash Champions	crashchampions.com	Collision	Associate Service Advisor	McKinney, Texas, United States, Northern America, Americas	https://careers.crashchampions.com/mckinney-tx/associate-service-advisor/015DA375B8FC4C6E889FB67829A6734F/job	2026-09-09	2026-09-15	support,operations	15.0 - 24.55 USD per hour
Crash Champions	crashchampions.com	Collision	Auto Body Technician	Goodyear, Arizona, United States, Northern America, Americas	https://careers.crashchampions.com/goodyear-az/auto-body-technician/E071C505858E41C3AEEF21B60A7C6510/job	2026-09-09	2026-09-15	manual_work	65000.0 - 159120.0 USD per year
Crash Champions	crashchampions.com	Collision	ATE Quality & Assurance Manager	Westmont, Illinois, United States, Northern America, Americas	https://careers.crashchampions.com/westmont-il/ate-quality-assurance-manager/D0A044BF29E04E02A28D9D33EA58960A/job	2026-09-09	2026-10-01	quality_assurance,management	100000.0 - 130000.0 USD per year
Crash Champions	crashchampions.com	Collision	Auto Body Technician	Illinois, United States, Northern America, Americas	https://careers.crashchampions.com/deer-park-il/auto-body-technician/F6FDDFB138904FAABA2FD06FBCF07A81/job	2026-09-09	2026-10-03	manual_work	65000.0 - 175140.0 USD per year
Crash Champions	crashchampions.com	Collision	ATE - Field Operations Manager	Nashville, Tennessee, United States, Northern America, Americas	https://careers.crashchampions.com/nashville-tn/ate-field-operations-manager/74AE46162A09483FB41B3FC3EF37CFBC/job	2026-09-09	2026-10-01	operations,management	90000.0 - 115000.0 USD per year
Crash Champions	crashchampions.com	Collision	Auto Body Technician	Philadelphia, Pennsylvania, United States, Northern America, Americas	https://careers.crashchampions.com/philadelphia-pa/auto-body-technician/D417107CF5D44C419E2CEF8BBE05FEE9/job	2026-09-09	2026-10-01	manual_work	65130.0 - 180000.0 USD per year
Crash Champions	crashchampions.com	Collision	Paint Prepper	Lancaster, Pennsylvania, United States, Northern America, Americas	https://careers.crashchampions.com/lancaster-pa/paint-prepper/4F857708EC084A40BCA4F4AB963C2682/job	2026-09-09	2026-10-03	manual_work	40000.0 - 89100.0 USD per year
Crash Champions	crashchampions.com	Collision	Auto Body Technician	Livingston, Montana, United States, Northern America, Americas	https://careers.crashchampions.com/livingston-mt/auto-body-technician/792EDDD59D77477BAF213F4AF1C1C4A1/job	2026-09-09	2026-09-15	manual_work	65000.0 - 150120.0 USD per year
Crash Champions	crashchampions.com	Collision	Auto Body Technician	South Carolina, United States, Northern America, Americas	https://careers.crashchampions.com/effingham-sc/auto-body-technician/FF6C9679E1CE477F854948E760B56EAC/job	2026-09-09	2026-09-15	manual_work	65000.0 - 159300.0 USD per year
Crash Champions	crashchampions.com	Collision	Paint Technician	Maryland, United States, Northern America, Americas	https://careers.crashchampions.com/lusby-md/paint-technician/B27C372B4E864E1E9433863FB77FBDBC/job	2026-09-09	2026-09-15	manual_work	76950.0 - 195000.0 USD per year
Crash Champions	crashchampions.com	Collision	Collision Center General Manager	Highland, Indiana, United States, Northern America, Americas	https://careers.crashchampions.com/highland-in/collision-general-manager/B0C10FB791B44AFDBE277EAE1518A79E/job	2026-09-09	2026-09-27	management,operations	75000.0 - 140400.0 USD per year
Crash Champions	crashchampions.com	Collision	Collision Estimator	San Mateo, California, United States, Northern America, Americas	https://careers.crashchampions.com/san-mateo-ca/collision-estimator/BED459115E474CEDA2F308BF316C7075/job	2026-09-08	2026-10-03	operations	77805.0 - 155000.0 USD per year
Crash Champions	crashchampions.com	Collision	Collision Estimator	Grandview, Missouri, United States, Northern America, Americas	https://careers.crashchampions.com/grandview-mo/collision-estimator/0BD3045F712F48E38C787115D7BEBCA8/job	2026-09-08	2026-10-03	operations	65000.0 - 136555.0 USD per year
Crash Champions	crashchampions.com	Collision	Parts Manager	Ohio, United States, Northern America, Americas	https://careers.crashchampions.com/lewis-center-oh/parts-manager/83110F714B8A44B19F0CE2BEA94E3CC5/job	2026-09-08	2026-09-14	operations	15.0 - 28.15 USD per hour
Crash Champions	crashchampions.com	Collision	Porter	Moore, Oklahoma, United States, Northern America, Americas	https://careers.crashchampions.com/moore-ok/porter/D0FCB1D39386455C9C36B01776046146/job	2026-09-08	2026-09-14	manual_work	10.0 - 17.8 USD per hour
Crash Champions	crashchampions.com	Collision	Auto Body Technician	Houston, Texas, United States, Northern America, Americas	https://careers.crashchampions.com/houston-tx/auto-body-technician/00A4F046BD4F415686BBB178D40C6A51/job	2026-09-08	2026-09-16	manual_work	66430.0 - 180000.0 USD per year
Crash Champions	crashchampions.com	Collision	Auto Body Technician	Fort Worth, Texas, United States, Northern America, Americas	https://careers.crashchampions.com/fort-worth-tx/auto-body-technician/BD6DCE3740124AEDACE7F06D665D25ED/job	2026-09-08	2026-09-16	manual_work	65000.0 - 169740.0 USD per year
Crash Champions	crashchampions.com	Collision	Auto Body Technician	Springfield, Missouri, United States, Northern America, Americas	https://careers.crashchampions.com/springfield-mo/auto-body-technician/5C43B903CB4949088F8607CAAB269DA3/job	2026-09-08	2026-10-03	manual_work	65000.0 - 147960.0 USD per year
Crash Champions	crashchampions.com	Collision	Parts Assistant	Stroudsburg, Pennsylvania, United States, Northern America, Americas	https://careers.crashchampions.com/stroudsburg-pa/parts-assistant/481D1E39020F4F16809268ED383EF0F8/job	2026-09-08	2026-10-03	operations	10.0 - 23.65 USD per hour
Crash Champions	crashchampions.com	Collision	Collision Estimator	Claymont, Delaware, United States, Northern America, Americas	https://careers.crashchampions.com/claymont-de/collision-estimator/73B9E6D03E0F4EB798B06412F6662DB6/job	2026-09-08	2026-09-22	operations	65000.0 - 153605.0 USD per year
Crash Champions	crashchampions.com	Collision	Customer Service Representative	Mokena, Illinois, United States, Northern America, Americas	https://careers.crashchampions.com/mokena-il/customer-service-representative/8E9B1BD44DE141B38EA55B6851D6FD61/job	2026-09-05	2026-09-11	support	15.0 - 25.0 USD per hour
Crash Champions	crashchampions.com	Collision	Collision Estimator	Los Angeles, California, United States, Northern America, Americas	https://careers.crashchampions.com/los-angeles-ca/collision-estimator/BF18D97C9E5B4FDC897EA3A0EE927F55/job	2026-09-05	2026-10-03	operations	69680.0 - 155000.0 USD per year
Crash Champions	crashchampions.com	Collision	Parts Assistant	Lutz, Florida, United States, Northern America, Americas	https://careers.crashchampions.com/lutz-fl/parts-assistant/CAEDA8584F474B11BC134A0E8E0435A3/job	2026-09-05	2026-09-11	operations	14.0 - 23.3 USD per hour
Crash Champions	crashchampions.com	Collision	Collision Estimator	Concord, California, United States, Northern America, Americas	https://careers.crashchampions.com/concord-ca/collision-estimator/153B4CA40831405BAA027AA82AEA50A6/job	2026-09-05	2026-09-19	operations	73580.0 - 155000.0 USD per year
Crash Champions	crashchampions.com	Collision	Customer Service Representative	Oak Park, Illinois, United States, Northern America, Americas	https://careers.crashchampions.com/oak-park-il/customer-service-representative/AB8DB71F06EE437D9F5DA2C8B93763EB/job	2026-09-05	2026-09-11	support	15.0 - 25.0 USD per hour
Crash Champions	crashchampions.com	Collision	Customer Service Representative	Fairfield, California, United States, Northern America, Americas	https://careers.crashchampions.com/fairfield-ca/customer-service-representative/013784CAEFE942D7BCBAE5668488A913/job	2026-09-05	2026-09-19	support	16.5 - 25.0 USD per hour
Crash Champions	crashchampions.com	Collision	Customer Service Representative	Signal Hill, California, United States, Northern America, Americas	https://careers.crashchampions.com/signal-hill-ca/customer-service-representative/00E983E0C79343D09977DD20716212B0/job	2026-09-05	2026-09-19	support	16.5 - 25.0 USD per hour
Crash Champions	crashchampions.com	Collision	Collision Estimator	Lincolnwood, Illinois, United States, Northern America, Americas	https://careers.crashchampions.com/lincolnwood-il/collision-estimator/8CE44B96DF1E408A801F9652773EE290/job	2026-09-05	2026-10-03	operations	65000.0 - 150815.0 USD per year
Crash Champions	crashchampions.com	Collision	Paint Prepper	Sunrise, Florida, United States, Northern America, Americas	https://careers.crashchampions.com/sunrise-fl/paint-prepper/9BD7CFCCDC7D4DF5A1FE863C4DF1F786/job	2026-09-05	2026-10-03	manual_work	40000.0 - 94000.0 USD per year
Crash Champions	crashchampions.com	Collision	Collision Estimator	Grafton, Wisconsin, United States, Northern America, Americas	https://careers.crashchampions.com/grafton-wi/collision-estimator/BE077E8F88F94349B17955DD42001380/job	2026-09-05	2026-10-03	operations	65000.0 - 145545.0 USD per year
Crash Champions	crashchampions.com	Collision	Collision Estimator	Spokane, Washington, United States, Northern America, Americas	https://careers.crashchampions.com/spokane-wa/collision-estimator/41EABDA810084F2F996118F547FA2D2D/job	2026-09-05	2026-10-03	operations	65000.0 - 137330.0 USD per year
Crash Champions	crashchampions.com	Collision	Parts Manager	San Jose, California, United States, Northern America, Americas	https://careers.crashchampions.com/san-jose-ca/parts-manager/AD876960A8204A27B926550000810578/job	2026-09-05	2026-10-03	operations	18.83 - 30.0 USD per hour
Crash Champions	crashchampions.com	Collision	Auto Body Technician	Orange, California, United States, Northern America, Americas	https://careers.crashchampions.com/orange-ca/auto-body-technician/1ADE68970AD149719F18725D3C746F21/job	2026-09-05	2026-10-03	manual_work	68640.0 - 180000.0 USD per year
Crash Champions	crashchampions.com	Collision	Auto Body Technician Helper	Spokane, Washington, United States, Northern America, Americas	https://careers.crashchampions.com/spokane-wa/auto-body-technician-helper/A901FAC3933D40FD861E5F157E59DF17/job	2026-09-04	2026-09-10	manual_work	40000.0 - 89700.0 USD per year
Crash Champions	crashchampions.com	Collision	Auto Body Technician	Streetsboro, Ohio, United States, Northern America, Americas	https://careers.crashchampions.com/streetsboro-oh/auto-body-technician/9B81B5B2BE0B41878CCC05BA40181426/job	2026-09-04	2026-10-04	manual_work	65000.0 - 159300.0 USD per year
Crash Champions	crashchampions.com	Collision	Paint Prepper	Texas, United States, Northern America, Americas	https://careers.crashchampions.com/kingwood-tx/paint-prepper/335ED871EF054C63A050BC5D1F03A460/job	2026-09-04	2026-09-10	manual_work	41000.0 - 100000.0 USD per year
Crash Champions	crashchampions.com	Collision	Collision General Manager	Chicago, Illinois, United States, Northern America, Americas	https://careers.crashchampions.com/chicago-il/collision-general-manager/BFD8072C8E7044FEB610031876AF5DBB/job	2026-09-04	2026-09-11	management,operations	75000.0 - 149400.0 USD per year
Crash Champions	crashchampions.com	Collision	ATE - Field Operations Manager	Redmond, Washington, United States, Northern America, Americas	https://careers.crashchampions.com/redmond-wa/ate-field-operations-manager/887E1551D1BC4506975B2B1802BB7210/job	2026-09-04	2026-10-04	operations,management	90000.0 - 115000.0 USD per year
Crash Champions	crashchampions.com	Collision	Collision Estimator	Houston, Texas, United States, Northern America, Americas	https://careers.crashchampions.com/houston-tx/collision-estimator/A222930552964E1FA1F7E5D9CD84A9C5/job	2026-09-04	2026-09-10	operations	67080.0 - 155000.0 USD per year
Crash Champions	crashchampions.com	Collision	Detail Technician	Bedford, Ohio, United States, Northern America, Americas	https://careers.crashchampions.com/bedford-heights-oh/detail-technician/1F86E656E36C4496935B2423B3E7FBB5/job	2026-09-04	2026-10-04	manual_work	10.7 - 24.45 USD per hour
Crash Champions	crashchampions.com	Collision	Collision Estimator	Mesquite, Texas, United States, Northern America, Americas	https://careers.crashchampions.com/mesquite-tx/collision-estimator/FD53FE83B01642FEB4AE9F779FD22D98/job	2026-09-04	2026-09-18	operations	65000.0 - 154070.0 USD per year
Crash Champions	crashchampions.com	Collision	Porter	Pontiac, Michigan, United States, Northern America, Americas	https://careers.crashchampions.com/pontiac-mi/porter/6239CF1F62B5418B9FE0B4FB620BF67F/job	2026-09-03	2026-10-03	manual_work	10.56 - 20.0 USD per hour
Crash Champions	crashchampions.com	Collision	Collision Estimator	Phoenix, Arizona, United States, Northern America, Americas	https://careers.crashchampions.com/phoenix-az/collision-estimator/4A9C5A3566E04E83AAFF3361CA1BADEC/job	2026-09-03	2026-09-17	operations	65000.0 - 137640.0 USD per year
Crash Champions	crashchampions.com	Collision	Detail Technician	Tampa, Florida, United States, Northern America, Americas	https://careers.crashchampions.com/tampa-fl/detail-technician/C6413B82A3FA430AB7BDD25C01256CDA/job	2026-09-03	2026-09-09	manual_work	14.0 - 23.65 USD per hour
Crash Champions	crashchampions.com	Collision	ATE Field Technician	Memphis, Tennessee, United States, Northern America, Americas	https://careers.crashchampions.com/memphis-tn/ate-field-technician/9441860FAE7943E69419B079DE2720FC/job	2026-09-03	2026-10-03	engineering,information_technology	25.0 - 40.0 USD per hour
Crash Champions	crashchampions.com	Collision	ATE Field Technician	Jackson, Tennessee, United States, Northern America, Americas	https://careers.crashchampions.com/jackson-tn/ate-field-technician/255031AAD5A3479F926EE79E0CDF532D/job	2026-09-03	2026-10-03	engineering,information_technology	25.0 - 40.0 USD per hour
Crash Champions	crashchampions.com	Collision	Detail Technician	Columbiana, Ohio, United States, Northern America, Americas	https://careers.crashchampions.com/columbiana-oh/detail-technician/7AC1941057F14F9D99CF42FE7EDB1241/job	2026-09-03	2026-10-03	manual_work	10.7 - 22.6 USD per hour
Crash Champions	crashchampions.com	Collision	Parts Assistant	Katy, Texas, United States, Northern America, Americas	https://careers.crashchampions.com/katy-tx/parts-assistant/590458CA7F1B43FA9A9B54791990EC60/job	2026-09-03	2026-10-02	operations	10.0 - 24.95 USD per hour
Crash Champions	crashchampions.com	Collision	Associate Service Advisor	Moore, Oklahoma, United States, Northern America, Americas	https://careers.crashchampions.com/moore-ok/associate-service-advisor/2571061D274F4EDF8A0C11DD609606E1/job	2026-09-03	2026-09-25	support	15.0 - 21.45 USD per hour
Crash Champions	crashchampions.com	Collision	Collision Estimator	Bonita Springs, Florida, United States, Northern America, Americas	https://careers.crashchampions.com/bonita-springs-fl/collision-estimator/702CC420AE3947649DF7EDFEF3218F3D/job	2026-09-03	2026-09-16	operations	65000.0 - 137795.0 USD per year
Crash Champions	crashchampions.com	Collision	Parts Assistant	Hollywood, Florida, United States, Northern America, Americas	https://careers.crashchampions.com/hollywood-fl/parts-assistant/CDA79DEC23764EC8860B826490FC803E/job	2026-09-03	2026-09-09	operations	14.0 - 24.7 USD per hour
Crash Champions	crashchampions.com	Collision	Detail Technician	Jacksonville, Florida, United States, Northern America, Americas	https://careers.crashchampions.com/jacksonville-fl/detail-technician/1478080AA57849D696AC28D1F7958D57/job	2026-09-03	2026-09-09	manual_work	14.0 - 23.65 USD per hour
Crash Champions	crashchampions.com	Collision	Parts Assistant	Homestead, Florida, United States, Northern America, Americas	https://careers.crashchampions.com/homestead-fl/parts-assistant/F383C9D82AD4465C82E451EF16D159BF/job	2026-09-03	2026-09-09	operations	14.0 - 24.4 USD per hour
Crash Champions	crashchampions.com	Collision	Auto Body Technician	Katy, Texas, United States, Northern America, Americas	https://careers.crashchampions.com/katy-tx/auto-body-technician/50089D353ACC41A6B6C8DA81BB805A47/job	2026-09-03	2026-09-09	manual_work	67145.0 - 180000.0 USD per year
Crash Champions	crashchampions.com	Collision	Software Developer (Fullstack)	United States, Northern America, Americas	https://careers.crashchampions.com/virtual-usa/software-developer-fullstack/388063F67C814995A6FCEE60B9B0F293/job	2026-09-03	2026-09-09	software_development	135000.0 - 145000.0 USD per year
Crash Champions	crashchampions.com	Collision	Auto Body Technician	Tennessee, United States, Northern America, Americas	https://careers.crashchampions.com/mt-juliet-tn/auto-body-technician/CFC28E701995434AA297495BD610A066/job	2026-09-03	2026-09-09	manual_work	65000.0 - 162000.0 USD per year
Crash Champions	crashchampions.com	Collision	Collision Estimator	Fountain Valley, California, United States, Northern America, Americas	https://careers.crashchampions.com/fountain-valley-ca/collision-estimator/5841AD99B96146D2B865BE5D2185549E/job	2026-09-03	2026-09-10	operations	68575.0 - 155000.0 USD per year
Crash Champions	crashchampions.com	Collision	Auto Body Technician	Hammonton, New Jersey, United States, Northern America, Americas	https://careers.crashchampions.com/hammonton-nj/auto-body-technician/7B7BEC7446DC4036A0B5E126F68A27EA/job	2026-09-03	2026-10-03	manual_work	65325.0 - 180000.0 USD per year
Crash Champions	crashchampions.com	Collision	Auto Body Technician	Clearwater, Florida, United States, Northern America, Americas	https://careers.crashchampions.com/clearwater-fl/auto-body-technician/277DC2B265554C7E973110A6B18B8D23/job	2026-09-03	2026-09-09	manual_work	75000.0 - 136050.0 USD per year
Crash Champions	crashchampions.com	Collision	Collision Estimator	Sandy Springs, Georgia, United States, Northern America, Americas	https://careers.crashchampions.com/sandy-springs-ga/collision-estimator/0B179EF39A3E46F4BB1E0DDB5F454C6D/job	2026-09-02	2026-10-03	operations	65000.0 - 148490.0 USD per year
Crash Champions	crashchampions.com	Collision	Detail Technician	Duluth, Georgia, United States, Northern America, Americas	https://careers.crashchampions.com/duluth-ga/detail-technician/E63EC4A96AE34096A28F16F03EE62E87/job	2026-09-02	2026-09-16	manual_work	10.0 - 24.25 USD per hour
Crash Champions	crashchampions.com	Collision	Customer Service Representative	Cuyahoga Falls, Ohio, United States, Northern America, Americas	https://careers.crashchampions.com/cuyahoga-falls-oh/customer-service-representative/9A0E56A1D7434AA7A6CFE4D94A0144EE/job	2026-09-02	2026-09-16	support	10.7 - 23.6 USD per hour
Crash Champions	crashchampions.com	Collision	Collision Estimator	West Bend, Wisconsin, United States, Northern America, Americas	https://careers.crashchampions.com/west-bend-wi/collision-estimator/9050B1C93BBE4F8E859E28D275055B9F/job	2026-09-02	2026-09-17	operations	65000.0 - 145390.0 USD per year
Crash Champions	crashchampions.com	Collision	ATE Field Mechanical Technician	Cleveland Heights, Ohio, United States, Northern America, Americas	https://careers.crashchampions.com/cleveland-heights-oh/ate-field-mechanical-technician/64FDC58CB81245B59815EDE3CAFD849B/job	2026-09-02	2026-10-03	engineering,information_technology	23.8 - 42.5 USD per hour
Crash Champions	crashchampions.com	Collision	Collision Estimator	Fremont, California, United States, Northern America, Americas	https://careers.crashchampions.com/fremont-ca/collision-estimator/7BB206A1177845699233E5A969BDA873/job	2026-09-02	2026-10-03	operations	73840.0 - 155000.0 USD per year
Crash Champions	crashchampions.com	Collision	General Manager	Clearwater, Florida, United States, Northern America, Americas	https://careers.crashchampions.com/clearwater-fl/general-manager/1A60A485FA5849A0AE9ABB47BA1CADAF/job	2026-09-02	2026-10-02	operations,management	75000.0 - 136050.0 USD per year
Crash Champions	crashchampions.com	Collision	Collision Estimator	Little Rock, Arkansas, United States, Northern America, Americas	https://careers.crashchampions.com/little-rock-ar/collision-estimator/D07813FDC6574851967746E85BD8CF07/job	2026-09-02	2026-09-18	operations	65000.0 - 150000.0 USD per year
Crash Champions	crashchampions.com	Collision	ATE – Glass Technician	Windham, New Hampshire, United States, Northern America, Americas	https://careers.crashchampions.com/windham-nh/ate-glass-technician/2478D4786EF24DC78BB4A78FCDD8DB99/job	2026-09-02	2026-10-02	manual_work	20.0 - 35.0 USD per hour
Crash Champions	crashchampions.com	Collision	Customer Service Representative	Meridian, Idaho, United States, Northern America, Americas	https://careers.crashchampions.com/meridian-id/customer-service-representative/D4F581CD162344FD897B81F96983B000/job	2026-09-02	2026-09-09	support	10.0 - 22.75 USD per hour
Crash Champions	crashchampions.com	Collision	Auto Body Technician	Waldorf, Maryland, United States, Northern America, Americas	https://careers.crashchampions.com/waldorf-md/auto-body-technician/A9B5879EEB1545648117854DF7D70D0F/job	2026-09-02	2026-09-18	manual_work	70850.0 - 180000.0 USD per year
Crash Champions	crashchampions.com	Collision	Collision Estimator	Philadelphia, Pennsylvania, United States, Northern America, Americas	https://careers.crashchampions.com/philadelphia-pa/collision-estimator/92404DB4229645FBA3AC7DCDA77FF451/job	2026-09-02	2026-09-16	operations	65455.0 - 155000.0 USD per year
Crash Champions	crashchampions.com	Collision	Detail Technician	Waldorf, Maryland, United States, Northern America, Americas	https://careers.crashchampions.com/waldorf-md/detail-technician/048EB79651444D859ECB1583D1A4A0AF/job	2026-09-02	2026-09-09	manual_work	15.0 - 25.0 USD per hour
Crash Champions	crashchampions.com	Collision	Collision Estimator	Mill Creek, Washington, United States, Northern America, Americas	https://careers.crashchampions.com/mill-creek-wa/collision-estimator/247A7AF879454A6FA446B78A8B2C3D80/job	2026-09-02	2026-09-17	operations	69355.0 - 155000.0 USD per year
Crash Champions	crashchampions.com	Collision	Parts Manager	Annapolis, Maryland, United States, Northern America, Americas	https://careers.crashchampions.com/annapolis-md/parts-manager/BD52F71867994013A0F939946577C3A7/job	2026-09-02	2026-09-16	operations	15.69 - 30.0 USD per hour
Crash Champions	crashchampions.com	Collision	Collision Estimator	Milpitas, California, United States, Northern America, Americas	https://careers.crashchampions.com/milpitas-ca/collision-estimator/7EA615AD63084D48993EE7671F0B5245/job	2026-09-02	2026-09-16	operations	79820.0 - 155000.0 USD per year
Crash Champions	crashchampions.com	Collision	Auto Body Technician	Penn Hills, Pennsylvania, United States, Northern America, Americas	https://careers.crashchampions.com/penn-hills-pa/auto-body-technician/F4F020BDEAD6432CAE98A36A4B3E5C4A/job	2026-09-02	2026-09-18	manual_work	65000.0 - 163080.0 USD per year
Crash Champions	crashchampions.com	Collision	ATE Field Technician	California, United States, Northern America, Americas	https://careers.crashchampions.com/murrietta-ca/ate-field-technician/B3AB20AB180D46E5A084E9D70EA9DFF0/job	2026-09-02	2026-09-08	engineering,information_technology	25.0 - 40.0 USD per hour
Crash Champions	crashchampions.com	Collision	Associate Service Advisor	Pittsburgh, Pennsylvania, United States, Northern America, Americas	https://careers.crashchampions.com/pittsburgh-pa/associate-service-advisor/CDEDE46523AE48D7BD31EC47284BC740/job	2026-09-02	2026-09-08	support,operations	15.0 - 23.45 USD per hour
Crash Champions	crashchampions.com	Collision	ATE Field Mechanical Technician	Oklahoma City, Oklahoma, United States, Northern America, Americas	https://careers.crashchampions.com/oklahoma-city-ok/ate-field-mechanical-technician/91B9E7451FEE44DCAA82BDB5F78C8B89/job	2026-09-02	2026-09-08	engineering,information_technology	23.8 - 42.5 USD per hour
Crash Champions	crashchampions.com	Collision	Parts Manager	Tinley Park, Illinois, United States, Northern America, Americas	https://careers.crashchampions.com/tinley-park-il/parts-manager/C6D8778E9D1945BDADE09515CA40F385/job	2026-09-02	2026-09-08	operations	15.5 - 30.0 USD per hour
Crash Champions	crashchampions.com	Collision	ATE Field Mechanical Technician	Waldorf, Maryland, United States, Northern America, Americas	https://careers.crashchampions.com/waldorf-md/ate-field-mechanical-technician/9C1D4EA5F49444F084210CFC01B9FD05/job	2026-09-02	2026-10-02	engineering,information_technology	23.8 - 42.5 USD per hour
Crash Champions	crashchampions.com	Collision	Operations Director	Springfield, Missouri, United States, Northern America, Americas	https://careers.crashchampions.com/springfield-mo/operations-director/D9EDF601DEC64DC984302846EFC71361/job	2026-09-02	2026-10-02	operations	75000.0 - 123300.0 USD per year
Crash Champions	crashchampions.com	Collision	ATE Field Technician	Columbus, Ohio, United States, Northern America, Americas	https://careers.crashchampions.com/columbus-oh/ate-field-technician/EF5812FC298A476EAD0D8720EC37BA80/job	2026-09-02	2026-10-02	engineering,information_technology	25.0 - 40.0 USD per hour
Crash Champions	crashchampions.com	Collision	Collision Estimator	Federal Way, Washington, United States, Northern America, Americas	https://careers.crashchampions.com/federal-way-wa/collision-estimator/8F64A326B96F4C3199573E4EF4128383/job	2026-09-01	2026-09-07	operations	69550.0 - 155000.0 USD per year
Crash Champions	crashchampions.com	Collision	Customer Service Representative	Glenview, Illinois, United States, Northern America, Americas	https://careers.crashchampions.com/glenview-il/customer-service-representative/DCA6EDCA9EC244DEA58BB5CC43A5DDE6/job	2026-09-01	2026-10-04	support	15.0 - 25.0 USD per hour
Crash Champions	crashchampions.com	Collision	Detail Technician	Albuquerque, New Mexico, United States, Northern America, Americas	https://careers.crashchampions.com/albuquerque-nm/detail-technician/BE9878A1C9DE4313ABDFFE81D4617B08/job	2026-09-01	2026-09-15	manual_work	12.0 - 23.45 USD per hour
Crash Champions	crashchampions.com	Collision	Detail Technician	Rolling Meadows, Illinois, United States, Northern America, Americas	https://careers.crashchampions.com/rolling-meadows-il/detail-technician/10F39149208A4C8BAFDA46D2567E30A6/job	2026-09-01	2026-09-07	manual_work	15.0 - 25.0 USD per hour
Crash Champions	crashchampions.com	Collision	Collision Estimator	Thornton, Colorado, United States, Northern America, Americas	https://careers.crashchampions.com/thornton-co/collision-estimator/62F5ABD0E68D4489BC900A1CB3AA5087/job	2026-09-01	2026-09-09	operations	65715.0 - 155000.0 USD per year
Crash Champions	crashchampions.com	Collision	Auto Body Technician Helper	Windham, New Hampshire, United States, Northern America, Americas	https://careers.crashchampions.com/windham-nh/auto-body-technician-helper/435DEA0FAECC4556ACC9E606F7FFAC69/job	2026-09-01	2026-09-07	manual_work	40000.0 - 100000.0 USD per year
Crash Champions	crashchampions.com	Collision	Paint Technician	Springfield, Missouri, United States, Northern America, Americas	https://careers.crashchampions.com/springfield-mo/paint-technician/9258372FF32F48D8870C36D17388CFCC/job	2026-09-01	2026-09-15	manual_work	75000.0 - 160290.0 USD per year
Crash Champions	crashchampions.com	Collision	ATE Field Technician	Davie, Florida, United States, Northern America, Americas	https://careers.crashchampions.com/davie-fl/ate-field-technician/D5CD50E4929D4703BC7BE6C769A546AA/job	2026-09-01	2026-09-23	engineering,information_technology	25.0 - 40.0 USD per hour
Crash Champions	crashchampions.com	Collision	General Manager	Penn Hills, Pennsylvania, United States, Northern America, Americas	https://careers.crashchampions.com/penn-hills-pa/general-manager/B4D5918594484834AF5E6AFFA82C0634/job	2026-09-01	2026-09-23	operations,management	75000.0 - 135900.0 USD per year
Crash Champions	crashchampions.com	Collision	Collision Estimator	Castle Rock, Colorado, United States, Northern America, Americas	https://careers.crashchampions.com/castle-rock-co/collision-estimator/B4FF766A5CF847C280A12EC4F312E911/job	2026-09-01	2026-10-03	operations	65065.0 - 155000.0 USD per year
Crash Champions	crashchampions.com	Collision	Auto Body Technician	Decatur, Georgia, United States, Northern America, Americas	https://careers.crashchampions.com/decatur-ga/auto-body-technician/DA0281AD0BAB4A1191708DF551AE1564/job	2026-09-01	2026-09-07	manual_work	65000.0 - 172440.0 USD per year
Crash Champions	crashchampions.com	Collision	Auto Body Technician Helper	Decatur, Georgia, United States, Northern America, Americas	https://careers.crashchampions.com/decatur-ga/auto-body-technician-helper/C611A909B9084824830B22524CEB820C/job	2026-09-01	2026-09-07	manual_work	65000.0 - 172440.0 USD per year
Crash Champions	crashchampions.com	Collision	Collision General Manager	Orland Park, Illinois, United States, Northern America, Americas	https://careers.crashchampions.com/orland-park-il/collision-general-manager/7882E64878164C54BBF4A5CF3B4D61AE/job	2026-09-01	2026-09-07	management,operations	75000.0 - 145800.0 USD per year
Crash Champions	crashchampions.com	Collision	Detail Technician	Little Rock, Arkansas, United States, Northern America, Americas	https://careers.crashchampions.com/little-rock-ar/detail-technician/3D3A03A0768C495382C7062435375006/job	2026-09-01	2026-09-07	manual_work	
Crash Champions	crashchampions.com	Collision	Collision Estimator	McDonough, Georgia, United States, Northern America, Americas	https://careers.crashchampions.com/mcdonough-ga/collision-estimator/2F1F0F0A890E44FD991B1C9715BAC87F/job	2026-09-01	2026-09-15	operations	65000.0 - 148180.0 USD per year
Crash Champions	crashchampions.com	Collision	Auto Body Technician	Cleveland Heights, Ohio, United States, Northern America, Americas	https://careers.crashchampions.com/cleveland-heights-oh/auto-body-technician/6283E8E5363C446CB1515794739E1C97/job	2026-09-01	2026-09-15	manual_work	65000.0 - 162000.0 USD per year
Crash Champions	crashchampions.com	Collision	Detail Technician	Geneva, Illinois, United States, Northern America, Americas	https://careers.crashchampions.com/geneva-il/detail-technician/76006F8CA7B54F78870F89700E6D584C/job	2026-09-01	2026-09-07	manual_work	15.0 - 25.0 USD per hour
Crash Champions	crashchampions.com	Collision	Parts Manager	Orlando, Florida, United States, Northern America, Americas	https://careers.crashchampions.com/orlando-fl/parts-manager/E95291C60E7D4BCC809C09E9A42121A8/job	2026-09-01	2026-09-07	operations	15.0 - 26.7 USD per hour
Crash Champions	crashchampions.com	Collision	Detail Technician	Hooksett, New Hampshire, United States, Northern America, Americas	https://careers.crashchampions.com/hooksett-nh/detail-technician/9488F13D6F8446329C6392598D794FCA/job	2026-09-01	2026-09-07	manual_work	
Crash Champions	crashchampions.com	Collision	Auto Body Technician	Rosenberg, Texas, United States, Northern America, Americas	https://careers.crashchampions.com/rosenberg-tx/auto-body-technician/E5E9879E3CE24F3A8AE0BDDF83F5D385/job	2026-09-01	2026-10-03	manual_work	66560.0 - 180000.0 USD per year
Crash Champions	crashchampions.com	Collision	Auto Body Technician	Tigard, Oregon, United States, Northern America, Americas	https://careers.crashchampions.com/tigard-or/auto-body-technician/05890AC445BE4CAFA04BC22B68A94D66/job	2026-09-01	2026-10-03	manual_work	65000.0 - 170460.0 USD per year
Crash Champions	crashchampions.com	Collision	Auto Body Technician	Thornton, Colorado, United States, Northern America, Americas	https://careers.crashchampions.com/thornton-co/auto-body-technician/CF52476CB50B4644BD617002323BA72A/job	2026-09-01	2026-10-03	manual_work	65520.0 - 180000.0 USD per year
Crash Champions	crashchampions.com	Collision	Auto Body Technician - Sign On Bonus	Moline, Illinois, United States, Northern America, Americas	https://careers.crashchampions.com/east-moline-il/auto-body-technician-sign-on-bonus/A17BC9E060CB44F48530C6DF07FB15D0/job	2026-09-01	2026-10-03	manual_work	65000.0 - 157860.0 USD per year
Crash Champions	crashchampions.com	Collision	Auto Body Technician	Merrimack, New Hampshire, United States, Northern America, Americas	https://careers.crashchampions.com/merrimack-nh/auto-body-technician/75249FD619D346B1A0830C5BD367E9CD/job	2026-09-01	2026-10-01	manual_work	
Crash Champions	crashchampions.com	Collision	ATE Field Technician	Huntingdon, Pennsylvania, United States, Northern America, Americas	https://careers.crashchampions.com/huntingdon-valley-pa/ate-field-technician/04F3A8BF07474CC199E5EA24BA8E986F/job	2026-09-01	2026-10-03	information_technology,engineering	25.0 - 40.0 USD per hour
Crash Champions	crashchampions.com	Collision	ATE Field Mechanical Technician	Chicago, Illinois, United States, Northern America, Americas	https://careers.crashchampions.com/chicago-il/ate-field-mechanical-technician/6253B22560F64679BD28B9DC04903D1A/job	2026-09-01	2026-10-03	engineering,information_technology	23.8 - 42.5 USD per hour
Crash Champions	crashchampions.com	Collision	Parts Manager	Tooele, Utah, United States, Northern America, Americas	https://careers.crashchampions.com/tooele-ut/parts-manager/D7C68FA4C81140BF914D4467BB5BB29B/job	2026-09-01	2026-10-01	operations	15.0 - 26.85 USD per hour
Crash Champions	crashchampions.com	Collision	Auto Body Technician	Madison Heights, Michigan, United States, Northern America, Americas	https://careers.crashchampions.com/madison-heights-mi/auto-body-technician/481411A998E44D6A8E83FD07FAE3A00F/job	2026-08-29	2026-09-20	manual_work	
Crash Champions	crashchampions.com	Collision	Collision Estimator	Signal Hill, California, United States, Northern America, Americas	https://careers.crashchampions.com/signal-hill-ca/collision-estimator/6886B63EC0AD45948E7E6C9B1974F5E9/job	2026-08-29	2026-09-20	operations	70005.0 - 155000.0 USD per year
Crash Champions	crashchampions.com	Collision	Auto Body Technician	Cleveland, Ohio, United States, Northern America, Americas	https://careers.crashchampions.com/cleveland-oh/auto-body-technician/B108A3075E214DCF9C47DD4F3B4F8445/job	2026-08-29	2026-10-04	manual_work	65000.0 - 161820.0 USD per year
Crash Champions	crashchampions.com	Collision	Auto Body Technician	Chicago, Illinois, United States, Northern America, Americas	https://careers.crashchampions.com/chicago-il/auto-body-technician/553E16F646F64F5789CB92C5CCD23E9F/job	2026-08-29	2026-09-20	manual_work	65000.0 - 179280.0 USD per year
Crash Champions	crashchampions.com	Collision	Collision Estimator	Penn Hills, Pennsylvania, United States, Northern America, Americas	https://careers.crashchampions.com/penn-hills-pa/collision-estimator/C08C0D734641464BA7D69E6CB3E70AE0/job	2026-08-29	2026-09-20	operations	65000.0 - 140430.0 USD per year
Crash Champions	crashchampions.com	Collision	Auto Body Technician	Milwaukee, Wisconsin, United States, Northern America, Americas	https://careers.crashchampions.com/milwaukee-wi/auto-body-technician/DFDA7C8970A94F698FCFA3D6467A5FB5/job	2026-08-29	2026-09-04	manual_work	65000.0 - 169020.0 USD per year
Crash Champions	crashchampions.com	Collision	ATE – Glass Technician	Brunswick, Ohio, United States, Northern America, Americas	https://careers.crashchampions.com/brunswick-oh/ate-glass-technician/8955D9899621477C8AC23CADFF3F42B8/job	2026-08-29	2026-09-04	manual_work	20.0 - 35.0 USD per hour
Crash Champions	crashchampions.com	Collision	Parts Manager	Matthews, North Carolina, United States, Northern America, Americas	https://careers.crashchampions.com/matthews-nc/parts-manager/CAA053FF6E7043E2A1F1250C6B9A234C/job	2026-08-29	2026-09-04	operations	15.0 - 28.65 USD per hour
Crash Champions	crashchampions.com	Collision	Parts Manager	Columbia, South Carolina, United States, Northern America, Americas	https://careers.crashchampions.com/west-columbia-sc/parts-manager/9DB94F3E3F504D1A8B3632058F2733D6/job	2026-08-29	2026-09-04	operations	15.0 - 30.0 USD per hour
Crash Champions	crashchampions.com	Collision	Paint Technician	Nashville, Tennessee, United States, Northern America, Americas	https://careers.crashchampions.com/nashville-tn/paint-technician/D9C296E594C941A38BAA04BA9418BE12/job	2026-08-29	2026-09-04	manual_work	75000.0 - 175695.0 USD per year
Crash Champions	crashchampions.com	Collision	Collision Estimator	Sandy Springs, Georgia, United States, Northern America, Americas	https://careers.crashchampions.com/sandy-springs-ga/collision-estimator/7198AB205251409BA70A0312A00D4675/job	2026-08-29	2026-09-04	operations	65000.0 - 148490.0 USD per year
Crash Champions	crashchampions.com	Collision	Auto Body Technician	Columbus, Ohio, United States, Northern America, Americas	https://careers.crashchampions.com/columbus-oh/auto-body-technician/654456D92D31475593C9438B74D84C23/job	2026-08-29	2026-10-03	manual_work	65000.0 - 161820.0 USD per year
Crash Champions	crashchampions.com	Collision	Customer Experience Associate - Bilingual	United States, Northern America, Americas	https://careers.crashchampions.com/virtual-usa/customer-experience-associate-bilingual/20364A108B94471D8DCD64CA71F82ACC/job	2026-08-29	2026-10-04	support	16.0 - 19.0 USD per hour
Crash Champions	crashchampions.com	Collision	Customer Service Representative	Texas, United States, Northern America, Americas	https://careers.crashchampions.com/kingwood-tx/customer-service-representative/6E53EA48292E46A2A14BD2A2C94ADC2C/job	2026-08-29	2026-09-04	support	10.03 - 25.0 USD per hour
Crash Champions	crashchampions.com	Collision	Auto Body Technician	Sarasota, Florida, United States, Northern America, Americas	https://careers.crashchampions.com/sarasota-fl/auto-body-technician/E9F68D2A776845F2B74B8A26101495F6/job	2026-08-29	2026-10-04	manual_work	65000.0 - 159120.0 USD per year
Crash Champions	crashchampions.com	Collision	Collision Estimator	Cleveland, Ohio, United States, Northern America, Americas	https://careers.crashchampions.com/cleveland-oh/collision-estimator/1C11A44E3DF14B38B94217C6DC9C2C56/job	2026-08-29	2026-10-04	operations	65000.0 - 139345.0 USD per year
Crash Champions	crashchampions.com	Collision	General Manager	San Antonio, Texas, United States, Northern America, Americas	https://careers.crashchampions.com/san-antonio-tx/general-manager/B86A51267EB74EFB8E3AFDC4E8014579/job	2026-08-29	2026-09-28	operations	75000.0 - 136650.0 USD per year
Crash Champions	crashchampions.com	Collision	Auto Body Technician	Illinois, United States, Northern America, Americas	https://careers.crashchampions.com/peotone-il/auto-body-technician/9DC1615C0A6B4CDEBC4DBD87BACF6964/job	2026-08-29	2026-09-04	manual_work	65000.0 - 174960.0 USD per year
Crash Champions	crashchampions.com	Collision	Paint Technician	Homestead, Florida, United States, Northern America, Americas	https://careers.crashchampions.com/homestead-fl/paint-technician/57DA3882C67249AB92C069A958E9E4E9/job	2026-08-29	2026-09-12	manual_work	75000.0 - 185445.0 USD per year
Crash Champions	crashchampions.com	Collision	Auto Body Technician	Oak Park, Illinois, United States, Northern America, Americas	https://careers.crashchampions.com/oak-park-il/auto-body-technician/E6687A44C56D4EE18973ECC60BCF81C9/job	2026-08-28	2026-09-03	manual_work	65000.0 - 175140.0 USD per year
Crash Champions	crashchampions.com	Collision	Collision Estimator	Topeka, Kansas, United States, Northern America, Americas	https://careers.crashchampions.com/topeka-ks/collision-estimator/670BB638E4544D888BEF1E6400A12196/job	2026-08-28	2026-10-03	operations	65000.0 - 128805.0 USD per year
Crash Champions	crashchampions.com	Collision	Auto Body Technician	Phoenix, Arizona, United States, Northern America, Americas	https://careers.crashchampions.com/phoenix-az/auto-body-technician/A4888ADDE94B497DB604FF0C167951C2/job	2026-08-28	2026-09-03	manual_work	65000.0 - 159840.0 USD per year
Crash Champions	crashchampions.com	Collision	Collision Estimator	Placerville, California, United States, Northern America, Americas	https://careers.crashchampions.com/placerville-ca/collision-estimator/9DB45247F6054EDD8ADEE71E72260738/job	2026-08-28	2026-09-11	operations	66495.0 - 155000.0 USD per year
Crash Champions	crashchampions.com	Collision	Parts Manager	Romeoville, Illinois, United States, Northern America, Americas	https://careers.crashchampions.com/romeoville-il/parts-manager/8783EFB7CBC7474EAF65BAF80F2DEA8C/job	2026-08-28	2026-09-19	operations	15.5 - 30.0 USD per hour
Crash Champions	crashchampions.com	Collision	General Manager	Grandview, Missouri, United States, Northern America, Americas	https://careers.crashchampions.com/grandview-mo/general-manager/395FFCD40D524B3EBC93AB8EC4498F16/job	2026-08-28	2026-09-11	operations	75000.0 - 132150.0 USD per year
Crash Champions	crashchampions.com	Collision	Collision Estimator	San Jose, California, United States, Northern America, Americas	https://careers.crashchampions.com/san-jose-ca/collision-estimator/6057A31CEB4741ADA7786C8383189ADB/job	2026-08-28	2026-09-03	operations	79885.0 - 155000.0 USD per year
Crash Champions	crashchampions.com	Collision	Auto Body Technician	Rochester, New York, United States, Northern America, Americas	https://careers.crashchampions.com/rochester-ny/auto-body-technician/09FAD6F70FDF413E825A1DE8E841B048/job	2026-08-28	2026-10-03	manual_work	65000.0 - 167220.0 USD per year
Crash Champions	crashchampions.com	Collision	Auto Body Technician	Jacksonville, Florida, United States, Northern America, Americas	https://careers.crashchampions.com/jacksonville-fl/auto-body-technician/27123D9C50144C2DBF4979C15B4D7911/job	2026-08-28	2026-10-03	manual_work	65000.0 - 161460.0 USD per year
Crash Champions	crashchampions.com	Collision	Auto Body Technician	Henrietta, New York, United States, Northern America, Americas	https://careers.crashchampions.com/west-henrietta-ny/auto-body-technician/F292C8E6D87B48DA82ADE25E0179E105/job	2026-08-28	2026-10-03	manual_work	65000.0 - 167580.0 USD per year
Crash Champions	crashchampions.com	Collision	Collision Estimator	Independence, Missouri, United States, Northern America, Americas	https://careers.crashchampions.com/independence-mo/collision-estimator/ED6B6E27BADB4607902FCA0BF18EA31A/job	2026-08-28	2026-10-03	operations	65000.0 - 137330.0 USD per year
Crash Champions	crashchampions.com	Collision	Collision Estimator	Chicago, Illinois, United States, Northern America, Americas	https://careers.crashchampions.com/chicago-il/collision-estimator/117E2E1C618E40388C42543B2D8BBC00/job	2026-08-28	2026-10-03	operations	65000.0 - 154380.0 USD per year
Crash Champions	crashchampions.com	Collision	General Manager	Kansas City, Missouri, United States, Northern America, Americas	https://careers.crashchampions.com/kansas-city-mo/general-manager/5FD1D838210A46018AB4AEFA2989124E/job	2026-08-28	2026-10-03	operations,management	75000 - 133200 USD per year
Crash Champions	crashchampions.com	Collision	Collision Estimator	Euless, Texas, United States, Northern America, Americas	https://careers.crashchampions.com/euless-tx/collision-estimator/3C5BF0E3962B4228AFF8DDFB3E787F94/job	2026-08-28	2026-09-11	operations	65000.0 - 146165.0 USD per year
Crash Champions	crashchampions.com	Collision	Auto Body Technician	Lubbock, Texas, United States, Northern America, Americas	https://careers.crashchampions.com/lubbock-tx/auto-body-technician/E53784E577D342C1A73EB44147262967/job	2026-08-27	2026-09-26	manual_work	65000.0 - 156420.0 USD per year
Crash Champions	crashchampions.com	Collision	Auto Body Technician	Jacksonville, Florida, United States, Northern America, Americas	https://careers.crashchampions.com/jacksonville-fl/auto-body-technician/EF71453D13064A8C8932823CF4392AB4/job	2026-08-27	2026-09-26	manual_work	65000.0 - 161460.0 USD per year
Crash Champions	crashchampions.com	Collision	Collision Estimator	Peoria, Arizona, United States, Northern America, Americas	https://careers.crashchampions.com/peoria-az/collision-estimator/7C7C670C41A24777BCC9C0932E9AC781/job	2026-08-27	2026-09-02	operations	65000.0 - 137485.0 USD per year
Crash Champions	crashchampions.com	Collision	Automotive Body Technician Apprentice	Frederick, Maryland, United States, Northern America, Americas	https://careers.crashchampions.com/frederick-md/automotive-body-technician-apprentice/3C7F1BDC7AD248F8A5F883BCABE98E7A/job	2026-08-27	2026-09-02	manual_work,internship	18.0 - 21.0 USD per hour
Crash Champions	crashchampions.com	Collision	Auto Body Technician Helper	Southaven, Mississippi, United States, Northern America, Americas	https://careers.crashchampions.com/southaven-ms/auto-body-technician-helper/A64DE606CBB4428DAEBB8B55A0FA0566/job	2026-08-27	2026-09-02	manual_work	40000.0 - 87200.0 USD per year
Crash Champions	crashchampions.com	Collision	Paint Technician	Miami, Florida, United States, Northern America, Americas	https://careers.crashchampions.com/miami-fl/paint-technician/489EE0863DBE44CFA755B8CCB4CE5E7A/job	2026-08-27	2026-09-02	manual_work	75000.0 - 185835.0 USD per year
Crash Champions	crashchampions.com	Collision	Collision Estimator	Orlando, Florida, United States, Northern America, Americas	https://careers.crashchampions.com/orlando-fl/collision-estimator/B9191B59DE744384B96F796635ABA8F6/job	2026-08-27	2026-09-02	operations	65000.0 - 137795.0 USD per year
Crash Champions	crashchampions.com	Collision	Auto Body Technician	Kenosha, Wisconsin, United States, Northern America, Americas	https://careers.crashchampions.com/kenosha-wi/auto-body-technician/801F32B4D967487691A1A3AAE8D4CD4C/job	2026-08-27	2026-09-02	manual_work	65000.0 - 174780.0 USD per year
Crash Champions	crashchampions.com	Collision	Detail Technician	Countryside, Illinois, United States, Northern America, Americas	https://careers.crashchampions.com/countryside-il/detail-technician/293DC46D28334B639F40E583E32D6D98/job	2026-08-27	2026-09-02	manual_work	15.0 - 25.0 USD per hour
Crash Champions	crashchampions.com	Collision	Auto Body Technician	Maryland, United States, Northern America, Americas	https://careers.crashchampions.com/mechanicsville-md/auto-body-technician/7FFE05D622EA4C80B9B01EFCBA4080FF/job	2026-08-27	2026-09-02	manual_work	66820.0 - 180000.0 USD per year
Crash Champions	crashchampions.com	Collision	Paint Prepper	San Antonio, Texas, United States, Northern America, Americas	https://careers.crashchampions.com/san-antonio-tx/paint-prepper/714D4069CDC34B15836F8FE596B6FFFA/job	2026-08-27	2026-09-02	manual_work	40000.0 - 89900.0 USD per year
Crash Champions	crashchampions.com	Collision	Collision Estimator	Spokane, Washington, United States, Northern America, Americas	https://careers.crashchampions.com/spokane-wa/collision-estimator/1245C36D486143FD941A7D000C7C6B89/job	2026-08-27	2026-10-04	operations	65000.0 - 136865.0 USD per year
Crash Champions	crashchampions.com	Collision	Collision Estimator	Kansas City, Missouri, United States, Northern America, Americas	https://careers.crashchampions.com/kansas-city-mo/collision-estimator/EA50770261804CC48B5BC31DB481AA6E/job	2026-08-27	2026-10-04	operations	65000.0 - 137485.0 USD per year
Crash Champions	crashchampions.com	Collision	Auto Body Technician	Mundelein, Illinois, United States, Northern America, Americas	https://careers.crashchampions.com/mundelein-il/auto-body-technician/CCCC126159F349C3BEE03DA7CE3CEB0D/job	2026-08-27	2026-10-04	manual_work	65000.0 - 174780.0 USD per year
Crash Champions	crashchampions.com	Collision	Paint Technician	Harvard, Illinois, United States, Northern America, Americas	https://careers.crashchampions.com/harvard-il/paint-technician/9FA445C0528242D783C8B0619BBA90BE/job	2026-08-27	2026-10-04	manual_work	75000.0 - 189150.0 USD per year
Crash Champions	crashchampions.com	Collision	Collision Estimator	Farmers Branch, Texas, United States, Northern America, Americas	https://careers.crashchampions.com/farmers-branch-tx/collision-estimator/083D1FA30BAA46A58630CA922525F388/job	2026-08-27	2026-10-04	operations	65000.0 - 153915.0 USD per year
Crash Champions	crashchampions.com	Collision	Auto Body Technician	Collierville, Tennessee, United States, Northern America, Americas	https://careers.crashchampions.com/collierville-tn/auto-body-technician/2868B97C1CBD49A59C1DBFCA7BE930C3/job	2026-08-27	2026-10-04	manual_work	65000.0 - 156240.0 USD per year
Crash Champions	crashchampions.com	Collision	ATE- Tooling and Inventory Specialist	Farmers Branch, Texas, United States, Northern America, Americas	https://careers.crashchampions.com/farmers-branch-tx/ate-tooling-and-inventory-specialist/4B7AFFCC83704B6EB8381E714A688D97/job	2026-08-27	2026-10-03	operations,information_technology	22.0 - 30.0 USD per hour
Crash Champions	crashchampions.com	Collision	Auto Body Technician	Orlando, Florida, United States, Northern America, Americas	https://careers.crashchampions.com/orlando-fl/auto-body-technician/6F8653C815D6440C9B953FACDC9E0CB3/job	2026-08-27	2026-10-03	manual_work	65000.0 - 160020.0 USD per year
Crash Champions	crashchampions.com	Collision	Paint Prepper	Waldorf, Maryland, United States, Northern America, Americas	https://careers.crashchampions.com/waldorf-md/paint-prepper/3BD2576B6AD144F5B11345B45E015846/job	2026-08-27	2026-09-02	manual_work	44320.0 - 100000.0 USD per year
Crash Champions	crashchampions.com	Collision	Auto Body Technician	Moore, Oklahoma, United States, Northern America, Americas	https://careers.crashchampions.com/moore-ok/auto-body-technician/491D590B830C4F1CB1C40E002A2BA6A2/job	2026-08-27	2026-10-04	manual_work	65000.0 - 150840.0 USD per year
Crash Champions	crashchampions.com	Collision	Auto Body Technician	Pasadena, Texas, United States, Northern America, Americas	https://careers.crashchampions.com/pasadena-tx/auto-body-technician/AE8206EB87A44D01B0A6D972474ADAAD/job	2026-08-27	2026-09-03	manual_work	67080.0 - 180000.0 USD per year
Crash Champions	crashchampions.com	Collision	Collision Estimator	Converse, Texas, United States, Northern America, Americas	https://careers.crashchampions.com/converse-tx/collision-estimator/27630F64E2B742E1A4BBFAA8582A8725/job	2026-08-27	2026-09-03	operations	65000.0 - 140275.0 USD per year
Crash Champions	crashchampions.com	Collision	Customer Service Representative	Tampa, Florida, United States, Northern America, Americas	https://careers.crashchampions.com/tampa-fl/customer-service-representative/34E47770E18F44B89802271E050B88A9/job	2026-08-27	2026-09-18	support	14.0 - 23.65 USD per hour
Crash Champions	crashchampions.com	Collision	General Manager	Virginia Beach, Virginia, United States, Northern America, Americas	https://careers.crashchampions.com/virginia-beach-va/general-manager/CF70B18553A7458BAD477A7BE1463835/job	2026-08-27	2026-09-26	operations	75000.0 - 137550.0 USD per year
Crash Champions	crashchampions.com	Collision	Parts Manager	San Antonio, Texas, United States, Northern America, Americas	https://careers.crashchampions.com/san-antonio-tx/parts-manager/F035209B80F94B1DA6590ADCBFA58E4F/job	2026-08-26	2026-09-09	operations	15.0 - 27.3 USD per hour
Crash Champions	crashchampions.com	Collision	General Manager	Maryville, Tennessee, United States, Northern America, Americas	https://careers.crashchampions.com/maryville-tn/general-manager/2697AAACC40449DC92416543696F33C5/job	2026-08-26	2026-09-10	management,operations	75000.0 - 130950.0 USD per year
Crash Champions	crashchampions.com	Collision	Porter	Arlington, Texas, United States, Northern America, Americas	https://careers.crashchampions.com/arlington-tx/porter/6B81920626754D1B9AF78308D9AC5D5D/job	2026-08-26	2026-09-01	manual_work	10.0 - 19.1 USD per hour
Crash Champions	crashchampions.com	Collision	Auto Body Technician	Neptune, New Jersey, United States, Northern America, Americas	https://careers.crashchampions.com/neptune-city-nj/auto-body-technician/AAC30B23DE0B41869DE2E08BD08D022F/job	2026-08-26	2026-10-03	manual_work	68900.0 - 180000.0 USD per year
Crash Champions	crashchampions.com	Collision	Parts Manager	Mundelein, Illinois, United States, Northern America, Americas	https://careers.crashchampions.com/mundelein-il/parts-manager/AF018DDF3C2A42FCAB39EFA21AECC7BC/job	2026-08-26	2026-10-03	operations	15.29 - 30.0 USD per hour
Crash Champions	crashchampions.com	Collision	Detail Technician	Signal Hill, California, United States, Northern America, Americas	https://careers.crashchampions.com/signal-hill-ca/detail-technician/95CA4E763CD4421B8E3E8F46DE2DD49E/job	2026-08-26	2026-09-25	manual_work	16.5 - 25.0 USD per hour
Crash Champions	crashchampions.com	Collision	Auto Body Technician	Oklahoma City, Oklahoma, United States, Northern America, Americas	https://careers.crashchampions.com/oklahoma-city-ok/auto-body-technician/130C6A50A6F749BBBAF5B3EADA1B7DCF/job	2026-08-26	2026-09-01	manual_work	65000.0 - 150480.0 USD per year
Crash Champions	crashchampions.com	Collision	Auto Body Technician	Wall, New Jersey, United States, Northern America, Americas	https://careers.crashchampions.com/wall-township-nj/auto-body-technician/E63E3D8C8C004FE180BFA47CBE21A815/job	2026-08-26	2026-09-17	manual_work	68900.0 - 180000.0 USD per year
Crash Champions	crashchampions.com	Collision	Paint Prepper	Twin Falls, Idaho, United States, Northern America, Americas	https://careers.crashchampions.com/twin-falls-id/paint-prepper/33AC798E3E45414E8161BF59BFD42CC0/job	2026-08-26	2026-09-01	manual_work	40000.0 - 83600.0 USD per year
Crash Champions	crashchampions.com	Collision	Auto Body Technician	San Antonio, Texas, United States, Northern America, Americas	https://careers.crashchampions.com/san-antonio-tx/auto-body-technician/ADFD80F96BA546829CAADA14CA0F46F9/job	2026-08-26	2026-09-09	manual_work	65000.0 - 162720.0 USD per year
Crash Champions	crashchampions.com	Collision	Collision Estimator	Marietta, Georgia, United States, Northern America, Americas	https://careers.crashchampions.com/marietta-ga/collision-estimator/91DB30DC58B14966A3E85061A78B2440/job	2026-08-26	2026-09-09	operations	65000.0 - 148490.0 USD per year
Crash Champions	crashchampions.com	Collision	ATE Field Technician	Plano, Texas, United States, Northern America, Americas	https://careers.crashchampions.com/plano-tx/ate-field-technician/8AB9850B18DF42DAA86A1127A310197F/job	2026-08-26	2026-09-09	engineering,information_technology	25.0 - 40.0 USD per hour
Crash Champions	crashchampions.com	Collision	Auto Body Technician	Fremont, California, United States, Northern America, Americas	https://careers.crashchampions.com/fremont-ca/auto-body-technician/2011E242FEB34316A8A454B661F066BC/job	2026-08-26	2026-09-09	manual_work	73840.0 - 180000.0 USD per year
Crash Champions	crashchampions.com	Collision	Auto Body Technician	Texas, United States, Northern America, Americas	https://careers.crashchampions.com/mckinney-tx/auto-body-technician/8A2413166427452EAD240FC4B10BFB09/job	2026-08-26	2026-09-09	manual_work	65000.0 - 177480.0 USD per year
Crash Champions	crashchampions.com	Collision	General Manager	Asheville, North Carolina, United States, Northern America, Americas	https://careers.crashchampions.com/asheville-nc/general-manager/EF44E778B57E41A696DEC1ABB4F33C96/job	2026-08-26	2026-09-09	operations,management	75000.0 - 136200.0 USD per year
Crash Champions	crashchampions.com	Collision	Auto Body Technician	Allentown, Pennsylvania, United States, Northern America, Americas	https://careers.crashchampions.com/allentown-pa/auto-body-technician/0304281650764451B174DF344B27F77E/job	2026-08-26	2026-09-09	manual_work	65000.0 - 167580.0 USD per year
Crash Champions	crashchampions.com	Collision	Auto Body Technician	Humble, Texas, United States, Northern America, Americas	https://careers.crashchampions.com/humble-tx/auto-body-technician/306B4DFE835A4E7BADB1147665A39A2E/job	2026-08-26	2026-09-01	manual_work	67015.0 - 180000.0 USD per year
Crash Champions	crashchampions.com	Collision	Auto Body Technician	New Jersey, United States, Northern America, Americas	https://careers.crashchampions.com/whippany-nj/auto-body-technician/9544C960E54845FB976F9EB2B2414165/job	2026-08-26	2026-09-25	manual_work	70980.0 - 180000.0 USD per year
Crash Champions	crashchampions.com	Collision	Auto Body Technician	Claymont, Delaware, United States, Northern America, Americas	https://careers.crashchampions.com/claymont-de/auto-body-technician/17C5E493A87942E38750B2AD0AA8F87D/job	2026-08-26	2026-10-03	manual_work	65000.0 - 178380.0 USD per year
Crash Champions	crashchampions.com	Collision	Detail Specialist	South Carolina, United States, Northern America, Americas	https://careers.crashchampions.com/effingham-sc/detail-specialist/142E441E650E42A596B71E3C91DF42CF/job	2026-08-26	2026-10-03	manual_work	10.0 - 21.95 USD per hour
Crash Champions	crashchampions.com	Collision	Collision Estimator	Plainfield, Illinois, United States, Northern America, Americas	https://careers.crashchampions.com/plainfield-il/collision-estimator/F82D5224B3E74A959DFD7B5DDCB9DCEF/job	2026-08-26	2026-10-03	operations	65000.0 - 150815.0 USD per year
Crash Champions	crashchampions.com	Collision	Auto Body Technician	Illinois, United States, Northern America, Americas	https://careers.crashchampions.com/lake-in-the-hills-il/auto-body-technician/F867B2D500894F60AF93095C8890BA7A/job	2026-08-26	2026-10-03	manual_work	65000.0 - 175140.0 USD per year
Crash Champions	crashchampions.com	Collision	Collision Estimator	Waukesha, Wisconsin, United States, Northern America, Americas	https://careers.crashchampions.com/waukesha-wi/collision-estimator/DCF1BF61547940B490644412258AEE91/job	2026-08-26	2026-10-03	operations	65000.0 - 146320.0 USD per year
Crash Champions	crashchampions.com	Collision	ATE Field Mechanical Technician	New Jersey, United States, Northern America, Americas	https://careers.crashchampions.com/whippany-nj/ate-field-mechanical-technician/2BC1E7B723AF462899F8152386F64706/job	2026-08-26	2026-10-03	engineering,information_technology	23.8 - 42.5 USD per hour
Crash Champions	crashchampions.com	Collision	Porter	Grand Prairie, Texas, United States, Northern America, Americas	https://careers.crashchampions.com/grand-prairie-tx/porter/68407B70CB774C1A901F028E4F58D0E3/job	2026-08-26	2026-09-09	manual_work	10.0 - 19.9 USD per hour
Crash Champions	crashchampions.com	Collision	Paint Prepper	North Richland Hills, Texas, United States, Northern America, Americas	https://careers.crashchampions.com/north-richland-hills-tx/paint-prepper/A07E72EF279F402188241FA97794F550/job	2026-08-26	2026-09-01	manual_work	40000.0 - 94300.0 USD per year
Crash Champions	crashchampions.com	Collision	Collision Estimator	Santa Ana, California, United States, Northern America, Americas	https://careers.crashchampions.com/santa-ana-ca/collision-estimator/D267F3177D2241C4B2A1A0C910E69F14/job	2026-08-26	2026-09-02	operations	68575.0 - 155000.0 USD per year
Crash Champions	crashchampions.com	Collision	Detail Technician	Downey, California, United States, Northern America, Americas	https://careers.crashchampions.com/downey-ca/detail-technician/5D59BC5E4D174E8D857CA580006DCE53/job	2026-08-26	2026-09-17	manual_work	16.5 - 25.0 USD per hour
Crash Champions	crashchampions.com	Collision	Collision Estimator	Chicago, Illinois, United States, Northern America, Americas	https://careers.crashchampions.com/chicago-il/collision-estimator/F7A25419B16A413DA5C0B30A36FF940D/job	2026-08-26	2026-09-17	operations	65000.0 - 154380.0 USD per year
Crash Champions	crashchampions.com	Collision	Auto Body Technician	Moon, Pennsylvania, United States, Northern America, Americas	https://careers.crashchampions.com/coraopolis-pa/auto-body-technician/99B85C025D9F4493915F10A168C529A6/job	2026-08-26	2026-09-02	manual_work	65000.0 - 162540.0 USD per year
Crash Champions	crashchampions.com	Collision	Customer Service Representative	Norman, Oklahoma, United States, Northern America, Americas	https://careers.crashchampions.com/norman-ok/customer-service-representative/92816E9513F44B36887769D557ED9416/job	2026-08-25	2026-09-08	support	10.0 - 22.3 USD per hour
Crash Champions	crashchampions.com	Collision	Collision Estimator	Euless, Texas, United States, Northern America, Americas	https://careers.crashchampions.com/euless-tx/collision-estimator/53EB7455F6674EE9B5DED29ECEEE6F1E/job	2026-08-25	2026-09-09	operations	65000.0 - 146165.0 USD per year
Crash Champions	crashchampions.com	Collision	Operations Director	Riviera Beach, Florida, United States, Northern America, Americas	https://careers.crashchampions.com/riviera-beach-fl/operations-director/530277A97F854334B474A9816C1E287B/job	2026-08-25	2026-10-02	operations	
Crash Champions	crashchampions.com	Collision	Detail Technician	Nampa, Idaho, United States, Northern America, Americas	https://careers.crashchampions.com/nampa-id/detail-technician/316E2C77EAF44492A28EE0FB03F84DC1/job	2026-08-25	2026-09-16	manual_work	10.0 - 22.6 USD per hour
Crash Champions	crashchampions.com	Collision	Automotive Body Technician Apprentice	West Bend, Wisconsin, United States, Northern America, Americas	https://careers.crashchampions.com/west-bend-wi/automotive-body-technician-apprentice/2B2FC52F53374D45AAC4B0256CB1E3AF/job	2026-08-25	2026-09-16	manual_work	18.0 - 21.0 USD per hour
Crash Champions	crashchampions.com	Collision	Collision Estimator	Fullerton, California, United States, Northern America, Americas	https://careers.crashchampions.com/fullerton-ca/collision-estimator/389E6ACD558B4A2387E87E7109596F12/job	2026-08-25	2026-09-16	operations	68575.0 - 155000.0 USD per year
Crash Champions	crashchampions.com	Collision	ATE Field Mechanical Technician	San Leandro, California, United States, Northern America, Americas	https://careers.crashchampions.com/san-leandro-ca/ate-field-mechanical-technician/5ABD9B3E0A3846F2BF1DC025686FD7DD/job	2026-08-25	2026-09-08	engineering,operations	23.8 - 42.5 USD per hour
Crash Champions	crashchampions.com	Collision	Associate Service Advisor	Plainfield, Illinois, United States, Northern America, Americas	https://careers.crashchampions.com/plainfield-il/associate-service-advisor/7BEECA9431854E019DEFC1ACD655C3EC/job	2026-08-25	2026-09-16	support	15.5 - 25.0 USD per hour
Crash Champions	crashchampions.com	Collision	Auto Body Technician	Highland, Indiana, United States, Northern America, Americas	https://careers.crashchampions.com/highland-in/auto-body-technician/58323BC34C7D4364AA52E2FDB09892B4/job	2026-08-25	2026-09-16	manual_work	65000.0 - 168480.0 USD per year
Crash Champions	crashchampions.com	Collision	Parts Manager	Byram, Mississippi, United States, Northern America, Americas	https://careers.crashchampions.com/byram-ms/parts-manager/16C4EFC2B4DE4F3C91D043709AB031DA/job	2026-08-25	2026-09-16	operations	15.0 - 24.6 USD per hour
Crash Champions	crashchampions.com	Collision	Detail Technician	Bellevue, Washington, United States, Northern America, Americas	https://careers.crashchampions.com/bellevue-wa/detail-technician/BA98CFA50B3149D09785DE3F7022AEC1/job	2026-08-25	2026-09-09	manual_work	16.66 - 25.0 USD per hour
Crash Champions	crashchampions.com	Collision	Associate Service Advisor	Kenosha, Wisconsin, United States, Northern America, Americas	https://careers.crashchampions.com/kenosha-wi/associate-service-advisor/411F26D2E183480D82E5883A3476D1B9/job	2026-08-25	2026-09-08	support	15.24 - 25.0 USD per hour
Crash Champions	crashchampions.com	Collision	Auto Body Technician	Spokane, Washington, United States, Northern America, Americas	https://careers.crashchampions.com/spokane-wa/auto-body-technician/E7DF1F077FEB47D085D8BB7C56F65DB7/job	2026-08-25	2026-09-09	manual_work	65000.0 - 158580.0 USD per year
Crash Champions	crashchampions.com	Collision	Auto Body Technician	Farmers Branch, Texas, United States, Northern America, Americas	https://careers.crashchampions.com/farmers-branch-tx/auto-body-technician/AA0ABC4BFE434124BBD77CB7A891C4AE/job	2026-08-25	2026-09-16	manual_work	65000.0 - 178740.0 USD per year
Crash Champions	crashchampions.com	Collision	Auto Body Technician	Royal Oak, Michigan, United States, Northern America, Americas	https://careers.crashchampions.com/royal-oak-mi/auto-body-technician/BD4013D88D5F4AEC8A73107F554D48E7/job	2026-08-25	2026-09-16	manual_work	65000.0 - 167580.0 USD per year
Crash Champions	crashchampions.com	Collision	Paint Prepper	La Habra, California, United States, Northern America, Americas	https://careers.crashchampions.com/la-habra-ca/paint-prepper/7108406C0D8947F783FC39461DCC817D/job	2026-08-21	2026-09-21	manual_work	42360.0 - 100000.0 USD per year
Crash Champions	crashchampions.com	Collision	Collision General Manager	Burbank, California, United States, Northern America, Americas	https://careers.crashchampions.com/burbank-ca/collision-general-manager/E28A8D9DCE894DDAA0DD9027E64D76EB/job	2026-08-21	2026-09-24	management,operations	80550.0 - 150000.0 USD per year
Crash Champions	crashchampions.com	Collision	Collision Estimator	Alameda, California, United States, Northern America, Americas	https://careers.crashchampions.com/alameda-ca/collision-estimator/90A7431DD0C34390A7334E52A6DB0FB7/job	2026-08-21	2026-09-21	operations	73710.0 - 155000.0 USD per year
Crash Champions	crashchampions.com	Collision	Collision Estimator	Windsor, Colorado, United States, Northern America, Americas	https://careers.crashchampions.com/windsor-co/collision-estimator/233D3DD15FFE4A77B4420BEA94C58DAA/job	2026-08-21	2026-09-01	operations	65000.0 - 142910.0 USD per year
Crash Champions	crashchampions.com	Collision	Parts Manager	Glenview, Illinois, United States, Northern America, Americas	https://careers.crashchampions.com/glenview-il/parts-manager/8571F274AC25434EBF91C28BEAA02ED4/job	2026-08-21	2026-09-05	operations	15.5 - 30.0 USD per hour
Crash Champions	crashchampions.com	Collision	ATE Field Mechanical Technician	Virginia Beach, Virginia, United States, Northern America, Americas	https://careers.crashchampions.com/virginia-beach-va/ate-field-mechanical-technician/C590E1FF28774B2AA0045EAA177D2052/job	2026-08-21	2026-09-05	engineering,information_technology	23.8 - 42.5 USD per hour
Crash Champions	crashchampions.com	Collision	Financial Analyst, FP & A	Westmont, Illinois, United States, Northern America, Americas	https://careers.crashchampions.com/westmont-il/financial-analyst-fp-a/635EC9B9467A4D56A2FAB4973C6C2C9C/job	2026-08-21	2026-10-03	finance	65000.0 - 85000.0 USD per year
Crash Champions	crashchampions.com	Collision	Collision Estimator	Yuba City, California, United States, Northern America, Americas	https://careers.crashchampions.com/yuba-city-ca/collision-estimator/DA21EDCBFAFB4769904C6E785EE72003/job	2026-08-21	2026-10-03	operations	65000.0 - 150970.0 USD per year
Crash Champions	crashchampions.com	Collision	Detail Technician	Tolleson, Arizona, United States, Northern America, Americas	https://careers.crashchampions.com/tolleson-az/detail-technician/60068570EF9B4037BBDB4C09119623D1/job	2026-08-21	2026-09-17	manual_work	14.7 - 24.9 USD per hour
Crash Champions	crashchampions.com	Collision	ATE Field Mechanical Technician	Collegeville, Pennsylvania, United States, Northern America, Americas	https://careers.crashchampions.com/collegeville-pa/ate-field-mechanical-technician/EA5C5144D5F246788C5E46F89FC042FD/job	2026-08-20	2026-09-20	engineering,operations	23.8 - 42.5 USD per hour
Crash Champions	crashchampions.com	Collision	Auto Body Technician	Houston, Texas, United States, Northern America, Americas	https://careers.crashchampions.com/houston-tx/auto-body-technician/7F93EFE904F0476B8343428404CC4450/job	2026-08-20	2026-09-04	manual_work	67275.0 - 180000.0 USD per year
Crash Champions	crashchampions.com	Collision	Detail Specialist	Great Falls, Montana, United States, Northern America, Americas	https://careers.crashchampions.com/great-falls-mt/detail-specialist/BE5079B44B7F4B5FA48B779335E88994/job	2026-08-20	2026-09-20	operations	10.55 - 22.6 USD per hour
Crash Champions	crashchampions.com	Collision	Collision Estimator	Illinois, United States, Northern America, Americas	https://careers.crashchampions.com/east-dundee-il/collision-estimator/2690EF0D2A974AE798CEB5C7C0DE4B0B/job	2026-08-20	2026-09-20	operations	65000.0 - 146010.0 USD per year
Crash Champions	crashchampions.com	Collision	ATE Field Mechanical Technician	Plainfield, Illinois, United States, Northern America, Americas	https://careers.crashchampions.com/plainfield-il/ate-field-mechanical-technician/3338EEAECC6243469C267437B2140573/job	2026-08-20	2026-09-25	engineering,operations	23.8 - 42.5 USD per hour
Crash Champions	crashchampions.com	Collision	ATE Field Technician	Libertyville, Illinois, United States, Northern America, Americas	https://careers.crashchampions.com/libertyville-il/ate-field-technician/5EFB6A3A80A9407D87E017F0CE5F7872/job	2026-08-20	2026-09-12	engineering,information_technology	25.0 - 40.0 USD per hour
Crash Champions	crashchampions.com	Collision	Collision Estimator	San Jose, California, United States, Northern America, Americas	https://careers.crashchampions.com/san-jose-ca/collision-estimator/EFC9A893016A4C6D871094DAE6A5D863/job	2026-08-20	2026-09-12	operations	79885.0 - 155000.0 USD per year
Crash Champions	crashchampions.com	Collision	Auto Body Technician	Rancho Cordova, California, United States, Northern America, Americas	https://careers.crashchampions.com/rancho-cordova-ca/auto-body-technician/D0ABA592C4164CBEBCACC0738EA97414/job	2026-08-20	2026-09-12	manual_work	66690.0 - 180000.0 USD per year
Crash Champions	crashchampions.com	Collision	Collision Estimator	Lubbock, Texas, United States, Northern America, Americas	https://careers.crashchampions.com/lubbock-tx/collision-estimator/9E6D4223EA1C442FB0C69045DAAF3600/job	2026-08-20	2026-10-03	operations	65000.0 - 134695.0 USD per year
Crash Champions	crashchampions.com	Collision	Collision Estimator	Schaumburg, Illinois, United States, Northern America, Americas	https://careers.crashchampions.com/schaumburg-il/collision-estimator/5CE7E916AD344548BEB880412F792A1F/job	2026-08-20	2026-10-04	operations	65000.0 - 150815.0 USD per year
Crash Champions	crashchampions.com	Collision	Auto Body Technician	Richmond, Texas, United States, Northern America, Americas	https://careers.crashchampions.com/richmond-tx/auto-body-technician/BA6EBA52A9E8464B8E5D2739254384AB/job	2026-08-20	2026-09-20	manual_work	66560.0 - 180000.0 USD per year
Crash Champions	crashchampions.com	Collision	Auto Body Technician	Hobe Sound, Florida, United States, Northern America, Americas	https://careers.crashchampions.com/hobe-sound-fl/auto-body-technician/E79847A60BFA4230B4B64648996CD103/job	2026-08-20	2026-10-04	manual_work	65000.0 - 158940.0 USD per year
Crash Champions	crashchampions.com	Collision	ATE Field Technician	Mill Creek, Washington, United States, Northern America, Americas	https://careers.crashchampions.com/mill-creek-wa/ate-field-technician/656ADD1CE55047E59C429DD17B7C2715/job	2026-08-20	2026-09-20	engineering,information_technology	25.0 - 40.0 USD per hour
Crash Champions	crashchampions.com	Collision	Paint Technician	Portland, Oregon, United States, Northern America, Americas	https://careers.crashchampions.com/portland-or/paint-technician/ACC330380A784717BDD0FF3BD1BD6FE5/job	2026-08-20	2026-09-20	manual_work	75000.0 - 183690.0 USD per year
Crash Champions	crashchampions.com	Collision	Parts Manager	Auburn, Washington, United States, Northern America, Americas	https://careers.crashchampions.com/auburn-wa/parts-manager/A24DE21811054A3B92DE0B980D8C42CF/job	2026-08-20	2026-09-04	operations	17.01 - 30.0 USD per hour
Crash Champions	crashchampions.com	Collision	Auto Body Technician	Marietta, Georgia, United States, Northern America, Americas	https://careers.crashchampions.com/marietta-ga/auto-body-technician/A52EF53CBD6D47F8A0B4A2F4454FF8FE/job	2026-08-20	2026-09-04	manual_work	65000.0 - 172620.0 USD per year
Crash Champions	crashchampions.com	Collision	Auto Body Technician	Harvard, Illinois, United States, Northern America, Americas	https://careers.crashchampions.com/harvard-il/auto-body-technician/460A43BF7799435CAF50AE76285785B6/job	2026-08-20	2026-10-04	manual_work	65000.0 - 174600.0 USD per year
Crash Champions	crashchampions.com	Collision	Auto Body Technician	Henderson, Nevada, United States, Northern America, Americas	https://careers.crashchampions.com/henderson-nv/auto-body-technician/0BE9C0EF70D1416ABD00907348BFAFB3/job	2026-08-20	2026-10-03	manual_work	65000.0 - 169200.0 USD per year
Crash Champions	crashchampions.com	Collision	Parts Manager	Carol Stream, Illinois, United States, Northern America, Americas	https://careers.crashchampions.com/carol-stream-il/parts-manager/5EA84E24A63444E0BC3C1B93A8128F9C/job	2026-08-20	2026-10-03	operations	15.53 - 30.0 USD per hour
Crash Champions	crashchampions.com	Collision	Auto Body Technician	Rincon, Georgia, United States, Northern America, Americas	https://careers.crashchampions.com/rincon-ga/auto-body-technician/ADA56A9269134696AB22EAEF82771809/job	2026-08-20	2026-09-12	manual_work	65000.0 - 160920.0 USD per year
Crash Champions	crashchampions.com	Collision	Auto Body Technician	Torrance, California, United States, Northern America, Americas	https://careers.crashchampions.com/torrance-ca/auto-body-technician/745913CA10744B468B78A16D71F5FE12/job	2026-08-20	2026-10-04	manual_work	69940.0 - 180000.0 USD per year
Crash Champions	crashchampions.com	Collision	Customer Service Representative	Thornton, Colorado, United States, Northern America, Americas	https://careers.crashchampions.com/thornton-co/customer-service-representative/D68A7554D9E44DA0B4A5A917A016C89C/job	2026-08-19	2026-09-11	support	14.81 - 25.0 USD per hour
Crash Champions	crashchampions.com	Collision	Collision Estimator	San Jose, California, United States, Northern America, Americas	https://careers.crashchampions.com/san-jose-ca/collision-estimator/0CCB623526314778B3B2D96A88C028E9/job	2026-08-19	2026-09-01	operations	79885.0 - 155000.0 USD per year
Crash Champions	crashchampions.com	Collision	Customer Service Representative	Ontario, California, United States, Northern America, Americas	https://careers.crashchampions.com/ontario-ca/customer-service-representative/6DD534AD6712438F9A60AF5958CCF418/job	2026-08-19	2026-09-02	support	16.5 - 25.0 USD per hour
Crash Champions	crashchampions.com	Collision	Auto Body Technician	Berwyn, Illinois, United States, Northern America, Americas	https://careers.crashchampions.com/berwyn-il/auto-body-technician/F831FF283FE342068FEB9DA966732CAF/job	2026-08-19	2026-09-19	manual_work	65000.0 - 174960.0 USD per year
Crash Champions	crashchampions.com	Collision	Detail Technician	Colorado Springs, Colorado, United States, Northern America, Americas	https://careers.crashchampions.com/colorado-springs-co/detail-technician/09780B89A796470FA1FA76AEFA302A01/job	2026-08-19	2026-09-17	operations,manual_work	
Crash Champions	crashchampions.com	Collision	Parts Assistant	Pleasanton, California, United States, Northern America, Americas	https://careers.crashchampions.com/pleasanton-ca/parts-assistant/95BF4D449A904D6090F8923A393ED809/job	2026-08-19	2026-09-17	operations,manual_work	
Crash Champions	crashchampions.com	Collision	Collision Estimator	Las Vegas, Nevada, United States, Northern America, Americas	https://careers.crashchampions.com/las-vegas-nv/collision-estimator/B7CC9CD892EA443FB190E09236BE6838/job	2026-08-19	2026-09-11	operations	65000.0 - 145235.0 USD per year
Crash Champions	crashchampions.com	Collision	Collision Estimator	Avon, Ohio, United States, Northern America, Americas	https://careers.crashchampions.com/avon-oh/collision-estimator/DD0C378F266946318E05F488884482AB/job	2026-08-19	2026-09-27	operations	65000.0 - 139190.0 USD per year
Crash Champions	crashchampions.com	Collision	Collision Estimator	Ontario, California, United States, Northern America, Americas	https://careers.crashchampions.com/ontario-ca/collision-estimator/D74E3CC5C72240ADB34E6C1AC90FA411/job	2026-08-19	2026-09-02	operations	65585.0 - 155000.0 USD per year
Crash Champions	crashchampions.com	Collision	Collision General Manager	Mokena, Illinois, United States, Northern America, Americas	https://careers.crashchampions.com/mokena-il/collision-general-manager/54462F5F25F949EF8D7550BC3D48EB1D/job	2026-08-19	2026-09-02	management,operations	75000.0 - 145800.0 USD per year
Crash Champions	crashchampions.com	Collision	Auto Body Technician	Converse, Texas, United States, Northern America, Americas	https://careers.crashchampions.com/converse-tx/auto-body-technician/670F8C2960E24A4580D33978C3B26278/job	2026-08-19	2026-10-03	manual_work	65000.0 - 162900.0 USD per year
Crash Champions	crashchampions.com	Collision	Auto Body Technician	Elgin, Illinois, United States, Northern America, Americas	https://careers.crashchampions.com/elgin-il/auto-body-technician/47BC0ACE68A044BF8BD6B3A6342365C5/job	2026-08-19	2026-10-03	manual_work	65000.0 - 170640.0 USD per year
Crash Champions	crashchampions.com	Collision	Detail Technician	Crest Hill, Illinois, United States, Northern America, Americas	https://careers.crashchampions.com/crest-hill-il/detail-technician/FDEB392EDA1A4B4ABF551C7146BA256A/job	2026-08-19	2026-10-03	manual_work	15.0 - 25.0 USD per hour
Crash Champions	crashchampions.com	Collision	Auto Body Technician	Ocoee, Florida, United States, Northern America, Americas	https://careers.crashchampions.com/ocoee-fl/auto-body-technician/C70FF4270FB845A0959829D96B9FD0A0/job	2026-08-19	2026-09-02	manual_work	65000.0 - 159840.0 USD per year
Crash Champions	crashchampions.com	Collision	Collision Estimator	Knoxville, Tennessee, United States, Northern America, Americas	https://careers.crashchampions.com/knoxville-tn/collision-estimator/F184B7F2FC3646FF82D6971E5C71F53E/job	2026-08-19	2026-09-27	operations	65000.0 - 135160.0 USD per year
Crash Champions	crashchampions.com	Collision	Auto Body Technician	Little Rock, Arkansas, United States, Northern America, Americas	https://careers.crashchampions.com/little-rock-ar/auto-body-technician/1E5CDFB1DBA44FE48E75F399F94035DF/job	2026-08-19	2026-09-18	manual_work	65000.0 - 180000.0 USD per year
Crash Champions	crashchampions.com	Collision	ATE Field Technician	Grovetown, Georgia, United States, Northern America, Americas	https://careers.crashchampions.com/grovetown-ga/ate-field-technician/FC2032C6F9A94A498C76DDDC57F2D150/job	2026-08-19	2026-09-18	engineering,information_technology	25.0 - 40.0 USD per hour
Crash Champions	crashchampions.com	Collision	Auto Body Technician	Cleveland, Ohio, United States, Northern America, Americas	https://careers.crashchampions.com/cleveland-oh/auto-body-technician/54A7AF739C544299B33BAFFF489E5F3B/job	2026-08-19	2026-09-18	manual_work	65000.0 - 162180.0 USD per year
Crash Champions	crashchampions.com	Collision	ATE Field Mechanical Technician	Troy, Michigan, United States, Northern America, Americas	https://careers.crashchampions.com/troy-mi/ate-field-mechanical-technician/F79DE1519B624CAFBAB52D8FB5FB94E0/job	2026-08-18	2026-10-02	engineering,operations	23.8 - 42.5 USD per hour
Crash Champions	crashchampions.com	Collision	Auto Body Technician	Caldwell, Idaho, United States, Northern America, Americas	https://careers.crashchampions.com/caldwell-id/auto-body-technician/2A0048BFCFA2465E9EDD4BA700F0FF86/job	2026-08-18	2026-10-02	manual_work	65000.0 - 151200.0 USD per year
Crash Champions	crashchampions.com	Collision	ATE Field Mechanical Technician	Gaithersburg, Maryland, United States, Northern America, Americas	https://careers.crashchampions.com/gaithersburg-md/ate-field-mechanical-technician/6CF2DE02C44D4616A46C431E12AE5FB4/job	2026-08-18	2026-09-10	engineering,operations	23.8 - 42.5 USD per hour
Crash Champions	crashchampions.com	Collision	Customer Service Representative	Lakeway, Texas, United States, Northern America, Americas	https://careers.crashchampions.com/lakeway-tx/customer-service-representative/00BA42F239334AEE86DEBCC0EE8A93CC/job	2026-08-18	2026-09-10	support	10.29 - 25.0 USD per hour
Crash Champions	crashchampions.com	Collision	Auto Body Technician	Knoxville, Tennessee, United States, Northern America, Americas	https://careers.crashchampions.com/knoxville-tn/auto-body-technician/652DD25D978949A885A9870AA6E36BD9/job	2026-08-18	2026-10-02	manual_work	65000.0 - 156960.0 USD per year
Crash Champions	crashchampions.com	Collision	Customer Service Representative	Bozeman, Montana, United States, Northern America, Americas	https://careers.crashchampions.com/bozeman-mt/customer-service-representative/CD6A90ED1B744E6988060F713F82CC1B/job	2026-08-18	2026-09-10	support	10.55 - 23.05 USD per hour
Crash Champions	crashchampions.com	Collision	ATE Field Technician	Sandy Springs, Georgia, United States, Northern America, Americas	https://careers.crashchampions.com/sandy-springs-ga/ate-field-technician/B015197F3331460489149F221E6D5FC7/job	2026-08-18	2026-09-02	engineering,operations	25.0 - 40.0 USD per hour
Crash Champions	crashchampions.com	Collision	ATE Field Mechanical Technician	Billings, Montana, United States, Northern America, Americas	https://careers.crashchampions.com/billings-mt/ate-field-mechanical-technician/C56BA92728DC4CB49615D7CF3BEEC6A2/job	2026-08-18	2026-10-02	engineering,information_technology	23.8 - 42.5 USD per hour
Crash Champions	crashchampions.com	Collision	ATE Field Mechanical Technician	Pikesville, Maryland, United States, Northern America, Americas	https://careers.crashchampions.com/pikesville-md/ate-field-mechanical-technician/7B594E58C9404C15AE1C7350886E3EF9/job	2026-08-18	2026-09-03	engineering,operations	23.8 - 42.5 USD per hour
Crash Champions	crashchampions.com	Collision	Auto Body Technician	Mansfield, Texas, United States, Northern America, Americas	https://careers.crashchampions.com/mansfield-tx/auto-body-technician/5F719BFFC313467C82F2D44E1C3E07AB/job	2026-08-18	2026-09-16	healthcare_services,manual_work	
Crash Champions	crashchampions.com	Collision	Auto Body Technician Helper	Bozeman, Montana, United States, Northern America, Americas	https://careers.crashchampions.com/bozeman-mt/auto-body-technician-helper/D1644702AAF548BF920B9C813CD92399/job	2026-08-18	2026-09-02	manual_work	40000.0 - 83600.0 USD per year
Crash Champions	crashchampions.com	Collision	Detail Technician	Chicago, Illinois, United States, Northern America, Americas	https://careers.crashchampions.com/chicago-il/detail-technician/FA0558B6008F4150A716D62D9926A0B0/job	2026-08-18	2026-09-18	manual_work	16.6 - 25.0 USD per hour
Crash Champions	crashchampions.com	Collision	ATE Field Technician	Michigan, United States, Northern America, Americas	https://careers.crashchampions.com/clarkston-mi/ate-field-technician/7A633E24D292496B877AF4A0C0B2F27B/job	2026-08-18	2026-10-02	engineering,operations	25.0 - 40.0 USD per hour
Crash Champions	crashchampions.com	Collision	Collision Estimator	Fort Worth, Texas, United States, Northern America, Americas	https://careers.crashchampions.com/fort-worth-tx/collision-estimator/8CBF58FE6D9246B88827D3514D9F5B3B/job	2026-08-18	2026-09-09	operations	65000.0 - 146475.0 USD per year
Crash Champions	crashchampions.com	Collision	Auto Body Technician	St. Augustine, Florida, United States, Northern America, Americas	https://careers.crashchampions.com/st-augustine-fl/auto-body-technician/1D0595A037A944E0B6B4B40C59368CD4/job	2026-08-18	2026-09-09	manual_work	65000.0 - 158220.0 USD per year
Crash Champions	crashchampions.com	Collision	Auto Body Technician	Pleasanton, California, United States, Northern America, Americas	https://careers.crashchampions.com/pleasanton-ca/auto-body-technician/F02E4BF83FBE453BAD4360BF22515321/job	2026-08-18	2026-10-03	manual_work	73710.0 - 180000.0 USD per year
Crash Champions	crashchampions.com	Collision	Auto Body Technician	Clarksville, Tennessee, United States, Northern America, Americas	https://careers.crashchampions.com/clarksville-tn/auto-body-technician/A469554F9FDD45DA844734331AA34BB6/job	2026-08-18	2026-10-03	manual_work	65000.0 - 152460.0 USD per year
Crash Champions	crashchampions.com	Collision	Paint Prepper	Seattle, Washington, United States, Northern America, Americas	https://careers.crashchampions.com/seattle-wa/paint-prepper/115A600517BA4ECD83A434A2362D5489/job	2026-08-18	2026-10-03	manual_work	43760.0 - 100000.0 USD per year
Crash Champions	crashchampions.com	Collision	Detail Technician	Georgia, United States, Northern America, Americas	https://careers.crashchampions.com/jonesboro-ga/detail-technician/861565679AC7475CA9A3F368EB99638A/job	2026-08-18	2026-09-09	manual_work	10.0 - 24.25 USD per hour
Crash Champions	crashchampions.com	Collision	Detail Technician	Las Vegas, Nevada, United States, Northern America, Americas	https://careers.crashchampions.com/las-vegas-nv/detail-technician/7C367A80A6564EE38C563AD9BCEED610/job	2026-08-18	2026-09-02	manual_work	12.0 - 25.0 USD per hour
Crash Champions	crashchampions.com	Collision	Detail Technician	Byram, Mississippi, United States, Northern America, Americas	https://careers.crashchampions.com/byram-ms/detail-technician/283AA1775AFB436FA1AD4586D5E4B562/job	2026-08-18	2026-09-17	manual_work	10.0 - 21.1 USD per hour
Crash Champions	crashchampions.com	Collision	Collision Estimator	Hagerstown, Maryland, United States, Northern America, Americas	https://careers.crashchampions.com/hagerstown-md/collision-estimator/C9BC61A031EF4F989BF6410B176A4F80/job	2026-08-18	2026-09-17	operations	65000.0 - 139810.0 USD per year
Crash Champions	crashchampions.com	Collision	ATE - Field Apprentice	Port St. Lucie, Florida, United States, Northern America, Americas	https://careers.crashchampions.com/port-st-lucie-fl/ate-field-apprentice/B9E5EE3F5432471CA9A177F9F8139AA9/job	2026-08-18	2026-09-17	engineering,manual_work	18.0 - 21.0 USD per hour
Crash Champions	crashchampions.com	Collision	Automotive Mechanic	Oklahoma City, Oklahoma, United States, Northern America, Americas	https://careers.crashchampions.com/oklahoma-city-ok/automotive-mechanic/EA9B2F8093D241E5AF474F5D57F85611/job	2026-08-17	2026-09-08	manual_work	50000.0 - 126000.0 USD per year
Crash Champions	crashchampions.com	Collision	Auto Body Technician	Orlando, Florida, United States, Northern America, Americas	https://careers.crashchampions.com/orlando-fl/auto-body-technician/3506E14017844D63819E4D560D0AA0AD/job	2026-08-15	2026-09-22	manual_work	65000.0 - 158760.0 USD per year
Crash Champions	crashchampions.com	Collision	Paint Technician	Henderson, Nevada, United States, Northern America, Americas	https://careers.crashchampions.com/henderson-nv/paint-technician/136ED2272CE04A77A323752ADA153F03/job	2026-08-15	2026-09-06	manual_work	75000.0 - 183300.0 USD per year
Crash Champions	crashchampions.com	Collision	Collision Estimator	Tampa, Florida, United States, Northern America, Americas	https://careers.crashchampions.com/tampa-fl/collision-estimator/57E1618364214B0EB79850E05B5FE1C6/job	2026-08-15	2026-09-06	operations	65000.0 - 140895.0 USD per year
Crash Champions	crashchampions.com	Collision	Customer Service Representative	Jacksonville, Florida, United States, Northern America, Americas	https://careers.crashchampions.com/jacksonville-fl/customer-service-representative/66868EAD72504C6F8E622F9A5910E18A/job	2026-08-15	2026-09-06	support	14.0 - 23.65 USD per hour
Crash Champions	crashchampions.com	Collision	Customer Service Representative	Renton, Washington, United States, Northern America, Americas	https://careers.crashchampions.com/renton-wa/customer-service-representative/320BC6CCB619458F89CDAC148596EEA9/job	2026-08-14	2026-09-22	support	20.9 - 25.0 USD per hour
Crash Champions	crashchampions.com	Collision	Collision Estimator	Colorado Springs, Colorado, United States, Northern America, Americas	https://careers.crashchampions.com/colorado-springs-co/collision-estimator/55614F082B7F43C09EACFCD125D03984/job	2026-08-14	2026-09-22	operations	65000.0 - 143220.0 USD per year
Crash Champions	crashchampions.com	Collision	Customer Service Representative	San Jose, California, United States, Northern America, Americas	https://careers.crashchampions.com/san-jose-ca/customer-service-representative/DA55F20005874DC9A9D20FC5B7CA226B/job	2026-08-14	2026-09-13	support	18.45 - 25.0 USD per hour
Crash Champions	crashchampions.com	Collision	Auto Body Technician	Houston, Texas, United States, Northern America, Americas	https://careers.crashchampions.com/houston-tx/auto-body-technician/896ECD772F634377B716EA5DCF01B89F/job	2026-08-14	2026-09-14	manual_work	67080.0 - 180000.0 USD per year
Crash Champions	crashchampions.com	Collision	Auto Body Technician	Colorado Springs, Colorado, United States, Northern America, Americas	https://careers.crashchampions.com/colorado-springs-co/auto-body-technician/E8B35ED3B9AF43BD8ED91A2C1A921C69/job	2026-08-14	2026-09-06	manual_work	65000.0 - 166320.0 USD per year
Crash Champions	crashchampions.com	Collision	Collision Estimator	Lombard, Illinois, United States, Northern America, Americas	https://careers.crashchampions.com/lombard-il/collision-estimator/676F165F91ED4EF1A707EF39221997A8/job	2026-08-14	2026-10-03	operations	65000.0 - 150815.0 USD per year
Crash Champions	crashchampions.com	Collision	Parts Manager	Illinois, United States, Northern America, Americas	https://careers.crashchampions.com/deer-park-il/parts-manager/AC83F7F85A43453DBE598E36E84AF562/job	2026-08-14	2026-09-06	operations	15.51 - 30.0 USD per hour
Crash Champions	crashchampions.com	Collision	Auto Body Technician	Duluth, Georgia, United States, Northern America, Americas	https://careers.crashchampions.com/duluth-ga/auto-body-technician/68D4E51BFC3C45B69DC8B7A945E75F47/job	2026-08-14	2026-09-02	manual_work	65000.0 - 172260.0 USD per year
Crash Champions	crashchampions.com	Collision	Associate Service Advisor	Crest Hill, Illinois, United States, Northern America, Americas	https://careers.crashchampions.com/crest-hill-il/associate-service-advisor/F31463E57AFF4D0E8ED224FB7ACDE5D2/job	2026-08-14	2026-09-13	support	15.47 - 25.0 USD per hour
Crash Champions	crashchampions.com	Collision	Auto Body Technician	Spring Hill, Florida, United States, Northern America, Americas	https://careers.crashchampions.com/spring-hill-fl/auto-body-technician/C37383D2E51F4B3F8E0A6B37F7A596B3/job	2026-08-13	2026-10-03	manual_work	65000.0 - 161460.0 USD per year
Crash Champions	crashchampions.com	Collision	Detail Technician	San Jose, California, United States, Northern America, Americas	https://careers.crashchampions.com/san-jose-ca/detail-technician/19FC4A16B5F74673AB10C6F0B0FC7BC1/job	2026-08-13	2026-09-21	manual_work	18.45 - 25.0 USD per hour
Crash Champions	crashchampions.com	Collision	Collision Estimator	Dallas, Texas, United States, Northern America, Americas	https://careers.crashchampions.com/dallas-tx/collision-estimator/39C41C1C4BDC47AB9C912DD9C1EDF2D9/job	2026-08-13	2026-09-13	operations	65000.0 - 153915.0 USD per year
Crash Champions	crashchampions.com	Collision	Detail Technician	Henrietta, New York, United States, Northern America, Americas	https://careers.crashchampions.com/west-henrietta-ny/detail-technician/A06D665DEFC84787848F20DC7CD2D4EA/job	2026-08-13	2026-09-05	manual_work	15.5 - 25.0 USD per hour
Crash Champions	crashchampions.com	Collision	Detail Technician	Bel Air, Maryland, United States, Northern America, Americas	https://careers.crashchampions.com/bel-air-md/detail-technician/D0650902396F40D892A5E45D1C2B9B7D/job	2026-08-13	2026-10-03	manual_work	15.0 - 25.0 USD per hour
Crash Champions	crashchampions.com	Collision	Parts Assistant	Spring Hill, Florida, United States, Northern America, Americas	https://careers.crashchampions.com/spring-hill-fl/parts-assistant/C98BCC8C59C14AFEBAB87C91C38D35E1/job	2026-08-13	2026-09-13	operations	14.0 - 23.25 USD per hour
Crash Champions	crashchampions.com	Collision	Parts Assistant	Sunrise, Florida, United States, Northern America, Americas	https://careers.crashchampions.com/sunrise-fl/parts-assistant/8571F563E25C4C069778B8E5ABC7D0F0/job	2026-08-13	2026-09-21	operations	14.0 - 24.6 USD per hour
Crash Champions	crashchampions.com	Collision	Auto Body Technician	Pasadena, California, United States, Northern America, Americas	https://careers.crashchampions.com/pasadena-ca/auto-body-technician/E09ACEF7AC374CF787A48F33BC7CC359/job	2026-08-13	2026-10-03	manual_work	69940.0 - 180000.0 USD per year
Crash Champions	crashchampions.com	Collision	Auto Body Technician	Asheville, North Carolina, United States, Northern America, Americas	https://careers.crashchampions.com/asheville-nc/auto-body-technician/3B84E253F26B4FC69F2FB3FB344F2A15/job	2026-08-13	2026-10-03	manual_work	65000.0 - 163440.0 USD per year
Crash Champions	crashchampions.com	Collision	Auto Body Technician	Stroudsburg, Pennsylvania, United States, Northern America, Americas	https://careers.crashchampions.com/stroudsburg-pa/auto-body-technician/F7B588327EC743D5A2E45C646E83FFFE/job	2026-08-13	2026-10-03	manual_work	65000.0 - 165960.0 USD per year
Crash Champions	crashchampions.com	Collision	Collision Estimator	Chicago, Illinois, United States, Northern America, Americas	https://careers.crashchampions.com/chicago-il/collision-estimator/E869EE280951400398C40B4B00622B7C/job	2026-08-13	2026-10-03	operations	65000.0 - 154380.0 USD per year
Crash Champions	crashchampions.com	Collision	Detail Specialist	Neptune, New Jersey, United States, Northern America, Americas	https://careers.crashchampions.com/neptune-city-nj/detail-specialist/257F3D9491464CC3A4672A429E9ADDC3/job	2026-08-13	2026-09-13	operations	15.49 - 25.0 USD per hour
Crash Champions	crashchampions.com	Collision	Customer Service Representative	Spring Hill, Florida, United States, Northern America, Americas	https://careers.crashchampions.com/spring-hill-fl/customer-service-representative/E4B154452D0F4A2DA5D14BDA78E6B760/job	2026-08-13	2026-09-13	support	14.0 - 23.25 USD per hour
Crash Champions	crashchampions.com	Collision	Auto Body Technician	West Haven, Connecticut, United States, Northern America, Americas	https://careers.crashchampions.com/west-haven-ct/auto-body-technician/AF728114B69A408FBFFB9BE0639EBBBC/job	2026-08-13	2026-10-03	manual_work	65065.0 - 180000.0 USD per year
Crash Champions	crashchampions.com	Collision	Collision Estimator	Oklahoma City, Oklahoma, United States, Northern America, Americas	https://careers.crashchampions.com/oklahoma-city-ok/collision-estimator/A50A2396B5C54D1B92A101BCEE2A9488/job	2026-08-13	2026-09-29	operations	65000.0 - 129580.0 USD per year
Crash Champions	crashchampions.com	Collision	Auto Body Technician	Midvale, Utah, United States, Northern America, Americas	https://careers.crashchampions.com/midvale-ut/auto-body-technician/F07DB6F1BD0B462ABF0670F2D764748D/job	2026-08-12	2026-09-20	manual_work	65000.0 - 162720.0 USD per year
Crash Champions	crashchampions.com	Collision	ATE Field Mechanical Technician	Batavia, Illinois, United States, Northern America, Americas	https://careers.crashchampions.com/batavia-il/ate-field-mechanical-technician/C3672A29EEB94854A780D31FB8FE854C/job	2026-08-12	2026-10-03	engineering,operations	25.0 - 40.0 USD per hour
Crash Champions	crashchampions.com	Collision	Customer Service Representative	Burien, Washington, United States, Northern America, Americas	https://careers.crashchampions.com/burien-wa/customer-service-representative/C281A3B06B3E4A739E86424985250C02/job	2026-08-12	2026-09-12	support	21.16 - 25.0 USD per hour
Crash Champions	crashchampions.com	Collision	Auto Body Technician	Houston, Texas, United States, Northern America, Americas	https://careers.crashchampions.com/houston-tx/auto-body-technician/0123FE52589641EEAD406848553D911B/job	2026-08-12	2026-09-04	manual_work	67015.0 - 180000.0 USD per year
Crash Champions	crashchampions.com	Collision	Paint Technician	Spring Hill, Florida, United States, Northern America, Americas	https://careers.crashchampions.com/spring-hill-fl/paint-technician/744ACA849C66439BA43BC26DE99B6CF8/job	2026-08-12	2026-10-04	manual_work	75000.0 - 174915.0 USD per year
Crash Champions	crashchampions.com	Collision	Customer Service Representative	Little Rock, Arkansas, United States, Northern America, Americas	https://careers.crashchampions.com/little-rock-ar/customer-service-representative/00F28272008C4D9996332E3EC00C75AC/job	2026-08-12	2026-09-09	support	
Crash Champions	crashchampions.com	Collision	Parts Manager	Baltimore, Maryland, United States, Northern America, Americas	https://careers.crashchampions.com/baltimore-md/parts-manager/8BC4543025F24341A91DA44E619ED2CE/job	2026-08-12	2026-09-04	operations	15.17 - 30.0 USD per hour
Crash Champions	crashchampions.com	Collision	Collision Estimator	Fountain, Colorado, United States, Northern America, Americas	https://careers.crashchampions.com/fountain-co/collision-estimator/9FFD3AB801A646C89977BE7BEE33D9BC/job	2026-08-12	2026-10-03	operations	65000.0 - 142755.0 USD per year
Crash Champions	crashchampions.com	Collision	Detail Technician	Hilliard, Ohio, United States, Northern America, Americas	https://careers.crashchampions.com/hilliard-oh/detail-technician/50853CCE28394F1D95153B372485851E/job	2026-08-12	2026-09-04	manual_work	10.7 - 24.35 USD per hour
Crash Champions	crashchampions.com	Collision	Auto Body Technician	Spokane, Washington, United States, Northern America, Americas	https://careers.crashchampions.com/spokane-wa/auto-body-technician/3C50F8B9D44C45B19312A407E25924E4/job	2026-08-12	2026-09-17	manual_work	65000.0 - 159480.0 USD per year
Crash Champions	crashchampions.com	Collision	Parts Manager	Castle Rock, Colorado, United States, Northern America, Americas	https://careers.crashchampions.com/castle-rock-co/parts-manager/EE7B7EEFA1674C7F9229203EE846906A/job	2026-08-12	2026-10-03	operations	15.32 - 30.0 USD per hour
Crash Champions	crashchampions.com	Collision	Auto Body Technician	Avon, Ohio, United States, Northern America, Americas	https://careers.crashchampions.com/avon-oh/auto-body-technician/D3E6D9F666C34D31A3D3F77DBE42482D/job	2026-08-11	2026-09-19	manual_work	65000.0 - 161640.0 USD per year
Crash Champions	crashchampions.com	Collision	Auto Body Technician	Oakland, California, United States, Northern America, Americas	https://careers.crashchampions.com/oakland-ca/auto-body-technician/EB4DF6424B9342FF89C7D2CFA003C30D/job	2026-08-11	2026-10-04	manual_work	73320.0 - 180000.0 USD per year
Crash Champions	crashchampions.com	Collision	General Manager	Hobe Sound, Florida, United States, Northern America, Americas	https://careers.crashchampions.com/hobe-sound-fl/general-manager/ED9082482CF147CA9F9608840B7EB71E/job	2026-08-11	2026-09-03	operations	75000.0 - 132450.0 USD per year
Crash Champions	crashchampions.com	Collision	Customer Service Representative	Columbia, South Carolina, United States, Northern America, Americas	https://careers.crashchampions.com/west-columbia-sc/customer-service-representative/D88C20A45E104398B79F98F19E99294A/job	2026-08-11	2026-09-03	support	65000.0 - 180000.0 USD per year
Crash Champions	crashchampions.com	Collision	Paint Prepper	Topeka, Kansas, United States, Northern America, Americas	https://careers.crashchampions.com/topeka-ks/paint-prepper/709BDDCD90F643A68689446071869563/job	2026-08-11	2026-09-02	manual_work	40000.0 - 82800.0 USD per year
Crash Champions	crashchampions.com	Collision	Paint Technician	Georgia, United States, Northern America, Americas	https://careers.crashchampions.com/jonesboro-ga/paint-technician/A301F5505B574A73B1E4766D4EDCD5B2/job	2026-08-11	2026-09-03	manual_work	75000.0 - 186615.0 USD per year
Crash Champions	crashchampions.com	Collision	Collision Estimator	Colorado Springs, Colorado, United States, Northern America, Americas	https://careers.crashchampions.com/colorado-springs-co/collision-estimator/D7369D0A6EA04F9BB415B1E72FEA5449/job	2026-08-11	2026-09-27	operations	65000.0 - 143220.0 USD per year
Crash Champions	crashchampions.com	Collision	Auto Body Technician	Crestwood, Illinois, United States, Northern America, Americas	https://careers.crashchampions.com/crestwood-il/auto-body-technician/226A6450532D4965B90CD458B83060CF/job	2026-08-11	2026-10-03	manual_work	65000.0 - 175140.0 USD per year
Crash Champions	crashchampions.com	Collision	ATE Field Technician	Pittsburgh, Pennsylvania, United States, Northern America, Americas	https://careers.crashchampions.com/pittsburgh-pa/ate-field-technician/DD592CE6357E4C25969E7DC5AC602D36/job	2026-08-11	2026-10-02	engineering,information_technology	25.0 - 40.0 USD per hour
Crash Champions	crashchampions.com	Collision	Paint Technician	Michigan, United States, Northern America, Americas	https://careers.crashchampions.com/clarkston-mi/paint-technician/FF599A5F588B41019E89735150330AF2/job	2026-08-10	2026-09-10	manual_work	75000.0 - 195000.0 USD per year
Crash Champions	crashchampions.com	Collision	Detail Technician	Michigan, United States, Northern America, Americas	https://careers.crashchampions.com/clarkston-mi/detail-technician/A907935B4D224700B360255E68DD978E/job	2026-08-10	2026-09-10	manual_work	10.0 - 25.0 USD per hour
Crash Champions	crashchampions.com	Collision	Collision Estimator	Richmond, California, United States, Northern America, Americas	https://careers.crashchampions.com/richmond-ca/collision-estimator/E30966A735CE47AC8CB135A04C944521/job	2026-08-10	2026-09-18	operations	73255.0 - 155000.0 USD per year
Crash Champions	crashchampions.com	Collision	Collision Estimator	Michigan, United States, Northern America, Americas	https://careers.crashchampions.com/clarkston-mi/collision-estimator/88771F0717BB4F478E30B71DC7F9E48C/job	2026-08-10	2026-09-18	operations	65000.0 - 150000.0 USD per year
Crash Champions	crashchampions.com	Collision	Customer Service Representative	Michigan, United States, Northern America, Americas	https://careers.crashchampions.com/clarkston-mi/customer-service-representative/F0789061660D47399F30334DB316D48B/job	2026-08-10	2026-09-02	support	10.0 - 25.0 USD per hour
Crash Champions	crashchampions.com	Collision	Auto Body Technician	Michigan, United States, Northern America, Americas	https://careers.crashchampions.com/clarkston-mi/auto-body-technician/430FADDCCC1E4891A850952B746E7C4C/job	2026-08-10	2026-09-18	manual_work	65000.0 - 180000.0 USD per year
Crash Champions	crashchampions.com	Collision	Collision Estimator	Naperville, Illinois, United States, Northern America, Americas	https://careers.crashchampions.com/naperville-il/collision-estimator/D9019E2D66D147D189301E12CF9C4D1D/job	2026-08-10	2026-10-04	operations	65000.0 - 150970.0 USD per year
Crash Champions	crashchampions.com	Collision	ATE Field Technician	Riviera Beach, Florida, United States, Northern America, Americas	https://careers.crashchampions.com/riviera-beach-fl/ate-field-technician/6757B3FF06AC4A0DA209DB8619BC4782/job	2026-08-10	2026-10-04	engineering,information_technology	25.0 - 40.0 USD per hour
Crash Champions	crashchampions.com	Collision	Auto Body Technician	Seattle, Washington, United States, Northern America, Americas	https://careers.crashchampions.com/seattle-wa/auto-body-technician/474CFD1C735742F18A164DF498F3263F/job	2026-08-10	2026-09-18	manual_work	69680.0 - 180000.0 USD per year
Crash Champions	crashchampions.com	Collision	Auto Body Technician	East Hartford, Connecticut, United States, Northern America, Americas	https://careers.crashchampions.com/east-hartford-ct/auto-body-technician/CACCF7BE99384E7CB87D035C4186A1CB/job	2026-08-10	2026-09-02	manual_work	65000.0 - 176940.0 USD per year
Crash Champions	crashchampions.com	Collision	ATE Field Technician	Michigan, United States, Northern America, Americas	https://careers.crashchampions.com/clarkston-mi/ate-field-technician/E0364FD6A7D044DD8E16BCCE8F90A4A9/job	2026-08-10	2026-09-02	engineering,information_technology	25.0 - 40.0 USD per hour
Crash Champions	crashchampions.com	Collision	Customer Service Representative	Redmond, Washington, United States, Northern America, Americas	https://careers.crashchampions.com/redmond-wa/customer-service-representative/B5DF6E3FDD0340F1ABC9D365B808649F/job	2026-08-08	2026-09-08	support	16.66 - 25.0 USD per hour
Crash Champions	crashchampions.com	Collision	Associate Service Advisor	Norman, Oklahoma, United States, Northern America, Americas	https://careers.crashchampions.com/norman-ok/associate-service-advisor/09EC5A35E7CF41B2A25E7E1F0D1D3465/job	2026-08-08	2026-09-08	support	15.0 - 21.55 USD per hour
Crash Champions	crashchampions.com	Collision	Auto Body Technician	Chula Vista, California, United States, Northern America, Americas	https://careers.crashchampions.com/chula-vista-ca/auto-body-technician/A24BAFBD43E946E38214074F88B61F16/job	2026-08-08	2026-09-16	manual_work	66430.0 - 180000.0 USD per year
Crash Champions	crashchampions.com	Collision	Auto Body Technician	Cuyahoga Falls, Ohio, United States, Northern America, Americas	https://careers.crashchampions.com/cuyahoga-falls-oh/auto-body-technician/709DE359C31141AEBC926FF77E4F492F/job	2026-08-08	2026-09-16	healthcare_services,manual_work	65000.0 - 159300.0 USD per year
Crash Champions	crashchampions.com	Collision	Auto Body Technician	Cleveland Heights, Ohio, United States, Northern America, Americas	https://careers.crashchampions.com/cleveland-heights-oh/auto-body-technician/4A887A40DED24D5D90211BAA5AAB53CC/job	2026-08-08	2026-09-08	manual_work	65000.0 - 162000.0 USD per year
Crash Champions	crashchampions.com	Collision	Associate Service Advisor	Merrimack, New Hampshire, United States, Northern America, Americas	https://careers.crashchampions.com/merrimack-nh/associate-service-advisor/06512B64140F43C69CAA5FF01897E993/job	2026-08-07	2026-09-16	support	15.0 - 25.0 USD per hour
Crash Champions	crashchampions.com	Collision	Associate Service Advisor	Spring, Texas, United States, Northern America, Americas	https://careers.crashchampions.com/spring-branch-tx/associate-service-advisor/3C7C70BBD2A44DE1A6A88B25E9C94864/job	2026-08-07	2026-10-03	support	15.0 - 21.05 USD per hour
Crash Champions	crashchampions.com	Collision	Collision Estimator	Orlando, Florida, United States, Northern America, Americas	https://careers.crashchampions.com/orlando-fl/collision-estimator/D93BAACAA7334529B1CB44AA6AAE8F24/job	2026-08-07	2026-09-30	operations	65000.0 - 137795.0 USD per year
Crash Champions	crashchampions.com	Collision	Detail Technician	Chicago, Illinois, United States, Northern America, Americas	https://careers.crashchampions.com/chicago-il/detail-technician/D08BD67846784C96835E78B37326DA94/job	2026-08-07	2026-10-02	manual_work	16.6 - 25.0 USD per hour
Crash Champions	crashchampions.com	Collision	Auto Body Technician	Maryland, United States, Northern America, Americas	https://careers.crashchampions.com/mechanicsville-md/auto-body-technician/1A9EF2021CD24BC9BC791499E5E6BA56/job	2026-08-07	2026-10-02	manual_work	66820.0 - 180000.0 USD per year
Crash Champions	crashchampions.com	Collision	Porter	Schaumburg, Illinois, United States, Northern America, Americas	https://careers.crashchampions.com/schaumburg-il/porter/A72000B2C96E4D998E9E7D49A887A560/job	2026-08-07	2026-09-06	manual_work	15.0 - 20.0 USD per hour
Crash Champions	crashchampions.com	Collision	Auto Body Technician	Brunswick, Ohio, United States, Northern America, Americas	https://careers.crashchampions.com/brunswick-oh/auto-body-technician/B99AD4EC086E47BC8728088C809FE329/job	2026-08-07	2026-09-14	manual_work	65000.0 - 161820.0 USD per year
Crash Champions	crashchampions.com	Collision	Associate Service Advisor	Chicago, Illinois, United States, Northern America, Americas	https://careers.crashchampions.com/chicago-il/associate-service-advisor/EEB7E5F5158848D381A0EFC6B7C88AB3/job	2026-08-07	2026-09-14	support,operations	16.6 - 25.0 USD per hour
Crash Champions	crashchampions.com	Collision	Collision General Manager	Morton Grove, Illinois, United States, Northern America, Americas	https://careers.crashchampions.com/morton-grove-il/collision-general-manager/011CC15A93214D84B5D13A4E4FEA7833/job	2026-08-07	2026-09-30	management,operations	75000.0 - 145800.0 USD per year
Crash Champions	crashchampions.com	Collision	Auto Body Technician	Champaign, Illinois, United States, Northern America, Americas	https://careers.crashchampions.com/champaign-il/auto-body-technician/7842D633C64D495F9DB21BF97E74F06E/job	2026-08-06	2026-10-04	manual_work	65000.0 - 161100.0 USD per year
Crash Champions	crashchampions.com	Collision	Auto Body Technician	Chandler, Arizona, United States, Northern America, Americas	https://careers.crashchampions.com/chandler-az/auto-body-technician/FC43F4BECC77407E9D41863B1DF14361/job	2026-08-06	2026-09-22	manual_work	65000.0 - 159840.0 USD per year
Crash Champions	crashchampions.com	Collision	Auto Body Technician	Mesa, Arizona, United States, Northern America, Americas	https://careers.crashchampions.com/mesa-az/auto-body-technician/7F098889679A4D32B8553A95CD3780C0/job	2026-08-06	2026-10-04	manual_work	65000.0 - 159480.0 USD per year
Crash Champions	crashchampions.com	Collision	Auto Body Technician	Bozeman, Montana, United States, Northern America, Americas	https://careers.crashchampions.com/bozeman-mt/auto-body-technician/5170E7BC6EE1477892F18CE0106767CB/job	2026-08-06	2026-10-04	manual_work	65000.0 - 151380.0 USD per year
Crash Champions	crashchampions.com	Collision	Collision Estimator	Gaithersburg, Maryland, United States, Northern America, Americas	https://careers.crashchampions.com/gaithersburg-md/collision-estimator/E81FE5050205441390C2F9ECA05BCBA5/job	2026-08-06	2026-10-04	operations	69225.0 - 155000.0 USD per year
Crash Champions	crashchampions.com	Collision	Auto Body Technician	Dallas, Texas, United States, Northern America, Americas	https://careers.crashchampions.com/dallas-tx/auto-body-technician/D18177CD56D448AF8ACF2DA87AB1809B/job	2026-08-06	2026-09-05	manual_work	65000.0 - 180000.0 USD per year
Crash Champions	crashchampions.com	Collision	Auto Body Technician	Tolleson, Arizona, United States, Northern America, Americas	https://careers.crashchampions.com/tolleson-az/auto-body-technician/45B03CA12D86410DBAA0E7B9EC6C6F8E/job	2026-08-06	2026-09-05	manual_work	65000.0 - 159120.0 USD per year
Crash Champions	crashchampions.com	Collision	Parts Manager	Harrisburg, North Carolina, United States, Northern America, Americas	https://careers.crashchampions.com/harrisburg-nc/parts-manager/49C9201192BB4DD5B92CD295EF83F869/job	2026-08-06	2026-09-21	operations	15.0 - 28.6 USD per hour
Crash Champions	crashchampions.com	Collision	Auto Body Technician	Las Vegas, Nevada, United States, Northern America, Americas	https://careers.crashchampions.com/las-vegas-nv/auto-body-technician/08D5BFBE91FC48D793DD44BFF9654B6A/job	2026-08-06	2026-10-04	manual_work	65000.0 - 168660.0 USD per year
Crash Champions	crashchampions.com	Collision	Auto Body Technician	Nampa, Idaho, United States, Northern America, Americas	https://careers.crashchampions.com/nampa-id/auto-body-technician/48DC147DDAD642C49DA25CBC94F1F598/job	2026-08-06	2026-10-04	manual_work	65000.0 - 151380.0 USD per year
Crash Champions	crashchampions.com	Collision	Auto Body Technician	Memphis, Tennessee, United States, Northern America, Americas	https://careers.crashchampions.com/memphis-tn/auto-body-technician/680FA6E9533B4095B792C65E52E99D76/job	2026-08-05	2026-10-03	manual_work	65000.0 - 157320.0 USD per year
Crash Champions	crashchampions.com	Collision	Auto Body Technician	Fort Worth, Texas, United States, Northern America, Americas	https://careers.crashchampions.com/fort-worth-tx/auto-body-technician/29DADCDE460A4BCB833C9F4EBC889E41/job	2026-08-05	2026-09-20	manual_work	65000.0 - 169920.0 USD per year
Crash Champions	crashchampions.com	Collision	Automotive Mechanic	Irving, Texas, United States, Northern America, Americas	https://careers.crashchampions.com/irving-tx/automotive-mechanic/0B7B531243D948348E82C68DF5A86B99/job	2026-08-05	2026-09-04	manual_work	50000.0 - 148950.0 USD per year
Crash Champions	crashchampions.com	Collision	Auto Body Technician	Orlando, Florida, United States, Northern America, Americas	https://careers.crashchampions.com/orlando-fl/auto-body-technician/8D37802ACCFB408A81C27CDCED8A6FBF/job	2026-08-05	2026-10-02	manual_work	65000.0 - 160020.0 USD per year
Crash Champions	crashchampions.com	Collision	Associate Service Advisor	Waukesha, Wisconsin, United States, Northern America, Americas	https://careers.crashchampions.com/waukesha-wi/associate-service-advisor/68E60DD9DB944E67873F0F3363BE543B/job	2026-08-05	2026-09-28	support	15.0 - 24.15 USD per hour
Crash Champions	crashchampions.com	Collision	Auto Body Technician	Columbus, Ohio, United States, Northern America, Americas	https://careers.crashchampions.com/columbus-oh/auto-body-technician/B7D48AF5349B441B8C22EE89F5F857D4/job	2026-08-04	2026-09-20	manual_work	65000.0 - 161640.0 USD per year
Crash Champions	crashchampions.com	Collision	Auto Body Technician	Fort Collins, Colorado, United States, Northern America, Americas	https://careers.crashchampions.com/ft-collins-co/auto-body-technician/975944E8DFAE47D3A5D8788A234EEA49/job	2026-08-04	2026-09-12	manual_work	65000.0 - 168480.0 USD per year
Crash Champions	crashchampions.com	Collision	Paint Prepper	Columbus, Ohio, United States, Northern America, Americas	https://careers.crashchampions.com/columbus-oh/paint-prepper/26B2A3C124DB4E2DA448778373789359/job	2026-08-04	2026-10-04	manual_work	40000.0 - 90800.0 USD per year
Crash Champions	crashchampions.com	Collision	HR Business Partner, Southwest	Arizona, United States, Northern America, Americas	https://careers.crashchampions.com/arizona-az/hr-business-partner-southwest/0A10E5847F064790A19FC82F8421BB40/job	2026-08-04	2026-09-19	human_resources	75000.0 - 105000.0 USD per year
Crash Champions	crashchampions.com	Collision	Auto Body Technician	Charleston, South Carolina, United States, Northern America, Americas	https://careers.crashchampions.com/charleston-sc/auto-body-technician/984517848ED74B71944F7F43AB17777B/job	2026-08-04	2026-09-11	manual_work	65000.0 - 157680.0 USD per year
Crash Champions	crashchampions.com	Collision	Collision Estimator	Tampa, Florida, United States, Northern America, Americas	https://careers.crashchampions.com/tampa-fl/collision-estimator/7E567C2CB71B4910A92A822FF4DC070A/job	2026-08-04	2026-09-28	operations	65000.0 - 140895.0 USD per year
Crash Champions	crashchampions.com	Collision	ATE - Field Apprentice	Chicago, Illinois, United States, Northern America, Americas	https://careers.crashchampions.com/chicago-il/ate-field-apprentice/91605E9290F1451E9EC62CFF47328BB5/job	2026-08-04	2026-09-04	manual_work	18.0 - 21.0 USD per hour
Crash Champions	crashchampions.com	Collision	Auto Body Technician	Parma, Ohio, United States, Northern America, Americas	https://careers.crashchampions.com/parma-oh/auto-body-technician/A0ABDD08D18948A893E711F462B1812F/job	2026-08-04	2026-10-04	manual_work	65000.0 - 161820.0 USD per year
Crash Champions	crashchampions.com	Collision	Collision Estimator	Tampa, Florida, United States, Northern America, Americas	https://careers.crashchampions.com/tampa-fl/collision-estimator/902E58F7977841628B67A32B7177A886/job	2026-08-04	2026-09-11	operations	65000.0 - 140895.0 USD per year
Crash Champions	crashchampions.com	Collision	Auto Body Technician	Murfreesboro, Tennessee, United States, Northern America, Americas	https://careers.crashchampions.com/murfreesboro-tn/auto-body-technician/8FE6EE4D7C3D4DCBA6A700B81A1A4457/job	2026-08-04	2026-09-03	manual_work	65000.0 - 160740.0 USD per year
Crash Champions	crashchampions.com	Collision	Collision Estimator	Portland, Oregon, United States, Northern America, Americas	https://careers.crashchampions.com/portland-or/collision-estimator/9F6E18FFFC124D4EBA4D91B612DAEC09/job	2026-08-04	2026-09-03	operations	65000.0 - 146010.0 USD per year
Crash Champions	crashchampions.com	Collision	ATE Field Technician	San Jose, California, United States, Northern America, Americas	https://careers.crashchampions.com/san-jose-ca/ate-field-technician/73611A7E23A14C1A9C5BFE6E99B6555D/job	2026-08-04	2026-10-04	information_technology,engineering	25.0 - 40.0 USD per hour
Crash Champions	crashchampions.com	Collision	Auto Body Technician	Tennessee, United States, Northern America, Americas	https://careers.crashchampions.com/antioch-tn/auto-body-technician/E30BD1A7CBE240FC8AB61BB197414EBD/job	2026-08-04	2026-10-04	manual_work	65000.0 - 160920.0 USD per year
Crash Champions	crashchampions.com	Collision	Collision Estimator	Valrico, Florida, United States, Northern America, Americas	https://careers.crashchampions.com/valrico-fl/collision-estimator/98C416DC1C78444481723BC44680B871/job	2026-08-04	2026-09-28	operations	65000.0 - 140895.0 USD per year
Crash Champions	crashchampions.com	Collision	Paint Technician	Tinley Park, Illinois, United States, Northern America, Americas	https://careers.crashchampions.com/tinley-park-il/paint-technician/BA39297B96EC4281B5B3EEA28A5C6E72/job	2026-08-01	2026-09-02	manual_work	75000.0 - 189540.0 USD per year
Crash Champions	crashchampions.com	Collision	LUXE Collision Estimator	Florida, United States, Northern America, Americas	https://careers.crashchampions.com/land-o-lakes-fl/luxe-collision-estimator/F317C3FE37F14BB89536D87297B78C78/job	2026-08-01	2026-09-08	operations	65000.0 - 138880.0 USD per year
Crash Champions	crashchampions.com	Collision	Auto Body Technician	Tampa, Florida, United States, Northern America, Americas	https://careers.crashchampions.com/tampa-fl/auto-body-technician/347A04189CD84C93BB5A2CA1F11532CA/job	2026-08-01	2026-09-16	manual_work	65000.0 - 163620.0 USD per year
Crash Champions	crashchampions.com	Collision	Porter	Urbana, Illinois, United States, Northern America, Americas	https://careers.crashchampions.com/urbana-il/porter/EA428B6564C240499052822F25C13D46/job	2026-08-01	2026-09-16	manual_work	15.0 - 19.5 USD per hour
Crash Champions	crashchampions.com	Collision	Collision Estimator	West Haven, Connecticut, United States, Northern America, Americas	https://careers.crashchampions.com/west-haven-ct/collision-estimator/F5FABD206AAA4D37B951AC0E0AAB4BD4/job	2026-08-01	2026-09-08	operations	65065.0 - 155000.0 USD per year
Crash Champions	crashchampions.com	Collision	Regional Parts Procurement Specialist - Mid North	United States, Northern America, Americas	https://careers.crashchampions.com/virtual-usa/regional-parts-procurement-specialist-mid-north/C14B019FB6E142A692BBEA8CD5D88247/job	2026-08-01	2026-10-03	purchasing,operations	75000 - 85000 USD per year
Crash Champions	crashchampions.com	Collision	Regional Parts Procurement Specialist - Central Plains	Plains, Pennsylvania, United States, Northern America, Americas	https://careers.crashchampions.com/virtual-usa/regional-parts-procurement-specialist-central-plains/1F13BDF5547C41D285F8E3E73EA286A8/job	2026-08-01	2026-10-02	purchasing,operations	75000 - 85000 USD per year
Crash Champions	crashchampions.com	Collision	Regional Parts Procurement Specialist - West Coast	United States, Northern America, Americas	https://careers.crashchampions.com/virtual-usa/regional-parts-procurement-specialist-west-coast/902BC1B1222042A49555D884EA43C144/job	2026-08-01	2026-10-02	purchasing,operations	75000.0 - 85000.0 USD per year
Crash Champions	crashchampions.com	Collision	Collision Estimator	Glen Burnie, Maryland, United States, Northern America, Americas	https://careers.crashchampions.com/glen-burnie-md/collision-estimator/26EFFC8E162446F2A2F25236752BFAC7/job	2026-08-01	2026-09-16	operations	65000.0 - 154690.0 USD per year
Crash Champions	crashchampions.com	Collision	General Manager	Nashville, Tennessee, United States, Northern America, Americas	https://careers.crashchampions.com/nashville-tn/general-manager/90243214ADA54F90B9A20D4238B1E2DF/job	2026-07-31	2026-09-24	operations	75000.0 - 135150.0 USD per year
Crash Champions	crashchampions.com	Collision	General Manager	Washington, District of Columbia, United States, Northern America, Americas	https://careers.crashchampions.com/washington-dc/general-manager/54E4DCC1F1864ACF8994E996675C32D8/job	2026-07-31	2026-09-08	operations,management	82125.0 - 150000.0 USD per year
Crash Champions	crashchampions.com	Collision	Associate Service Advisor	Illinois, United States, Northern America, Americas	https://careers.crashchampions.com/peotone-il/associate-service-advisor/D77CB230594C440B96422B8A4C5565E2/job	2026-07-31	2026-10-04	support	15.47 - 25.0 USD per hour
Crash Champions	crashchampions.com	Collision	Auto Body Technician	Frederick, Maryland, United States, Northern America, Americas	https://careers.crashchampions.com/frederick-md/auto-body-technician/B1568E961C4C4B8B9110489C419EC305/job	2026-07-31	2026-09-15	manual_work	67340.0 - 180000.0 USD per year
Crash Champions	crashchampions.com	Collision	Auto Body Technician	Quakertown, Pennsylvania, United States, Northern America, Americas	https://careers.crashchampions.com/quakertown-pa/auto-body-technician/C8A03519D2AE4AF69FDE6C2BA0C504D4/job	2026-07-31	2026-10-04	manual_work	65715.0 - 180000.0 USD per year
Crash Champions	crashchampions.com	Collision	Auto Body Technician	Baltimore, Maryland, United States, Northern America, Americas	https://careers.crashchampions.com/baltimore-md/auto-body-technician/A0D3B0C0F05D403C890C1FF64D0DD004/job	2026-07-31	2026-10-04	manual_work	65000.0 - 174060.0 USD per year
Crash Champions	crashchampions.com	Collision	Auto Body Technician	Bolingbrook, Illinois, United States, Northern America, Americas	https://careers.crashchampions.com/bolingbrook-il/auto-body-technician/C1B1973B82ED48038504AEA0759F61BF/job	2026-07-31	2026-10-04	manual_work	65000.0 - 175140.0 USD per year
Crash Champions	crashchampions.com	Collision	Associate Service Advisor	Huntingdon, Pennsylvania, United States, Northern America, Americas	https://careers.crashchampions.com/huntingdon-valley-pa/associate-service-advisor/4F6996EC116249F9ADAB27759585ADD7/job	2026-07-31	2026-10-04	support	15.56 - 25.0 USD per hour
Crash Champions	crashchampions.com	Collision	Collision Estimator	Berwyn, Illinois, United States, Northern America, Americas	https://careers.crashchampions.com/berwyn-il/collision-estimator/33245DF0D1964D61918A44836331A444/job	2026-07-30	2026-10-02	operations	65000.0 - 150660.0 USD per year
Crash Champions	crashchampions.com	Collision	Collision Estimator	Wichita, Kansas, United States, Northern America, Americas	https://careers.crashchampions.com/wichita-ks/collision-estimator/8CE560A378D5462EA5E7D0DD2166CF16/job	2026-07-30	2026-09-06	operations	65000.0 - 131130.0 USD per year
Crash Champions	crashchampions.com	Collision	Auto Body Technician	Columbiana, Ohio, United States, Northern America, Americas	https://careers.crashchampions.com/columbiana-oh/auto-body-technician/ECA13647322B4F0F819A308D11FAF9BD/job	2026-07-30	2026-10-02	manual_work	65000.0 - 150840.0 USD per year
Crash Champions	crashchampions.com	Collision	Collision Estimator	Olathe, Kansas, United States, Northern America, Americas	https://careers.crashchampions.com/olathe-ks/collision-estimator/1C82FDD664F6419E90D691718F7D2838/job	2026-07-30	2026-09-14	operations	65000.0 - 137795.0 USD per year
Crash Champions	crashchampions.com	Collision	Paint Technician	Columbus, Ohio, United States, Northern America, Americas	https://careers.crashchampions.com/columbus-oh/paint-technician/5044B903522C41179A35AF4F3410A614/job	2026-07-28	2026-09-05	manual_work	75000.0 - 175110.0 USD per year
Crash Champions	crashchampions.com	Collision	ATE Field Technician	Fremont, California, United States, Northern America, Americas	https://careers.crashchampions.com/fremont-ca/ate-field-technician/934BBE101D77442CBF72E77C04708E37/job	2026-07-28	2026-09-13	engineering,information_technology	25.0 - 40.0 USD per hour
Crash Champions	crashchampions.com	Collision	Auto Body Technician	Woodstock, Georgia, United States, Northern America, Americas	https://careers.crashchampions.com/woodstock-ga/auto-body-technician/A0CC8C48D2CE4B1D9C775F61D814EDE9/job	2026-07-28	2026-10-04	manual_work	65000.0 - 172080.0 USD per year
Crash Champions	crashchampions.com	Collision	Associate Service Advisor	Slinger, Wisconsin, United States, Northern America, Americas	https://careers.crashchampions.com/slinger-wi/associate-service-advisor/F97416DE032C4D06A3EBFCEE90E4104C/job	2026-07-28	2026-10-04	support	15.0 - 24.0 USD per hour
Crash Champions	crashchampions.com	Collision	Associate Service Advisor	Elgin, Illinois, United States, Northern America, Americas	https://careers.crashchampions.com/elgin-il/associate-service-advisor/F1D41AC652414CF1A3DA90F800B63DC1/job	2026-07-28	2026-09-22	support	15.09 - 25.0 USD per hour
Crash Champions	crashchampions.com	Collision	Auto Body Technician	Crete, Illinois, United States, Northern America, Americas	https://careers.crashchampions.com/crete-il/auto-body-technician/A58ED5A5125C4B828BA92463D4043018/job	2026-07-28	2026-10-03	manual_work	65000.0 - 174600.0 USD per year
Crash Champions	crashchampions.com	Collision	Auto Body Technician	Valrico, Florida, United States, Northern America, Americas	https://careers.crashchampions.com/valrico-fl/auto-body-technician/3A94F642746440B09FF1B861BDC90483/job	2026-07-27	2026-09-04	manual_work	65000.0 - 163620.0 USD per year
Crash Champions	crashchampions.com	Collision	Auto Body Technician	Atlanta, Georgia, United States, Northern America, Americas	https://careers.crashchampions.com/atlanta-ga/auto-body-technician/304BDD2C236F4A74A096B1F6AD477E02/job	2026-07-24	2026-09-01	manual_work	65000.0 - 174600.0 USD per year
Crash Champions	crashchampions.com	Collision	Collision Estimator	Flowood, Mississippi, United States, Northern America, Americas	https://careers.crashchampions.com/flowood-ms/collision-estimator/86C9DDE13FAD4FB1AB44C3F532C815BC/job	2026-07-24	2026-10-04	operations	65000.0 - 129115.0 USD per year
Crash Champions	crashchampions.com	Collision	Porter	Oklahoma City, Oklahoma, United States, Northern America, Americas	https://careers.crashchampions.com/oklahoma-city-ok/porter/02B838A71C464209B0D109BE8A021BE0/job	2026-07-23	2026-09-16	manual_work	10.0 - 17.75 USD per hour
Crash Champions	crashchampions.com	Collision	Auto Body Technician	Seattle, Washington, United States, Northern America, Americas	https://careers.crashchampions.com/seattle-wa/auto-body-technician/45C4AA34B5F44C1D8B31F42773CB034F/job	2026-07-23	2026-09-25	manual_work	69680.0 - 180000.0 USD per year
Crash Champions	crashchampions.com	Collision	Collision Estimator	Schererville, Indiana, United States, Northern America, Americas	https://careers.crashchampions.com/schererville-in/collision-estimator/BF6D201B19214FEAA4AFDCE10FB391DD/job	2026-07-23	2026-09-16	operations	65000.0 - 144925.0 USD per year
Crash Champions	crashchampions.com	Collision	Collision Estimator	Fort Worth, Texas, United States, Northern America, Americas	https://careers.crashchampions.com/fort-worth-tx/collision-estimator/BDFA73D4D77E4B70BDF62F1ABC989CF8/job	2026-07-23	2026-09-07	operations	65000.0 - 146165.0 USD per year
Crash Champions	crashchampions.com	Collision	Parts Manager	Batavia, Illinois, United States, Northern America, Americas	https://careers.crashchampions.com/batavia-il/parts-manager/709E4D4728FF4474A178F225360E3069/job	2026-07-23	2026-09-17	operations	15.02 - 30.0 USD per hour
Crash Champions	crashchampions.com	Collision	Auto Body Technician	Wisconsin, United States, Northern America, Americas	https://careers.crashchampions.com/mt-pleasant-wi/auto-body-technician/5964C63AA23A4C1CADEBA866935F7B49/job	2026-07-23	2026-09-08	manual_work	65000 - 169200 USD per year
Crash Champions	crashchampions.com	Collision	Auto Body Technician	Tinley Park, Illinois, United States, Northern America, Americas	https://careers.crashchampions.com/tinley-park-il/auto-body-technician/C2A3324D1918480B981456CDF8308FE1/job	2026-07-23	2026-10-04	manual_work	65000.0 - 174960.0 USD per year
Crash Champions	crashchampions.com	Collision	Collision Estimator	Vancouver, Washington, United States, Northern America, Americas	https://careers.crashchampions.com/vancouver-wa/collision-estimator/8D864F13D06B4833A3AD22B2EDEF11AE/job	2026-07-23	2026-09-16	operations	65000.0 - 145700.0 USD per year
Crash Champions	crashchampions.com	Collision	Auto Body Technician	Beltsville, Maryland, United States, Northern America, Americas	https://careers.crashchampions.com/beltsville-md/auto-body-technician/4191E735566044A3B0B591443DDB18C9/job	2026-07-23	2026-10-02	manual_work	70785.0 - 180000.0 USD per year
Crash Champions	crashchampions.com	Collision	Auto Body Technician	Hagerstown, Maryland, United States, Northern America, Americas	https://careers.crashchampions.com/hagerstown-md/auto-body-technician/0E84D58352244065BCB914FCA69E7DAA/job	2026-07-23	2026-10-04	manual_work	65000.0 - 162360.0 USD per year
Crash Champions	crashchampions.com	Collision	General Manager	Michigan, United States, Northern America, Americas	https://careers.crashchampions.com/clarkston-mi/general-manager/11723330466F4010AD633FB39D177C86/job	2026-07-22	2026-10-03	operations	75000.0 - 150000.0 USD per year
Crash Champions	crashchampions.com	Collision	Associate Service Advisor	Bozeman, Montana, United States, Northern America, Americas	https://careers.crashchampions.com/bozeman-mt/associate-service-advisor/9AF5D03036A04BFAA171243F73C793E0/job	2026-07-22	2026-10-01	support,operations	15.0 - 21.6 USD per hour
Crash Champions	crashchampions.com	Collision	Associate Service Advisor	Champaign, Illinois, United States, Northern America, Americas	https://careers.crashchampions.com/champaign-il/associate-service-advisor/20914251EB1047A1880C4D877D368BEF/job	2026-07-22	2026-09-22	support,operations	15.0 - 22.9 USD per hour
Crash Champions	crashchampions.com	Collision	Collision Estimator	Pittsburgh, Pennsylvania, United States, Northern America, Americas	https://careers.crashchampions.com/pittsburgh-pa/collision-estimator/FB16D74238884AAEA35ED754DDCF5623/job	2026-07-22	2026-10-03	operations	65000.0 - 140430.0 USD per year
Crash Champions	crashchampions.com	Collision	Associate Service Advisor	Urbana, Illinois, United States, Northern America, Americas	https://careers.crashchampions.com/urbana-il/associate-service-advisor/781DAF542C074CA5AA98A7E491470FC5/job	2026-07-22	2026-09-22	support	15.0 - 23.05 USD per hour
Crash Champions	crashchampions.com	Collision	Collision Estimator	Herndon, Virginia, United States, Northern America, Americas	https://careers.crashchampions.com/herndon-va/collision-estimator/B60C4D2609324B39870F64CD867AB96A/job	2026-07-22	2026-10-03	operations	71435.0 - 155000.0 USD per year
Crash Champions	crashchampions.com	Collision	Construction Project Manager	Westmont, Illinois, United States, Northern America, Americas	https://careers.crashchampions.com/westmont-il/construction-project-manager/F02932C81CFB4C7C85D847E0C9847D70/job	2026-07-22	2026-10-01	operations	135000.0 - 140000.0 USD per year
Crash Champions	crashchampions.com	Collision	Porter	Naperville, Illinois, United States, Northern America, Americas	https://careers.crashchampions.com/naperville-il/detail-porter/7A4BAD633C4F434999E2621115D33C86/job	2026-07-22	2026-09-01	manual_work	15.0 - 20.0 USD per hour
Crash Champions	crashchampions.com	Collision	Associate Service Advisor	Penn Hills, Pennsylvania, United States, Northern America, Americas	https://careers.crashchampions.com/penn-hills-pa/associate-service-advisor/859B5A02AD32449DB741A89171FCF4CA/job	2026-07-22	2026-09-06	support	15.0 - 23.45 USD per hour
Crash Champions	crashchampions.com	Collision	Collision Estimator	Nashville, Tennessee, United States, Northern America, Americas	https://careers.crashchampions.com/nashville-tn/collision-estimator/91B922CC9E764BA1BCEA4D5D4B9C51F9/job	2026-07-21	2026-10-02	operations	65000.0 - 139655.0 USD per year
Crash Champions	crashchampions.com	Collision	ATE - Field Apprentice	Bozeman, Montana, United States, Northern America, Americas	https://careers.crashchampions.com/bozeman-mt/ate-field-apprentice/1F3CD36D648F40E29C415134F949D406/job	2026-07-21	2026-10-04	engineering	18.0 - 21.0 USD per hour
Crash Champions	crashchampions.com	Collision	Auto Body Technician	Center Line, Michigan, United States, Northern America, Americas	https://careers.crashchampions.com/center-line-mi/auto-body-technician/3ADEEC63B66B4AEC9A863A1951E7ABE1/job	2026-07-21	2026-09-22	manual_work	65000.0 - 167040.0 USD per year
Crash Champions	crashchampions.com	Collision	ATE - Field Apprentice	Denver, Colorado, United States, Northern America, Americas	https://careers.crashchampions.com/denver-co/ate-field-apprentice/65383E5C452541DB9DC9D535728AA5BA/job	2026-07-21	2026-09-13	engineering	18.0 - 21.0 USD per hour
Crash Champions	crashchampions.com	Collision	Auto Body Technician	Tampa, Florida, United States, Northern America, Americas	https://careers.crashchampions.com/tampa-fl/auto-body-technician/86CE56272BF144D4B3232201D9CE6751/job	2026-07-20	2026-09-13	manual_work	65000.0 - 163620.0 USD per year
Crash Champions	crashchampions.com	Collision	Auto Body Technician	Ohio, United States, Northern America, Americas	https://careers.crashchampions.com/chagrin-falls-oh/auto-body-technician/689BFEA0A2964EB2B557C2BA8D27BDE4/job	2026-07-20	2026-10-04	manual_work	65000.0 - 162000.0 USD per year
Crash Champions	crashchampions.com	Collision	Auto Body Technician	Cleveland, Ohio, United States, Northern America, Americas	https://careers.crashchampions.com/cleveland-oh/auto-body-technician/DCE1702EA94A4553A51C4F8B1623AA99/job	2026-07-20	2026-10-04	manual_work	65000.0 - 162180.0 USD per year
Crash Champions	crashchampions.com	Collision	Auto Body Technician	Chester, Pennsylvania, United States, Northern America, Americas	https://careers.crashchampions.com/chester-springs-pa/auto-body-technician/D16842606EDD49F1A6B4BCB646A39B50/job	2026-07-18	2026-09-10	manual_work	65715.0 - 180000.0 USD per year
Crash Champions	crashchampions.com	Collision	Associate Service Advisor	Byram, Mississippi, United States, Northern America, Americas	https://careers.crashchampions.com/byram-ms/associate-service-advisor/637150221D6C46438837730AD665DCAA/job	2026-07-18	2026-09-02	support	15.0 - 20.5 USD per hour
Crash Champions	crashchampions.com	Collision	Associate Service Advisor	Madison, Mississippi, United States, Northern America, Americas	https://careers.crashchampions.com/madison-ms/associate-service-advisor/C66DB4CAB7E347A68D051A0EE2D407B9/job	2026-07-18	2026-10-03	support	15.0 - 20.55 USD per hour
Crash Champions	crashchampions.com	Collision	Paint Prepper	Miami, Florida, United States, Northern America, Americas	https://careers.crashchampions.com/miami-fl/paint-prepper/65F702488B6A4357993691027CA5E7F1/job	2026-07-18	2026-10-03	manual_work	40000.0 - 94700.0 USD per year
Crash Champions	crashchampions.com	Collision	Associate Service Advisor	Ridgeland, Mississippi, United States, Northern America, Americas	https://careers.crashchampions.com/ridgeland-ms/associate-service-advisor/E1FA9A777A194A5482F225EDF34147EC/job	2026-07-18	2026-09-02	support	15.0 - 20.6 USD per hour
Crash Champions	crashchampions.com	Collision	Auto Body Technician	Penn Hills, Pennsylvania, United States, Northern America, Americas	https://careers.crashchampions.com/penn-hills-pa/auto-body-technician/DE00EF26CD7D4117B62E178E37D9F2FC/job	2026-07-17	2026-10-04	manual_work	65000.0 - 163080.0 USD per year
Crash Champions	crashchampions.com	Collision	Collision Estimator	Marysville, Washington, United States, Northern America, Americas	https://careers.crashchampions.com/marysville-wa/collision-estimator/C6218865572643809DE0B1073C9EF22A/job	2026-07-17	2026-09-26	operations	69420.0 - 155000.0 USD per year
Crash Champions	crashchampions.com	Collision	ATE Field Mechanical Technician	Chicago, Illinois, United States, Northern America, Americas	https://careers.crashchampions.com/chicago-il/ate-field-mechanical-technician/7B15FF562B05458EA75F829A278E9C66/job	2026-07-17	2026-10-04	engineering,information_technology	23.8 - 42.5 USD per hour
Crash Champions	crashchampions.com	Collision	ATE - Remote Center Manager	Westmont, Illinois, United States, Northern America, Americas	https://careers.crashchampions.com/westmont-il/ate-remote-center-manager/9480E9CCF8144B28AE067F507111FB12/job	2026-07-17	2026-09-01	management	100000.0 - 125000.0 USD per year
Crash Champions	crashchampions.com	Collision	Collision Estimator	Alsip, Illinois, United States, Northern America, Americas	https://careers.crashchampions.com/alsip-il/collision-estimator/2ED027DDE50A408AB237BD7005F57366/job	2026-07-16	2026-10-03	operations	65000.0 - 150815.0 USD per year
Crash Champions	crashchampions.com	Collision	IT Ops Junior Administrator	Richardson, Texas, United States, Northern America, Americas	https://careers.crashchampions.com/virtual-usa/it-ops-junior-administrator/BCC768C57DA34BCDA501045BCAB7AE4E/job	2026-07-16	2026-09-03	information_technology	75000.0 - 85000.0 USD per year
Crash Champions	crashchampions.com	Collision	Auto Body Technician	Independence, Missouri, United States, Northern America, Americas	https://careers.crashchampions.com/independence-mo/auto-body-technician/35F2B5A4E04E4F70B94BC617CD8B0110/job	2026-07-16	2026-10-02	manual_work	65000.0 - 159480.0 USD per year
Crash Champions	crashchampions.com	Collision	HR Business Partner, Midwest	Illinois, United States, Northern America, Americas	https://careers.crashchampions.com/illinois-usa/hr-business-partner-midwest/5E01F0F475A84E3EBC699074E4B90D8D/job	2026-07-15	2026-09-24	human_resources	75000.0 - 110000.0 USD per year
Crash Champions	crashchampions.com	Collision	ATE Field Technician	Santa Clara, California, United States, Northern America, Americas	https://careers.crashchampions.com/santa-clara-ca/ate-field-technician/8BDAB302236E4CE2A610447DA23D8FDD/job	2026-07-15	2026-10-02	engineering,information_technology	25.0 - 40.0 USD per hour
Crash Champions	crashchampions.com	Collision	Collision Estimator	Ohio, United States, Northern America, Americas	https://careers.crashchampions.com/lewis-center-oh/collision-estimator/9662AFBBB6F74A568E741E587708BF24/job	2026-07-15	2026-09-24	operations	65000.0 - 139965.0 USD per year
Crash Champions	crashchampions.com	Collision	Detail Technician	Wisconsin, United States, Northern America, Americas	https://careers.crashchampions.com/mt-pleasant-wi/detail-technician/C2E648CCB64042D2AA7A346F8FD778D5/job	2026-07-15	2026-10-04	manual_work	10.0 - 24.55 USD per hour
Crash Champions	crashchampions.com	Collision	Collision Estimator	Columbus, Ohio, United States, Northern America, Americas	https://careers.crashchampions.com/columbus-oh/collision-estimator/9959FA9536504E69AD8CF864580F47A9/job	2026-07-15	2026-10-04	operations	65000.0 - 139190.0 USD per year
Crash Champions	crashchampions.com	Collision	Auto Body Technician	Ferndale, Michigan, United States, Northern America, Americas	https://careers.crashchampions.com/ferndale-mi/auto-body-technician/DF849C1983614345A3C9AE491B5A74D7/job	2026-07-15	2026-09-07	manual_work	65000.0 - 167040.0 USD per year
Crash Champions	crashchampions.com	Collision	Auto Body Technician	Meridian, Idaho, United States, Northern America, Americas	https://careers.crashchampions.com/meridian-id/auto-body-technician/88DE528A3DFC4B459D7E7C8D6ECD0DD0/job	2026-07-15	2026-09-07	manual_work	65000.0 - 152820.0 USD per year
Crash Champions	crashchampions.com	Collision	Auto Body Technician	Alsip, Illinois, United States, Northern America, Americas	https://careers.crashchampions.com/alsip-il/auto-body-technician/070270E6E1AE4D158FCCD017006E28CB/job	2026-07-15	2026-09-07	manual_work	65000.0 - 175140.0 USD per year
Crash Champions	crashchampions.com	Collision	Collision Estimator	Port St. Lucie, Florida, United States, Northern America, Americas	https://careers.crashchampions.com/port-st-lucie-fl/collision-estimator/4E4E8CDDDBB543BFA03B43520268FDB2/job	2026-07-15	2026-09-07	operations	65000.0 - 134850.0 USD per year
Crash Champions	crashchampions.com	Collision	Collision Estimator	West Haven, Connecticut, United States, Northern America, Americas	https://careers.crashchampions.com/west-haven-ct/collision-estimator/F6F326734F6440109070D78738746818/job	2026-07-14	2026-10-03	operations	65065.0 - 155000.0 USD per year
Crash Champions	crashchampions.com	Collision	Parts Manager	New Jersey, United States, Northern America, Americas	https://careers.crashchampions.com/whippany-nj/parts-manager/39FED46AC0CB419497A196A22E335FDB/job	2026-07-14	2026-10-03	operations	16.64 - 30.0 USD per hour
Crash Champions	crashchampions.com	Collision	General Manager	Florida, United States, Northern America, Americas	https://careers.crashchampions.com/florida-usa/general-manager/9DB34342411A456AB40EFECB9B15CBCF/job	2026-07-14	2026-09-22	management	75000.0 - 128700.0 USD per year
Crash Champions	crashchampions.com	Collision	ATE Field Mechanical Technician	Littleton, Colorado, United States, Northern America, Americas	https://careers.crashchampions.com/littleton-co/ate-field-mechanical-technician/3023B5120A894CD48450914F0B7D37EB/job	2026-07-14	2026-09-14	engineering,information_technology	23.8 - 42.5 USD per hour
Crash Champions	crashchampions.com	Collision	Paint Prepper	Homestead, Florida, United States, Northern America, Americas	https://careers.crashchampions.com/homestead-fl/paint-prepper/3718A0556D774423BFD2C19544CF3DEA/job	2026-07-11	2026-09-11	manual_work	40000.0 - 94400.0 USD per year
Crash Champions	crashchampions.com	Collision	Auto Body Technician	St. Petersburg, Florida, United States, Northern America, Americas	https://careers.crashchampions.com/st-petersburg-fl/auto-body-technician/91A2649FFB554245AFE45F69E7C22876/job	2026-07-11	2026-09-03	manual_work	65000.0 - 162180.0 USD per year
Crash Champions	crashchampions.com	Collision	Collision Estimator	Little Rock, Arkansas, United States, Northern America, Americas	https://careers.crashchampions.com/little-rock-ar/collision-estimator/A31548B16ED74D8981F8B74EA0F2C5C1/job	2026-07-11	2026-10-04	operations	65000.0 - 127255.0 USD per year
Crash Champions	crashchampions.com	Collision	Collision Estimator	Oceanside, California, United States, Northern America, Americas	https://careers.crashchampions.com/oceanside-ca/collision-estimator/EF332FB302ED4D769F7A755C4033A6AC/job	2026-07-11	2026-09-11	operations	66170.0 - 155000.0 USD per year
Crash Champions	crashchampions.com	Collision	Collision Estimator	Mokena, Illinois, United States, Northern America, Americas	https://careers.crashchampions.com/mokena-il/collision-estimator/78D4C0A811F14A4A89705BEC7765A236/job	2026-07-11	2026-10-04	operations	65000.0 - 150660.0 USD per year
Crash Champions	crashchampions.com	Collision	Auto Body Technician	Covina, California, United States, Northern America, Americas	https://careers.crashchampions.com/covina-ca/auto-body-technician/57DF0BC351E9412CB0F08A213F9C5E68/job	2026-07-11	2026-09-28	manual_work	69680.0 - 180000.0 USD per year
Crash Champions	crashchampions.com	Collision	Auto Body Technician	Southfield, Michigan, United States, Northern America, Americas	https://careers.crashchampions.com/southfield-mi/auto-body-technician/66BE57900E7346BD9926835DE00F9E5A/job	2026-07-10	2026-09-10	manual_work	65000.0 - 167400.0 USD per year
Crash Champions	crashchampions.com	Collision	Auto Body Technician	Ohio, United States, Northern America, Americas	https://careers.crashchampions.com/lewis-center-oh/auto-body-technician/7BA7ADA8C7C84D6B8242BDA4366E4F57/job	2026-07-10	2026-09-18	manual_work	65000.0 - 162540.0 USD per year
Crash Champions	crashchampions.com	Collision	Collision Estimator	Columbus, Ohio, United States, Northern America, Americas	https://careers.crashchampions.com/columbus-oh/collision-estimator/783D3735C88D4AEDAB3C4A5BDEA8469D/job	2026-07-10	2026-10-02	operations	65000.0 - 139190.0 USD per year
Crash Champions	crashchampions.com	Collision	Collision Estimator	Miami, Florida, United States, Northern America, Americas	https://careers.crashchampions.com/miami-fl/collision-estimator/0E851DFDD4F04101BA1BE20905F31164/job	2026-07-10	2026-09-26	operations	65000.0 - 147715.0 USD per year
Crash Champions	crashchampions.com	Collision	Auto Body Technician	Little Rock, Arkansas, United States, Northern America, Americas	https://careers.crashchampions.com/little-rock-ar/auto-body-technician/9BF15E24CB8047E296B29A2252B027E5/job	2026-07-09	2026-10-03	manual_work	65000.0 - 147780.0 USD per year
Crash Champions	crashchampions.com	Collision	ATE Field Mechanical Technician	Hilliard, Ohio, United States, Northern America, Americas	https://careers.crashchampions.com/hilliard-oh/ate-field-mechanical-technician/963302870E5C42589509044EF748018C/job	2026-07-09	2026-09-26	engineering,information_technology	23.8 - 42.5 USD per hour
Crash Champions	crashchampions.com	Collision	Auto Body Technician	Moline, Illinois, United States, Northern America, Americas	https://careers.crashchampions.com/east-moline-il/auto-body-technician/3AABB23FFA144B1C974E74362D63CCBC/job	2026-07-09	2026-09-01	manual_work	65000.0 - 157860.0 USD per year
Crash Champions	crashchampions.com	Collision	Auto Body Technician	Huntley, Illinois, United States, Northern America, Americas	https://careers.crashchampions.com/huntley-il/auto-body-technician/97BA88146EC44854AAE3900B91249B9B/job	2026-07-09	2026-09-01	manual_work	65000.0 - 175140.0 USD per year
Crash Champions	crashchampions.com	Collision	Auto Body Technician	Montana, United States, Northern America, Americas	https://careers.crashchampions.com/manhattan-mt/auto-body-technician/79816BB5E99E43F7871C0B3FD28D4383/job	2026-07-09	2026-10-04	manual_work	65000.0 - 150300.0 USD per year
Crash Champions	crashchampions.com	Collision	LUXE Collision Estimator	Burbank, California, United States, Northern America, Americas	https://careers.crashchampions.com/burbank-ca/luxe-collision-estimator/609EC2E2125244E69E50F2327F1C571F/job	2026-07-09	2026-09-01	operations	69810.0 - 155000.0 USD per year
Crash Champions	crashchampions.com	Collision	Equipment Manager	Richardson, Texas, United States, Northern America, Americas	https://careers.crashchampions.com/richardson-tx/equipment-manager/4DF2DC5724094B4FB39E5686253342A6/job	2026-07-09	2026-09-01	operations	90000.0 - 110000.0 USD per year
Crash Champions	crashchampions.com	Collision	Auto Body Technician	Helena, Montana, United States, Northern America, Americas	https://careers.crashchampions.com/helena-mt/auto-body-technician/A222A27B4E35416B88C474F1BD14A9E3/job	2026-07-09	2026-09-26	manual_work	65000.0 - 150120.0 USD per year
Crash Champions	crashchampions.com	Collision	Auto Body Technician	Illinois, United States, Northern America, Americas	https://careers.crashchampions.com/east-dundee-il/auto-body-technician/9748BABCBC5D4D0996337CCFEA9AE8DD/job	2026-07-09	2026-10-04	manual_work	65000.0 - 169560.0 USD per year
Crash Champions	crashchampions.com	Collision	Auto Body Technician	Lombard, Illinois, United States, Northern America, Americas	https://careers.crashchampions.com/lombard-il/auto-body-technician/54584631AD2D49D388F734AC60B1187F/job	2026-07-09	2026-10-04	manual_work	65000.0 - 175140.0 USD per year
Crash Champions	crashchampions.com	Collision	Auto Body Technician	Scottsdale, Arizona, United States, Northern America, Americas	https://careers.crashchampions.com/scottsdale-az/auto-body-technician/26BE779B73EB4F3389EF5E788201B20A/job	2026-07-09	2026-09-18	manual_work	65000.0 - 159480.0 USD per year
Crash Champions	crashchampions.com	Collision	Auto Body Technician	Summerville, South Carolina, United States, Northern America, Americas	https://careers.crashchampions.com/summerville-sc/auto-body-technician/CCCD29704535405EAB4FB4C596A3750D/job	2026-07-08	2026-09-24	manual_work	65000.0 - 156960.0 USD per year
Crash Champions	crashchampions.com	Collision	Auto Body Technician	Norfolk, Virginia, United States, Northern America, Americas	https://careers.crashchampions.com/norfolk-va/auto-body-technician/0526CD068DC3442BA07E70C309B9AB17/job	2026-07-08	2026-10-02	manual_work	65000.0 - 165600.0 USD per year
Crash Champions	crashchampions.com	Collision	Auto Body Technician	Matthews, North Carolina, United States, Northern America, Americas	https://careers.crashchampions.com/matthews-nc/auto-body-technician/2400C206434D4D82A5F30ACDAB7AD311/job	2026-07-08	2026-10-02	manual_work	65000.0 - 175140.0 USD per year
Crash Champions	crashchampions.com	Collision	General Manager	Medina, Ohio, United States, Northern America, Americas	https://careers.crashchampions.com/medina-oh/general-manager/A8C796C8BDAD4FAC9B62A4E7DDFF3695/job	2026-07-07	2026-09-09	operations,management	75000.0 - 134700.0 USD per year
Crash Champions	crashchampions.com	Collision	Paint Prepper	Tooele, Utah, United States, Northern America, Americas	https://careers.crashchampions.com/tooele-ut/paint-prepper/0790C39CF73445F5AFF898BE8D3F7B8D/job	2026-07-02	2026-09-15	manual_work	
Crash Champions	crashchampions.com	Collision	Detail Technician	Twinsburg, Ohio, United States, Northern America, Americas	https://careers.crashchampions.com/twinsburg-oh/detail-technician/B33FB6FDAD784891A4518D24ACB1CD44/job	2026-07-02	2026-09-19	manual_work	10.7 - 23.6 USD per hour
Crash Champions	crashchampions.com	Collision	Collision Estimator	Ohio, United States, Northern America, Americas	https://careers.crashchampions.com/chagrin-falls-oh/collision-estimator/357EE88A2AE84DA384B5564DF72758A2/job	2026-07-02	2026-09-03	operations	65000.0 - 139500.0 USD per year
Crash Champions	crashchampions.com	Collision	Collision Estimator	Norman, Oklahoma, United States, Northern America, Americas	https://careers.crashchampions.com/norman-ok/collision-estimator/52116B6A22774A7B9EE3AF32189ECB16/job	2026-07-02	2026-10-04	operations	65000.0 - 130355.0 USD per year
Crash Champions	crashchampions.com	Collision	Auto Body Technician	Irving, Texas, United States, Northern America, Americas	https://careers.crashchampions.com/irving-tx/auto-body-technician/66522698C22347BB85DF1E31A1AFBDF3/job	2026-07-01	2026-09-10	manual_work	65000.0 - 178920.0 USD per year
Crash Champions	crashchampions.com	Collision	Auto Body Technician	San Jose, California, United States, Northern America, Americas	https://careers.crashchampions.com/san-jose-ca/auto-body-technician/0D6BDE23921743EBBF224550D1F505B5/job	2026-06-30	2026-09-01	manual_work	79885.0 - 180000.0 USD per year
Crash Champions	crashchampions.com	Collision	Collision Estimator	Waldorf, Maryland, United States, Northern America, Americas	https://careers.crashchampions.com/waldorf-md/collision-estimator/A4FAE1958E5F4D5BA96A99045898B771/job	2026-06-30	2026-09-26	operations	70850.0 - 155000.0 USD per year
Crash Champions	crashchampions.com	Collision	Auto Body Technician	Joplin, Missouri, United States, Northern America, Americas	https://careers.crashchampions.com/joplin-mo/auto-body-technician/74D4931B06C844DF812A4C81224897B1/job	2026-06-30	2026-10-02	manual_work	65000.0 - 147960.0 USD per year
Crash Champions	crashchampions.com	Collision	Auto Body Technician	Bedford, Ohio, United States, Northern America, Americas	https://careers.crashchampions.com/bedford-heights-oh/auto-body-technician/CCFA4D301F0A4648A4A6A95C54055DD3/job	2026-06-30	2026-09-01	manual_work	65000.0 - 161820.0 USD per year
Crash Champions	crashchampions.com	Collision	Auto Body Technician	Shawnee, Kansas, United States, Northern America, Americas	https://careers.crashchampions.com/shawnee-ks/auto-body-technician/51136E2AEAC24C21B58061FE0192576E/job	2026-06-30	2026-10-04	manual_work	65000.0 - 159300.0 USD per year
Crash Champions	crashchampions.com	Collision	Auto Body Technician	Randolph, New Jersey, United States, Northern America, Americas	https://careers.crashchampions.com/randolph-nj/auto-body-technician/15016F4A9C3C413C9211AEEEEBF7428E/job	2026-06-29	2026-10-04	manual_work	71110.0 - 180000.0 USD per year
Crash Champions	crashchampions.com	Collision	Auto Body Technician	Washington, District of Columbia, United States, Northern America, Americas	https://careers.crashchampions.com/washington-dc/auto-body-technician/6E3FC6A62B564CE7861608BD8DB48D9E/job	2026-06-29	2026-10-02	manual_work	71175.0 - 180000.0 USD per year
Crash Champions	crashchampions.com	Collision	Auto Body Technician	Gaithersburg, Maryland, United States, Northern America, Americas	https://careers.crashchampions.com/gaithersburg-md/auto-body-technician/C659C9D6AEDC4EECA31C452D85700C1D/job	2026-06-29	2026-10-02	manual_work	69225.0 - 180000.0 USD per year
Crash Champions	crashchampions.com	Collision	Automotive Mechanic	Lorton, Virginia, United States, Northern America, Americas	https://careers.crashchampions.com/lorton-va/automotive-mechanic/953163A31B8E4151B4E35E948756A724/job	2026-06-29	2026-09-08	manual_work	55650.0 - 150000.0 USD per year
Crash Champions	crashchampions.com	Collision	Auto Body Technician	Wichita, Kansas, United States, Northern America, Americas	https://careers.crashchampions.com/wichita-ks/auto-body-technician/10EF6CE1DF9D440884586558E6B32114/job	2026-06-29	2026-10-02	manual_work	65000.0 - 152280.0 USD per year
Crash Champions	crashchampions.com	Collision	Detail Technician	Lancaster, Pennsylvania, United States, Northern America, Americas	https://careers.crashchampions.com/lancaster-pa/detail-technician/C53A561ACD0444A6BD93C87A273791AB/job	2026-06-29	2026-09-16	manual_work	10.0 - 25.0 USD per hour
Crash Champions	crashchampions.com	Collision	ATE Field Mechanical Technician	Nashville, Tennessee, United States, Northern America, Americas	https://careers.crashchampions.com/nashville-tn/ate-field-mechanical-technician/E2E8406702BB49229C1E8F9AD194EC74/job	2026-06-27	2026-10-04	engineering,information_technology	23.8 - 42.5 USD per hour
Crash Champions	crashchampions.com	Collision	Paint Technician	Riviera Beach, Florida, United States, Northern America, Americas	https://careers.crashchampions.com/riviera-beach-fl/paint-technician/4D724910D22C4750A80E0EC1AB39B757/job	2026-06-27	2026-09-05	manual_work	75000.0 - 186030.0 USD per year
Classic Collision	classiccollision.com	Collision	Auto Body Technician	Alpharetta, Georgia, 30009, United States, Northern America, Americas	https://classicukg.rec.pro.ukg.net/CLA1028CLAC/JobBoard/7dd6a284-7be6-49ca-bb18-7947f6a97a21/OpportunityDetail?opportunityId=131b5096-c57d-4aad-846b-69755e5f92b4	2026-10-03	2026-10-04	healthcare_services,manual_work	
Classic Collision	classiccollision.com	Collision	Auto Body Helper	Federal Way, Washington, 98003, United States, Northern America, Americas	https://classicukg.rec.pro.ukg.net/CLA1028CLAC/JobBoard/7dd6a284-7be6-49ca-bb18-7947f6a97a21/OpportunityDetail?opportunityId=b1aca50d-1301-4327-882a-6ae11409e356	2026-10-03	2026-10-04	support,manual_work	$19 - $22 Per Hour
Classic Collision	classiccollision.com	Collision	Paint Prepper Hourly	Memphis, Tennessee, 38115, United States, Northern America, Americas	https://classicukg.rec.pro.ukg.net/CLA1028CLAC/JobBoard/7dd6a284-7be6-49ca-bb18-7947f6a97a21/OpportunityDetail?opportunityId=caa8d5a6-117c-4b36-9309-3aac0c1c6947	2026-10-03	2026-10-04	manual_work	
Classic Collision	classiccollision.com	Collision	Auto Body Technician	Denton, Texas, 76201, United States, Northern America, Americas	https://classicukg.rec.pro.ukg.net/CLA1028CLAC/JobBoard/7dd6a284-7be6-49ca-bb18-7947f6a97a21/OpportunityDetail?opportunityId=4708d213-d858-48b2-9dc1-ed3c43e6f720	2026-10-03	2026-10-04	healthcare_services,manual_work	
Classic Collision	classiccollision.com	Collision	Auto Body Technician	Aiken, South Carolina, 29801, United States, Northern America, Americas	https://classicukg.rec.pro.ukg.net/CLA1028CLAC/JobBoard/7dd6a284-7be6-49ca-bb18-7947f6a97a21/OpportunityDetail?opportunityId=b1b4230e-dcf4-4cc4-9039-ca055f163c7d	2026-10-03	2026-10-04	healthcare_services,manual_work	
Classic Collision	classiccollision.com	Collision	Senior Service Advisor	Denton, Texas, 76201, United States, Northern America, Americas	https://classicukg.rec.pro.ukg.net/CLA1028CLAC/JobBoard/7dd6a284-7be6-49ca-bb18-7947f6a97a21/OpportunityDetail?opportunityId=e7fa0a21-8ed4-4447-bc32-f08b2844bde4	2026-10-03	2026-10-04	consulting,support	
Classic Collision	classiccollision.com	Collision	Shop Porter	Leander, Texas, 78641, United States, Northern America, Americas	https://classicukg.rec.pro.ukg.net/CLA1028CLAC/JobBoard/7dd6a284-7be6-49ca-bb18-7947f6a97a21/OpportunityDetail?opportunityId=1df8ae53-1384-470b-b162-e96185006673	2026-10-02	2026-10-04	manual_work	
Classic Collision	classiccollision.com	Collision	Senior Service Advisor	Schertz, Texas, 78154, United States, Northern America, Americas	https://classicukg.rec.pro.ukg.net/CLA1028CLAC/JobBoard/7dd6a284-7be6-49ca-bb18-7947f6a97a21/OpportunityDetail?opportunityId=432f3e11-cbab-4846-8b97-5b31feb08cb3	2026-10-02	2026-10-04	consulting,support	
Classic Collision	classiccollision.com	Collision	Collision Estimator	Medford, Oregon, 97501, United States, Northern America, Americas	https://classicukg.rec.pro.ukg.net/CLA1028CLAC/JobBoard/7dd6a284-7be6-49ca-bb18-7947f6a97a21/OpportunityDetail?opportunityId=0a98f2a1-9097-49c1-8f5f-8a10eb7f9bd6	2026-10-02	2026-10-04	operations,sales	Earning Potential $100000 - Depending on
Classic Collision	classiccollision.com	Collision	Shop Porter	Charlotte, North Carolina, United States, Northern America, Americas	https://classicukg.rec.pro.ukg.net/CLA1028CLAC/JobBoard/7dd6a284-7be6-49ca-bb18-7947f6a97a21/OpportunityDetail?opportunityId=ede7f8dc-41c5-4e5d-97f1-6e7feded01ce	2026-10-02	2026-10-04	operations	
Classic Collision	classiccollision.com	Collision	Customer Service Representative	Virginia, United States, Northern America, Americas	https://classicukg.rec.pro.ukg.net/CLA1028CLAC/JobBoard/7dd6a284-7be6-49ca-bb18-7947f6a97a21/OpportunityDetail?opportunityId=ffc74550-3223-46cf-944f-96ddfc0ee3d4	2026-10-02	2026-10-04	support	
Classic Collision	classiccollision.com	Collision	Auto Body Technician	Tacoma, Washington, United States, Northern America, Americas	https://classicukg.rec.pro.ukg.net/CLA1028CLAC/JobBoard/7dd6a284-7be6-49ca-bb18-7947f6a97a21/OpportunityDetail?opportunityId=4c6e383b-d9ab-447e-a2c4-d905955ed4da	2026-10-02	2026-10-04	manual_work	28 - 32 USD per hour
Classic Collision	classiccollision.com	Collision	Auto Body Technician	Palm Bay, Florida, United States, Northern America, Americas	https://classicukg.rec.pro.ukg.net/CLA1028CLAC/JobBoard/7dd6a284-7be6-49ca-bb18-7947f6a97a21/OpportunityDetail?opportunityId=8b8b72f4-045b-4ac6-a632-0427872921a1	2026-10-02	2026-10-04	manual_work	
Classic Collision	classiccollision.com	Collision	Customer Service Representative	Pineville, North Carolina, United States, Northern America, Americas	https://classicukg.rec.pro.ukg.net/CLA1028CLAC/JobBoard/7dd6a284-7be6-49ca-bb18-7947f6a97a21/OpportunityDetail?opportunityId=9be07cf3-509c-49c2-aca5-a0cd04c757f7	2026-10-02	2026-10-04	support	
Classic Collision	classiccollision.com	Collision	Automotive Paint Prepper	Cincinnati, Ohio, United States, Northern America, Americas	https://classicukg.rec.pro.ukg.net/CLA1028CLAC/JobBoard/7dd6a284-7be6-49ca-bb18-7947f6a97a21/OpportunityDetail?opportunityId=fc772ae5-9c8e-46be-a946-876c5c83fc0a	2026-10-01	2026-10-04	manual_work	
Classic Collision	classiccollision.com	Collision	Auto Body Detailer	Bellevue, Washington, United States, Northern America, Americas	https://classicukg.rec.pro.ukg.net/CLA1028CLAC/JobBoard/7dd6a284-7be6-49ca-bb18-7947f6a97a21/OpportunityDetail?opportunityId=8e300ce1-7ce8-45a2-bbc5-9e5f347ab116	2026-10-01	2026-10-04	manual_work	18.0 - 19.0 USD per hour
Classic Collision	classiccollision.com	Collision	Auto Body Technician	Gainesville, Georgia, United States, Northern America, Americas	https://classicukg.rec.pro.ukg.net/CLA1028CLAC/JobBoard/7dd6a284-7be6-49ca-bb18-7947f6a97a21/OpportunityDetail?opportunityId=17810699-4cae-48e3-85b4-08ce8dbc13f7	2026-10-01	2026-10-04	manual_work	
Classic Collision	classiccollision.com	Collision	Collision Estimator	Little Canada, Minnesota, United States, Northern America, Americas	https://classicukg.rec.pro.ukg.net/CLA1028CLAC/JobBoard/7dd6a284-7be6-49ca-bb18-7947f6a97a21/OpportunityDetail?opportunityId=267fcf2e-1694-4a86-9f59-fea592f3c721	2026-10-01	2026-10-04	operations	65000 - 90000 USD per year
Classic Collision	classiccollision.com	Collision	Auto Body Technician	Minneapolis, Minnesota, United States, Northern America, Americas	https://classicukg.rec.pro.ukg.net/CLA1028CLAC/JobBoard/7dd6a284-7be6-49ca-bb18-7947f6a97a21/OpportunityDetail?opportunityId=e8b419cc-f22a-4308-a73d-b94343d20d91	2026-10-01	2026-10-04	manual_work	75000 - 125000 USD per year
Classic Collision	classiccollision.com	Collision	Automotive Paint Prepper	Florence, Kentucky, United States, Northern America, Americas	https://classicukg.rec.pro.ukg.net/CLA1028CLAC/JobBoard/7dd6a284-7be6-49ca-bb18-7947f6a97a21/OpportunityDetail?opportunityId=abab6616-3629-47b3-aa47-f01e9fb25bbf	2026-10-01	2026-10-04	manual_work	
Classic Collision	classiccollision.com	Collision	Auto Body Technician	Apache Junction, Arizona, United States, Northern America, Americas	https://classicukg.rec.pro.ukg.net/CLA1028CLAC/JobBoard/7dd6a284-7be6-49ca-bb18-7947f6a97a21/OpportunityDetail?opportunityId=4a34afd7-517c-4bf9-bbbc-38a070e7aded	2026-10-01	2026-10-03	manual_work	
Classic Collision	classiccollision.com	Collision	Customer Service Representative	Aurora, Colorado, United States, Northern America, Americas	https://classicukg.rec.pro.ukg.net/CLA1028CLAC/JobBoard/7dd6a284-7be6-49ca-bb18-7947f6a97a21/OpportunityDetail?opportunityId=2585be25-a69a-4e54-b6cc-fa3966700dab	2026-10-01	2026-10-03	support	16 - 20 USD per hour
Classic Collision	classiccollision.com	Collision	Auto Body Technician	Chattanooga, Tennessee, United States, Northern America, Americas	https://classicukg.rec.pro.ukg.net/CLA1028CLAC/JobBoard/7dd6a284-7be6-49ca-bb18-7947f6a97a21/OpportunityDetail?opportunityId=df490f70-d804-45d6-bcac-eff37228eaa0	2026-10-01	2026-10-03	manual_work	
Classic Collision	classiccollision.com	Collision	Customer Service Representative	Buda, Texas, United States, Northern America, Americas	https://classicukg.rec.pro.ukg.net/CLA1028CLAC/JobBoard/7dd6a284-7be6-49ca-bb18-7947f6a97a21/OpportunityDetail?opportunityId=c02bcca5-4d4f-4faf-98a1-5c1188063c67	2026-09-30	2026-10-04	support	
Classic Collision	classiccollision.com	Collision	Auto Body Technician	Schertz, Texas, United States, Northern America, Americas	https://classicukg.rec.pro.ukg.net/CLA1028CLAC/JobBoard/7dd6a284-7be6-49ca-bb18-7947f6a97a21/OpportunityDetail?opportunityId=9d399f7b-a0ff-4c14-9ac6-a52d53439cce	2026-09-30	2026-10-04	manual_work	
Classic Collision	classiccollision.com	Collision	Auto Body Helper	Florence, South Carolina, United States, Northern America, Americas	https://classicukg.rec.pro.ukg.net/CLA1028CLAC/JobBoard/7dd6a284-7be6-49ca-bb18-7947f6a97a21/OpportunityDetail?opportunityId=5940948f-c99f-4407-8fe5-ac56d105c3cf	2026-09-30	2026-10-04	manual_work	
Classic Collision	classiccollision.com	Collision	Auto Body Technician	Louisville, Kentucky, United States, Northern America, Americas	https://classicukg.rec.pro.ukg.net/CLA1028CLAC/JobBoard/7dd6a284-7be6-49ca-bb18-7947f6a97a21/OpportunityDetail?opportunityId=bc618682-53ed-43c4-8771-c465be2c1f04	2026-09-30	2026-10-04	manual_work	
Classic Collision	classiccollision.com	Collision	General Manager	Beaverton, Oregon, United States, Northern America, Americas	https://classicukg.rec.pro.ukg.net/CLA1028CLAC/JobBoard/7dd6a284-7be6-49ca-bb18-7947f6a97a21/OpportunityDetail?opportunityId=1a6d360b-f6cf-441a-a6c3-ce7235532baf	2026-09-30	2026-10-04	management	95000 - 120000 USD per year
Classic Collision	classiccollision.com	Collision	Production Manager	Norfolk, Virginia, United States, Northern America, Americas	https://classicukg.rec.pro.ukg.net/CLA1028CLAC/JobBoard/7dd6a284-7be6-49ca-bb18-7947f6a97a21/OpportunityDetail?opportunityId=e20756fe-06bb-424b-b8c8-8b9a653e3039	2026-09-30	2026-10-04	operations	
Classic Collision	classiccollision.com	Collision	Collision Estimator	Portland, Oregon, United States, Northern America, Americas	https://classicukg.rec.pro.ukg.net/CLA1028CLAC/JobBoard/7dd6a284-7be6-49ca-bb18-7947f6a97a21/OpportunityDetail?opportunityId=b20acfbf-9279-4825-9bf0-debfd41829f8	2026-09-30	2026-10-04	operations	100000 - 100000 USD per year
Classic Collision	classiccollision.com	Collision	Auto Body Technician	San Antonio, Texas, United States, Northern America, Americas	https://classicukg.rec.pro.ukg.net/CLA1028CLAC/JobBoard/7dd6a284-7be6-49ca-bb18-7947f6a97a21/OpportunityDetail?opportunityId=73043708-dfab-475a-a672-1758ec25938a	2026-09-30	2026-10-04	manual_work	
Classic Collision	classiccollision.com	Collision	General Manager	Portland, Oregon, United States, Northern America, Americas	https://classicukg.rec.pro.ukg.net/CLA1028CLAC/JobBoard/7dd6a284-7be6-49ca-bb18-7947f6a97a21/OpportunityDetail?opportunityId=73d2dd4d-3a63-4ec8-9be8-0aaff70862f5	2026-09-30	2026-10-02	management	105000 - 130000 USD per year
Classic Collision	classiccollision.com	Collision	Automotive Paint Prepper - Flagged	Midland, Texas, United States, Northern America, Americas	https://classicukg.rec.pro.ukg.net/CLA1028CLAC/JobBoard/7dd6a284-7be6-49ca-bb18-7947f6a97a21/OpportunityDetail?opportunityId=5393c325-2e1b-4fe8-967e-2317316251f6	2026-09-30	2026-10-02	manual_work	
Classic Collision	classiccollision.com	Collision	Auto Body Technician	Medford, Oregon, United States, Northern America, Americas	https://classicukg.rec.pro.ukg.net/CLA1028CLAC/JobBoard/7dd6a284-7be6-49ca-bb18-7947f6a97a21/OpportunityDetail?opportunityId=ad536b13-8715-4203-b4c3-8f130c5973ea	2026-09-30	2026-10-04	manual_work	25 - 30 USD per hour
Classic Collision	classiccollision.com	Collision	Auto Parts Coordinator	Austin, Texas, United States, Northern America, Americas	https://classicukg.rec.pro.ukg.net/CLA1028CLAC/JobBoard/7dd6a284-7be6-49ca-bb18-7947f6a97a21/OpportunityDetail?opportunityId=de0f387f-b7af-4e6d-8292-88b0bd02ca76	2026-09-30	2026-10-04	operations	
Classic Collision	classiccollision.com	Collision	General Manager	Fridley, Minnesota, United States, Northern America, Americas	https://classicukg.rec.pro.ukg.net/CLA1028CLAC/JobBoard/7dd6a284-7be6-49ca-bb18-7947f6a97a21/OpportunityDetail?opportunityId=cdcaf317-52b7-4f95-9dfc-50c3dd8e7e49	2026-09-30	2026-10-04	management	95000 - 140000 USD per year
Classic Collision	classiccollision.com	Collision	Auto Body Technician	Corona, California, United States, Northern America, Americas	https://classicukg.rec.pro.ukg.net/CLA1028CLAC/JobBoard/7dd6a284-7be6-49ca-bb18-7947f6a97a21/OpportunityDetail?opportunityId=bc774b89-a07a-4b62-99b2-ec0851fc60bf	2026-09-30	2026-10-04	manual_work	22 - 26 USD per hour
Classic Collision	classiccollision.com	Collision	Automotive Paint Prepper	Eastvale, California, United States, Northern America, Americas	https://classicukg.rec.pro.ukg.net/CLA1028CLAC/JobBoard/7dd6a284-7be6-49ca-bb18-7947f6a97a21/OpportunityDetail?opportunityId=00f832d9-7fae-4c72-a9bf-643b2d06067e	2026-09-30	2026-10-04	manual_work	18.0 - 24.0 USD per hour
Classic Collision	classiccollision.com	Collision	Automotive Paint Prepper	Louisville, Kentucky, United States, Northern America, Americas	https://classicukg.rec.pro.ukg.net/CLA1028CLAC/JobBoard/7dd6a284-7be6-49ca-bb18-7947f6a97a21/OpportunityDetail?opportunityId=8550a328-da80-41cc-aefe-1b88a2cce99e	2026-09-30	2026-10-04	manual_work	
Classic Collision	classiccollision.com	Collision	Auto Parts Coordinator	Georgetown, Texas, United States, Northern America, Americas	https://classicukg.rec.pro.ukg.net/CLA1028CLAC/JobBoard/7dd6a284-7be6-49ca-bb18-7947f6a97a21/OpportunityDetail?opportunityId=d6f9c69f-1678-4a08-b49f-faa54dd6e706	2026-09-30	2026-10-04	operations	
Classic Collision	classiccollision.com	Collision	Customer Service Representative	Georgetown, Texas, United States, Northern America, Americas	https://classicukg.rec.pro.ukg.net/CLA1028CLAC/JobBoard/7dd6a284-7be6-49ca-bb18-7947f6a97a21/OpportunityDetail?opportunityId=947119e6-1a27-49b5-be19-ac6be944fe37	2026-09-30	2026-10-04	support	
Classic Collision	classiccollision.com	Collision	Auto Body Technician	Commerce City, Colorado, United States, Northern America, Americas	https://classicukg.rec.pro.ukg.net/CLA1028CLAC/JobBoard/7dd6a284-7be6-49ca-bb18-7947f6a97a21/OpportunityDetail?opportunityId=47db5107-1f7c-4375-9a83-8627be7d5b4f	2026-09-29	2026-10-04	manual_work	75000 - 150000 USD per year
Classic Collision	classiccollision.com	Collision	Senior Service Advisor	Georgetown, Texas, United States, Northern America, Americas	https://classicukg.rec.pro.ukg.net/CLA1028CLAC/JobBoard/7dd6a284-7be6-49ca-bb18-7947f6a97a21/OpportunityDetail?opportunityId=8e517c9e-1b77-4f9a-a5fc-86c2c03b2c3f	2026-09-29	2026-10-04	support,operations	
Classic Collision	classiccollision.com	Collision	General Manager	Cumming, Georgia, United States, Northern America, Americas	https://classicukg.rec.pro.ukg.net/CLA1028CLAC/JobBoard/7dd6a284-7be6-49ca-bb18-7947f6a97a21/OpportunityDetail?opportunityId=a244bf0a-ab18-4683-a8fd-f0302baea797	2026-09-29	2026-10-04	management	
Classic Collision	classiccollision.com	Collision	Senior Service Advisor	Katy, Texas, United States, Northern America, Americas	https://classicukg.rec.pro.ukg.net/CLA1028CLAC/JobBoard/7dd6a284-7be6-49ca-bb18-7947f6a97a21/OpportunityDetail?opportunityId=91974cb5-236e-48a2-b15b-908e11bfb6c1	2026-09-29	2026-10-04	support,operations	
Classic Collision	classiccollision.com	Collision	Auto Body Detailer	Gainesville, Florida, United States, Northern America, Americas	https://classicukg.rec.pro.ukg.net/CLA1028CLAC/JobBoard/7dd6a284-7be6-49ca-bb18-7947f6a97a21/OpportunityDetail?opportunityId=03fe0ba7-89e1-4e94-bc17-1ec514885756	2026-09-29	2026-10-03	manual_work	
Classic Collision	classiccollision.com	Collision	Senior Service Advisor	San Antonio, Texas, United States, Northern America, Americas	https://classicukg.rec.pro.ukg.net/CLA1028CLAC/JobBoard/7dd6a284-7be6-49ca-bb18-7947f6a97a21/OpportunityDetail?opportunityId=895d9616-e16b-4002-8511-3fb9fbe00bdc	2026-09-29	2026-10-04	support,operations	
Classic Collision	classiccollision.com	Collision	General Manager	Livingston, Texas, United States, Northern America, Americas	https://classicukg.rec.pro.ukg.net/CLA1028CLAC/JobBoard/7dd6a284-7be6-49ca-bb18-7947f6a97a21/OpportunityDetail?opportunityId=41b69f18-c609-4616-8f6f-0bb8a7442852	2026-09-29	2026-10-04	management	
Classic Collision	classiccollision.com	Collision	Auto Body Technician	New Braunfels, Texas, United States, Northern America, Americas	https://classicukg.rec.pro.ukg.net/CLA1028CLAC/JobBoard/7dd6a284-7be6-49ca-bb18-7947f6a97a21/OpportunityDetail?opportunityId=57d6b712-17ca-49f6-93b6-f70dc39cadee	2026-09-29	2026-10-04	manual_work	
Classic Collision	classiccollision.com	Collision	Auto Body Technician	Livingston, Texas, United States, Northern America, Americas	https://classicukg.rec.pro.ukg.net/CLA1028CLAC/JobBoard/7dd6a284-7be6-49ca-bb18-7947f6a97a21/OpportunityDetail?opportunityId=1fe46078-19fd-4fb6-acca-53fc25ce3297	2026-09-29	2026-10-04	manual_work	
Classic Collision	classiccollision.com	Collision	Auto Body Technician	Lynn Haven, Florida, United States, Northern America, Americas	https://classicukg.rec.pro.ukg.net/CLA1028CLAC/JobBoard/7dd6a284-7be6-49ca-bb18-7947f6a97a21/OpportunityDetail?opportunityId=cec57506-0c8b-41de-9c74-fbdd8d048999	2026-09-29	2026-10-04	manual_work	
Classic Collision	classiccollision.com	Collision	Auto Body Technician	Charlotte, North Carolina, United States, Northern America, Americas	https://classicukg.rec.pro.ukg.net/CLA1028CLAC/JobBoard/7dd6a284-7be6-49ca-bb18-7947f6a97a21/OpportunityDetail?opportunityId=71d68580-a906-4903-b225-87f080700f50	2026-09-29	2026-10-04	manual_work	
Classic Collision	classiccollision.com	Collision	Auto Body Helper	Henderson, Texas, United States, Northern America, Americas	https://classicukg.rec.pro.ukg.net/CLA1028CLAC/JobBoard/7dd6a284-7be6-49ca-bb18-7947f6a97a21/OpportunityDetail?opportunityId=9965fbf1-027c-4763-bcc9-6a4ac50da5e3	2026-09-29	2026-10-04	manual_work	
Classic Collision	classiccollision.com	Collision	Auto Body Detailer	Castle Rock, Colorado, United States, Northern America, Americas	https://classicukg.rec.pro.ukg.net/CLA1028CLAC/JobBoard/7dd6a284-7be6-49ca-bb18-7947f6a97a21/OpportunityDetail?opportunityId=4c8cbaa7-5d4f-448b-a0a5-f2e43cd4244f	2026-09-29	2026-10-04	manual_work	16 - 18 USD per hour
Classic Collision	classiccollision.com	Collision	Collision Estimator	Morrow, Georgia, United States, Northern America, Americas	https://classicukg.rec.pro.ukg.net/CLA1028CLAC/JobBoard/7dd6a284-7be6-49ca-bb18-7947f6a97a21/OpportunityDetail?opportunityId=643e074e-3ca3-4f36-8ada-3560f35e9bb9	2026-09-29	2026-10-04	operations	
Classic Collision	classiccollision.com	Collision	Collision Estimator	Atlanta, Georgia, United States, Northern America, Americas	https://classicukg.rec.pro.ukg.net/CLA1028CLAC/JobBoard/7dd6a284-7be6-49ca-bb18-7947f6a97a21/OpportunityDetail?opportunityId=55cf44af-ad50-4369-b463-d6578b7a86fa	2026-09-29	2026-10-04	operations	
Classic Collision	classiccollision.com	Collision	Senior Service Advisor	Texas, United States, Northern America, Americas	https://classicukg.rec.pro.ukg.net/CLA1028CLAC/JobBoard/7dd6a284-7be6-49ca-bb18-7947f6a97a21/OpportunityDetail?opportunityId=976d6d36-6876-4f35-a6e6-a635982d3acb	2026-09-28	2026-10-04	support,operations	
Classic Collision	classiccollision.com	Collision	Auto Body Technician	Dripping Springs, Texas, United States, Northern America, Americas	https://classicukg.rec.pro.ukg.net/CLA1028CLAC/JobBoard/7dd6a284-7be6-49ca-bb18-7947f6a97a21/OpportunityDetail?opportunityId=7d613101-eff3-4711-8a82-1b8fd31d653f	2026-09-28	2026-10-04	manual_work	
Classic Collision	classiccollision.com	Collision	Collision Estimator	Lynn Haven, Florida, United States, Northern America, Americas	https://classicukg.rec.pro.ukg.net/CLA1028CLAC/JobBoard/7dd6a284-7be6-49ca-bb18-7947f6a97a21/OpportunityDetail?opportunityId=8a60dcde-3eee-4d2c-877d-a693307d7ada	2026-09-27	2026-10-04	operations	
Classic Collision	classiccollision.com	Collision	Auto Body Technician	Chattanooga, Tennessee, United States, Northern America, Americas	https://classicukg.rec.pro.ukg.net/CLA1028CLAC/JobBoard/7dd6a284-7be6-49ca-bb18-7947f6a97a21/OpportunityDetail?opportunityId=6bba44ac-aab4-4dbd-bb98-e57becd3f945	2026-09-27	2026-10-04	manual_work	
Classic Collision	classiccollision.com	Collision	Auto Body Technician	Anchorage, Alaska, United States, Northern America, Americas	https://classicukg.rec.pro.ukg.net/CLA1028CLAC/JobBoard/7dd6a284-7be6-49ca-bb18-7947f6a97a21/OpportunityDetail?opportunityId=ad0a0fd4-c749-49be-b069-ddba9a01fec8	2026-09-27	2026-10-04	manual_work	
Classic Collision	classiccollision.com	Collision	Auto Body Technician	Alpharetta, Georgia, United States, Northern America, Americas	https://classicukg.rec.pro.ukg.net/CLA1028CLAC/JobBoard/7dd6a284-7be6-49ca-bb18-7947f6a97a21/OpportunityDetail?opportunityId=5cbef1e1-dcb2-43c3-bcd1-fdc7729ea95a	2026-09-27	2026-10-04	manual_work	
Classic Collision	classiccollision.com	Collision	Auto Body Technician	Augusta, Georgia, United States, Northern America, Americas	https://classicukg.rec.pro.ukg.net/CLA1028CLAC/JobBoard/7dd6a284-7be6-49ca-bb18-7947f6a97a21/OpportunityDetail?opportunityId=537b52f6-2606-48e2-a10b-ca40f3dd0a65	2026-09-27	2026-10-04	manual_work	
Classic Collision	classiccollision.com	Collision	Shop Porter	Florence, Kentucky, United States, Northern America, Americas	https://classicukg.rec.pro.ukg.net/CLA1028CLAC/JobBoard/7dd6a284-7be6-49ca-bb18-7947f6a97a21/OpportunityDetail?opportunityId=71531d28-81d1-4027-b6b3-834e523104a0	2026-09-27	2026-10-04	manual_work	
Classic Collision	classiccollision.com	Collision	Customer Service Representative	Dayton, Tennessee, United States, Northern America, Americas	https://classicukg.rec.pro.ukg.net/CLA1028CLAC/JobBoard/7dd6a284-7be6-49ca-bb18-7947f6a97a21/OpportunityDetail?opportunityId=262f7f03-0cea-481c-8c1e-8cdb97cc5030	2026-09-27	2026-10-04	support	
Classic Collision	classiccollision.com	Collision	Auto Body Detailer	Atlanta, Georgia, United States, Northern America, Americas	https://classicukg.rec.pro.ukg.net/CLA1028CLAC/JobBoard/7dd6a284-7be6-49ca-bb18-7947f6a97a21/OpportunityDetail?opportunityId=1aded55b-8fcc-4c31-aedd-632ecfbd0279	2026-09-27	2026-10-03	manual_work	
Classic Collision	classiccollision.com	Collision	Auto Body Detailer	Evans, Georgia, United States, Northern America, Americas	https://classicukg.rec.pro.ukg.net/CLA1028CLAC/JobBoard/7dd6a284-7be6-49ca-bb18-7947f6a97a21/OpportunityDetail?opportunityId=a11f629d-17c5-4e03-959a-d904369d822a	2026-09-27	2026-10-03	manual_work	
Classic Collision	classiccollision.com	Collision	Auto Body Technician	Federal Way, Washington, United States, Northern America, Americas	https://classicukg.rec.pro.ukg.net/CLA1028CLAC/JobBoard/7dd6a284-7be6-49ca-bb18-7947f6a97a21/OpportunityDetail?opportunityId=a1f526df-57e3-4587-a0b5-ff34873a340a	2026-09-25	2026-10-04	manual_work	28 - 30 USD per hour
Classic Collision	classiccollision.com	Collision	Customer Service Representative	Mount Pleasant, South Carolina, United States, Northern America, Americas	https://classicukg.rec.pro.ukg.net/CLA1028CLAC/JobBoard/7dd6a284-7be6-49ca-bb18-7947f6a97a21/OpportunityDetail?opportunityId=fe9860c0-5e09-493b-bcab-02f1e16369b0	2026-09-25	2026-10-04	support	
Classic Collision	classiccollision.com	Collision	Auto Body Technician	Orlando, Florida, United States, Northern America, Americas	https://classicukg.rec.pro.ukg.net/CLA1028CLAC/JobBoard/7dd6a284-7be6-49ca-bb18-7947f6a97a21/OpportunityDetail?opportunityId=26dcef1a-bef7-47d4-82bf-530030d98326	2026-09-25	2026-10-04	manual_work	
Classic Collision	classiccollision.com	Collision	Auto Body Technician	Santa Ana, California, United States, Northern America, Americas	https://classicukg.rec.pro.ukg.net/CLA1028CLAC/JobBoard/7dd6a284-7be6-49ca-bb18-7947f6a97a21/OpportunityDetail?opportunityId=df6fe779-0b7b-4e09-9592-9b1edd8f973f	2026-09-25	2026-10-04	manual_work	22 - 26 USD per hour
Classic Collision	classiccollision.com	Collision	Auto Parts Coordinator	Metairie, Louisiana, United States, Northern America, Americas	https://classicukg.rec.pro.ukg.net/CLA1028CLAC/JobBoard/7dd6a284-7be6-49ca-bb18-7947f6a97a21/OpportunityDetail?opportunityId=0e66b0d6-fc6e-4081-b2b2-644a01dc8dfd	2026-09-25	2026-10-04	operations	
Classic Collision	classiccollision.com	Collision	Auto Body Detailer	Melbourne, Florida, United States, Northern America, Americas	https://classicukg.rec.pro.ukg.net/CLA1028CLAC/JobBoard/7dd6a284-7be6-49ca-bb18-7947f6a97a21/OpportunityDetail?opportunityId=bef740c3-fdd1-4fae-b524-ed4e10a448b1	2026-09-25	2026-10-04	manual_work	
Classic Collision	classiccollision.com	Collision	Auto Body Technician	Charleston, South Carolina, United States, Northern America, Americas	https://classicukg.rec.pro.ukg.net/CLA1028CLAC/JobBoard/7dd6a284-7be6-49ca-bb18-7947f6a97a21/OpportunityDetail?opportunityId=574c2abf-c7f3-4e65-bab3-fac451d90ff2	2026-09-25	2026-10-04	manual_work	
Classic Collision	classiccollision.com	Collision	Customer Service Representative	Davie, Florida, United States, Northern America, Americas	https://classicukg.rec.pro.ukg.net/CLA1028CLAC/JobBoard/7dd6a284-7be6-49ca-bb18-7947f6a97a21/OpportunityDetail?opportunityId=b3fd948a-5805-460f-a262-bfea74229a3e	2026-09-25	2026-10-04	support	
Classic Collision	classiccollision.com	Collision	Auto Body Technician	Central Point, Oregon, United States, Northern America, Americas	https://classicukg.rec.pro.ukg.net/CLA1028CLAC/JobBoard/7dd6a284-7be6-49ca-bb18-7947f6a97a21/OpportunityDetail?opportunityId=8a63d028-01f6-475a-8eb8-09e0164d12bd	2026-09-25	2026-10-04	manual_work	25 - 30 USD per hour
Classic Collision	classiccollision.com	Collision	Customer Service Representative	Lynn Haven, Florida, United States, Northern America, Americas	https://classicukg.rec.pro.ukg.net/CLA1028CLAC/JobBoard/7dd6a284-7be6-49ca-bb18-7947f6a97a21/OpportunityDetail?opportunityId=b9cbdec6-ef34-4e79-a90c-26a4e5f3b374	2026-09-25	2026-10-04	support	
Classic Collision	classiccollision.com	Collision	Collision Estimator - Hourly	Federal Way, Washington, United States, Northern America, Americas	https://classicukg.rec.pro.ukg.net/CLA1028CLAC/JobBoard/7dd6a284-7be6-49ca-bb18-7947f6a97a21/OpportunityDetail?opportunityId=68ebe2d7-5f4a-4a18-a0de-b68e19f01091	2026-09-25	2026-10-01	operations	$50000 to $175000 Depending on Experience
Classic Collision	classiccollision.com	Collision	Auto Body Detailer	Medford, Oregon, United States, Northern America, Americas	https://classicukg.rec.pro.ukg.net/CLA1028CLAC/JobBoard/7dd6a284-7be6-49ca-bb18-7947f6a97a21/OpportunityDetail?opportunityId=5e4e8b82-1700-49f6-90a7-597254fb21f6	2026-09-25	2026-10-01	manual_work	18.0 - 20.0 USD per hour
Classic Collision	classiccollision.com	Collision	Shop Porter	Fredericksburg, Virginia, United States, Northern America, Americas	https://classicukg.rec.pro.ukg.net/CLA1028CLAC/JobBoard/7dd6a284-7be6-49ca-bb18-7947f6a97a21/OpportunityDetail?opportunityId=0d433e5e-d435-4d0c-ab31-fe0276370862	2026-09-25	2026-10-01	manual_work	
Classic Collision	classiccollision.com	Collision	Customer Service Representative	Gainesville, Florida, United States, Northern America, Americas	https://classicukg.rec.pro.ukg.net/CLA1028CLAC/JobBoard/7dd6a284-7be6-49ca-bb18-7947f6a97a21/OpportunityDetail?opportunityId=6c575644-735b-4c4e-a5f1-2de7bd88e88d	2026-09-25	2026-10-01	support	
Classic Collision	classiccollision.com	Collision	Auto Body Technician	Houston, Texas, United States, Northern America, Americas	https://classicukg.rec.pro.ukg.net/CLA1028CLAC/JobBoard/7dd6a284-7be6-49ca-bb18-7947f6a97a21/OpportunityDetail?opportunityId=5eea9fba-6788-40d8-9b8d-d286380807b8	2026-09-25	2026-10-04	manual_work	
Classic Collision	classiccollision.com	Collision	Automotive Glass Technician	Henderson, Texas, United States, Northern America, Americas	https://classicukg.rec.pro.ukg.net/CLA1028CLAC/JobBoard/abc516a1-862d-4d5f-9f10-b02718528945/OpportunityDetail?opportunityId=8be98171-027e-46b1-8ce8-7d344b2bf13f	2026-09-25	2026-10-03	manual_work	54000 - 156000 USD per year
Classic Collision	classiccollision.com	Collision	Automotive Glass Technician	Katy, Texas, United States, Northern America, Americas	https://classicukg.rec.pro.ukg.net/CLA1028CLAC/JobBoard/abc516a1-862d-4d5f-9f10-b02718528945/OpportunityDetail?opportunityId=44b963fe-05a9-420c-ba08-439552e97a85	2026-09-25	2026-10-03	manual_work	54000 - 156000 USD per year
Classic Collision	classiccollision.com	Collision	Automotive Glass Technician	Houston, Texas, United States, Northern America, Americas	https://classicukg.rec.pro.ukg.net/CLA1028CLAC/JobBoard/abc516a1-862d-4d5f-9f10-b02718528945/OpportunityDetail?opportunityId=ce2ea571-e93f-463e-b2a2-75a09ed27cf0	2026-09-25	2026-10-03	manual_work	54000 - 156000 USD per year
Classic Collision	classiccollision.com	Collision	Auto Glass General Manager	Pensacola, Florida, United States, Northern America, Americas	https://classicukg.rec.pro.ukg.net/CLA1028CLAC/JobBoard/abc516a1-862d-4d5f-9f10-b02718528945/OpportunityDetail?opportunityId=b244ce01-07b5-4f48-9b99-5e4ed29218b7	2026-09-25	2026-10-03	management	
Classic Collision	classiccollision.com	Collision	Shop Porter	Mount Pleasant, South Carolina, United States, Northern America, Americas	https://classicukg.rec.pro.ukg.net/CLA1028CLAC/JobBoard/7dd6a284-7be6-49ca-bb18-7947f6a97a21/OpportunityDetail?opportunityId=cd569e9d-db3f-43f5-99e0-3513eaecad21	2026-09-24	2026-10-04	operations	
Classic Collision	classiccollision.com	Collision	Auto Body Technician	Denver, Colorado, United States, Northern America, Americas	https://classicukg.rec.pro.ukg.net/CLA1028CLAC/JobBoard/7dd6a284-7be6-49ca-bb18-7947f6a97a21/OpportunityDetail?opportunityId=c53ef499-e079-4a90-9692-75de289c51a4	2026-09-24	2026-10-04	manual_work	
Classic Collision	classiccollision.com	Collision	Auto Body Technician	Lilburn, Georgia, United States, Northern America, Americas	https://classicukg.rec.pro.ukg.net/CLA1028CLAC/JobBoard/7dd6a284-7be6-49ca-bb18-7947f6a97a21/OpportunityDetail?opportunityId=a1107ef9-3533-412a-993e-cb6f03a41f45	2026-09-24	2026-09-30	manual_work	
Classic Collision	classiccollision.com	Collision	Auto Body Technician	San Antonio, Texas, United States, Northern America, Americas	https://classicukg.rec.pro.ukg.net/CLA1028CLAC/JobBoard/7dd6a284-7be6-49ca-bb18-7947f6a97a21/OpportunityDetail?opportunityId=800a0eff-10f5-47be-aa8d-af42428d582f	2026-09-23	2026-09-29	manual_work	
Classic Collision	classiccollision.com	Collision	Production Manager	Florida, United States, Northern America, Americas	https://classicukg.rec.pro.ukg.net/CLA1028CLAC/JobBoard/7dd6a284-7be6-49ca-bb18-7947f6a97a21/OpportunityDetail?opportunityId=828949bf-9569-4c28-9748-8ca4574b4cab	2026-09-23	2026-10-04	management,operations	
Classic Collision	classiccollision.com	Collision	Auto Paint Technician	Key West, Florida, United States, Northern America, Americas	https://classicukg.rec.pro.ukg.net/CLA1028CLAC/JobBoard/7dd6a284-7be6-49ca-bb18-7947f6a97a21/OpportunityDetail?opportunityId=3a99d6a0-8723-48df-82a4-1e34417cc774	2026-09-23	2026-10-04	manual_work	
Classic Collision	classiccollision.com	Collision	Auto Body Technician	Stuart, Florida, United States, Northern America, Americas	https://classicukg.rec.pro.ukg.net/CLA1028CLAC/JobBoard/7dd6a284-7be6-49ca-bb18-7947f6a97a21/OpportunityDetail?opportunityId=cfaa1f29-304f-4558-99df-d91154ee8f94	2026-09-23	2026-10-04	manual_work	
Classic Collision	classiccollision.com	Collision	Collision Estimator	Florida, United States, Northern America, Americas	https://classicukg.rec.pro.ukg.net/CLA1028CLAC/JobBoard/7dd6a284-7be6-49ca-bb18-7947f6a97a21/OpportunityDetail?opportunityId=fda26e77-64a7-41e4-8131-1e7a6fa32b36	2026-09-23	2026-10-04	operations	
Classic Collision	classiccollision.com	Collision	Auto Parts Manager	Austin, Texas, United States, Northern America, Americas	https://classicukg.rec.pro.ukg.net/CLA1028CLAC/JobBoard/7dd6a284-7be6-49ca-bb18-7947f6a97a21/OpportunityDetail?opportunityId=c7e2527c-8868-4e70-914e-d7a704f365c7	2026-09-23	2026-10-04	operations	
Classic Collision	classiccollision.com	Collision	General Manager	San Antonio, Texas, United States, Northern America, Americas	https://classicukg.rec.pro.ukg.net/CLA1028CLAC/JobBoard/7dd6a284-7be6-49ca-bb18-7947f6a97a21/OpportunityDetail?opportunityId=876393fe-2914-4c52-9456-fae544efeefc	2026-09-23	2026-09-29	management	
Classic Collision	classiccollision.com	Collision	Collision Estimator	Pensacola, Florida, United States, Northern America, Americas	https://classicukg.rec.pro.ukg.net/CLA1028CLAC/JobBoard/7dd6a284-7be6-49ca-bb18-7947f6a97a21/OpportunityDetail?opportunityId=9e3a7407-8cbb-4780-b6be-853b4633b7f0	2026-09-23	2026-10-03	operations	
Classic Collision	classiccollision.com	Collision	Auto Body Technician	San Antonio, Texas, United States, Northern America, Americas	https://classicukg.rec.pro.ukg.net/CLA1028CLAC/JobBoard/7dd6a284-7be6-49ca-bb18-7947f6a97a21/OpportunityDetail?opportunityId=743a65b1-65db-41fc-912c-6d02c36724ea	2026-09-22	2026-09-28	manual_work	
Classic Collision	classiccollision.com	Collision	Auto Body Helper Hourly	Castle Rock, Colorado, United States, Northern America, Americas	https://classicukg.rec.pro.ukg.net/CLA1028CLAC/JobBoard/7dd6a284-7be6-49ca-bb18-7947f6a97a21/OpportunityDetail?opportunityId=5b8d0b23-b63d-41c4-bc7e-9378daa748a5	2026-09-22	2026-09-28	manual_work	22 - 26 USD per hour
Classic Collision	classiccollision.com	Collision	Collision Estimator	Athens, Georgia, United States, Northern America, Americas	https://classicukg.rec.pro.ukg.net/CLA1028CLAC/JobBoard/7dd6a284-7be6-49ca-bb18-7947f6a97a21/OpportunityDetail?opportunityId=ea213b20-632f-41b2-824f-8a72762707e0	2026-09-22	2026-10-04	operations	
Classic Collision	classiccollision.com	Collision	Collision Estimator	Augusta, Georgia, United States, Northern America, Americas	https://classicukg.rec.pro.ukg.net/CLA1028CLAC/JobBoard/7dd6a284-7be6-49ca-bb18-7947f6a97a21/OpportunityDetail?opportunityId=cfb772cf-bcc4-46f2-905d-c44e704c564d	2026-09-22	2026-10-04	operations	
Classic Collision	classiccollision.com	Collision	Auto Body Technician	Aurora, Colorado, United States, Northern America, Americas	https://classicukg.rec.pro.ukg.net/CLA1028CLAC/JobBoard/7dd6a284-7be6-49ca-bb18-7947f6a97a21/OpportunityDetail?opportunityId=d5f8d7eb-8d21-424d-a4db-59b0c71f452f	2026-09-22	2026-10-04	manual_work	
Classic Collision	classiccollision.com	Collision	Collision Estimator	Cumming, Georgia, United States, Northern America, Americas	https://classicukg.rec.pro.ukg.net/CLA1028CLAC/JobBoard/7dd6a284-7be6-49ca-bb18-7947f6a97a21/OpportunityDetail?opportunityId=a567995e-0e40-4d85-9fbb-237c4d1c8db4	2026-09-22	2026-10-04	operations	
Classic Collision	classiccollision.com	Collision	Auto Body Technician	Davie, Florida, United States, Northern America, Americas	https://classicukg.rec.pro.ukg.net/CLA1028CLAC/JobBoard/7dd6a284-7be6-49ca-bb18-7947f6a97a21/OpportunityDetail?opportunityId=4f85dbb0-f0d3-4ac7-bddb-78ce93ccd940	2026-09-22	2026-10-04	manual_work	
Classic Collision	classiccollision.com	Collision	Collision Estimator	Augusta, Georgia, United States, Northern America, Americas	https://classicukg.rec.pro.ukg.net/CLA1028CLAC/JobBoard/7dd6a284-7be6-49ca-bb18-7947f6a97a21/OpportunityDetail?opportunityId=8c9363fa-2772-4609-afea-f0950dfe8c77	2026-09-22	2026-10-04	operations	
Classic Collision	classiccollision.com	Collision	Auto Body Technician	Augusta, Georgia, United States, Northern America, Americas	https://classicukg.rec.pro.ukg.net/CLA1028CLAC/JobBoard/7dd6a284-7be6-49ca-bb18-7947f6a97a21/OpportunityDetail?opportunityId=f816c577-b17e-4cf8-b13f-4b58bbe01eee	2026-09-22	2026-10-04	manual_work	
Classic Collision	classiccollision.com	Collision	Collision Estimator	Duluth, Georgia, United States, Northern America, Americas	https://classicukg.rec.pro.ukg.net/CLA1028CLAC/JobBoard/7dd6a284-7be6-49ca-bb18-7947f6a97a21/OpportunityDetail?opportunityId=e4070f5f-5f76-412f-8a12-5bc52f8f475e	2026-09-22	2026-10-04	operations	
Classic Collision	classiccollision.com	Collision	Auto Body Technician	Commerce City, Colorado, United States, Northern America, Americas	https://classicukg.rec.pro.ukg.net/CLA1028CLAC/JobBoard/7dd6a284-7be6-49ca-bb18-7947f6a97a21/OpportunityDetail?opportunityId=ea4a6252-902f-4749-a564-0f8b3aa19a16	2026-09-22	2026-10-04	manual_work	
Classic Collision	classiccollision.com	Collision	Auto Body Technician	Duluth, Georgia, United States, Northern America, Americas	https://classicukg.rec.pro.ukg.net/CLA1028CLAC/JobBoard/7dd6a284-7be6-49ca-bb18-7947f6a97a21/OpportunityDetail?opportunityId=fa07da93-921b-4900-9b28-66bcd036892a	2026-09-22	2026-10-04	manual_work	
Classic Collision	classiccollision.com	Collision	Auto Body Technician	Augusta, Georgia, United States, Northern America, Americas	https://classicukg.rec.pro.ukg.net/CLA1028CLAC/JobBoard/7dd6a284-7be6-49ca-bb18-7947f6a97a21/OpportunityDetail?opportunityId=7df5a280-1021-40bc-8b58-8f1afa94f3a9	2026-09-22	2026-10-04	manual_work	
Classic Collision	classiccollision.com	Collision	Auto Body Technician	Lawrenceville, Georgia, United States, Northern America, Americas	https://classicukg.rec.pro.ukg.net/CLA1028CLAC/JobBoard/7dd6a284-7be6-49ca-bb18-7947f6a97a21/OpportunityDetail?opportunityId=ceb56d2c-68f2-45c5-b3f1-e166816678a8	2026-09-22	2026-10-04	manual_work	
Classic Collision	classiccollision.com	Collision	Collision Estimator	Conyers, Georgia, United States, Northern America, Americas	https://classicukg.rec.pro.ukg.net/CLA1028CLAC/JobBoard/7dd6a284-7be6-49ca-bb18-7947f6a97a21/OpportunityDetail?opportunityId=cb29b619-725f-4e96-a156-2753c4ddf1a6	2026-09-22	2026-10-04	operations	
Classic Collision	classiccollision.com	Collision	Collision Estimator	Atlanta, Georgia, United States, Northern America, Americas	https://classicukg.rec.pro.ukg.net/CLA1028CLAC/JobBoard/7dd6a284-7be6-49ca-bb18-7947f6a97a21/OpportunityDetail?opportunityId=d1c41e63-3b58-465f-b154-dbb6928eff70	2026-09-22	2026-10-04	operations	
Classic Collision	classiccollision.com	Collision	Collision Estimator	Commerce, Georgia, United States, Northern America, Americas	https://classicukg.rec.pro.ukg.net/CLA1028CLAC/JobBoard/7dd6a284-7be6-49ca-bb18-7947f6a97a21/OpportunityDetail?opportunityId=990f7469-4659-4c73-944d-1bb2264afed9	2026-09-22	2026-10-04	operations	
Classic Collision	classiccollision.com	Collision	Collision Estimator	Sugar Hill, Georgia, United States, Northern America, Americas	https://classicukg.rec.pro.ukg.net/CLA1028CLAC/JobBoard/7dd6a284-7be6-49ca-bb18-7947f6a97a21/OpportunityDetail?opportunityId=f1651acd-aca5-4c19-9a30-ec48e6f65f12	2026-09-22	2026-10-04	operations	
Classic Collision	classiccollision.com	Collision	Automotive Paint Prepper	Commerce City, Colorado, United States, Northern America, Americas	https://classicukg.rec.pro.ukg.net/CLA1028CLAC/JobBoard/7dd6a284-7be6-49ca-bb18-7947f6a97a21/OpportunityDetail?opportunityId=7bf0c073-7254-4486-954c-1fa569a4d957	2026-09-22	2026-10-04	manual_work	18.0 - 20.0 USD per hour
Classic Collision	classiccollision.com	Collision	Auto Body Technician	Duluth, Georgia, United States, Northern America, Americas	https://classicukg.rec.pro.ukg.net/CLA1028CLAC/JobBoard/7dd6a284-7be6-49ca-bb18-7947f6a97a21/OpportunityDetail?opportunityId=f05a771f-7233-4a9d-a906-e34feada60a9	2026-09-22	2026-10-04	manual_work	
Classic Collision	classiccollision.com	Collision	Auto Body Technician	Evans, Georgia, United States, Northern America, Americas	https://classicukg.rec.pro.ukg.net/CLA1028CLAC/JobBoard/7dd6a284-7be6-49ca-bb18-7947f6a97a21/OpportunityDetail?opportunityId=d261fc1b-8dd4-4478-84f0-b671313f50e0	2026-09-22	2026-10-04	manual_work	
Classic Collision	classiccollision.com	Collision	Auto Body Technician	Rome, Georgia, United States, Northern America, Americas	https://classicukg.rec.pro.ukg.net/CLA1028CLAC/JobBoard/7dd6a284-7be6-49ca-bb18-7947f6a97a21/OpportunityDetail?opportunityId=4ce826f9-680f-4566-b9e9-82456a1cdb1f	2026-09-22	2026-10-04	manual_work	
Classic Collision	classiccollision.com	Collision	Auto Body Technician	Buford, Georgia, United States, Northern America, Americas	https://classicukg.rec.pro.ukg.net/CLA1028CLAC/JobBoard/7dd6a284-7be6-49ca-bb18-7947f6a97a21/OpportunityDetail?opportunityId=f3e77f8d-1da7-434d-b3c5-83df085baf6e	2026-09-22	2026-10-04	manual_work	
Classic Collision	classiccollision.com	Collision	Auto Body Technician	Roswell, Georgia, United States, Northern America, Americas	https://classicukg.rec.pro.ukg.net/CLA1028CLAC/JobBoard/7dd6a284-7be6-49ca-bb18-7947f6a97a21/OpportunityDetail?opportunityId=8ee38d83-7074-4b41-8e4b-5569cae95259	2026-09-22	2026-10-04	manual_work	
Classic Collision	classiccollision.com	Collision	Collision Estimator	Aiken, South Carolina, United States, Northern America, Americas	https://classicukg.rec.pro.ukg.net/CLA1028CLAC/JobBoard/7dd6a284-7be6-49ca-bb18-7947f6a97a21/OpportunityDetail?opportunityId=ed9c1e06-57a5-4444-8b64-f03113f01a51	2026-09-22	2026-10-04	operations	
Classic Collision	classiccollision.com	Collision	Auto Body Technician	Lawrenceville, Georgia, United States, Northern America, Americas	https://classicukg.rec.pro.ukg.net/CLA1028CLAC/JobBoard/7dd6a284-7be6-49ca-bb18-7947f6a97a21/OpportunityDetail?opportunityId=bfaa1ba9-ddfd-4029-84b3-1c53c348b7e9	2026-09-22	2026-10-04	manual_work	
Classic Collision	classiccollision.com	Collision	Auto Body Technician	Atlanta, Georgia, United States, Northern America, Americas	https://classicukg.rec.pro.ukg.net/CLA1028CLAC/JobBoard/7dd6a284-7be6-49ca-bb18-7947f6a97a21/OpportunityDetail?opportunityId=c3e2c4c0-b40a-47e5-a3ef-75d77bd38119	2026-09-22	2026-10-04	manual_work	
Classic Collision	classiccollision.com	Collision	Collision Estimator	Roswell, Georgia, United States, Northern America, Americas	https://classicukg.rec.pro.ukg.net/CLA1028CLAC/JobBoard/7dd6a284-7be6-49ca-bb18-7947f6a97a21/OpportunityDetail?opportunityId=023805cf-1ef3-4acc-a4bc-4f989d2d89df	2026-09-22	2026-10-04	operations	
Classic Collision	classiccollision.com	Collision	Automotive Paint Prepper	Aurora, Colorado, United States, Northern America, Americas	https://classicukg.rec.pro.ukg.net/CLA1028CLAC/JobBoard/7dd6a284-7be6-49ca-bb18-7947f6a97a21/OpportunityDetail?opportunityId=4fa41e7a-b0c3-4a54-a8e9-ca34614575a1	2026-09-22	2026-10-04	manual_work	18.0 - 20.0 USD per hour
Classic Collision	classiccollision.com	Collision	Collision Estimator	Lawrenceville, Georgia, United States, Northern America, Americas	https://classicukg.rec.pro.ukg.net/CLA1028CLAC/JobBoard/7dd6a284-7be6-49ca-bb18-7947f6a97a21/OpportunityDetail?opportunityId=78ba3e7d-74b3-4eb5-a427-961df38ce0bf	2026-09-22	2026-10-04	operations	
Classic Collision	classiccollision.com	Collision	Collision Estimator	Douglasville, Georgia, United States, Northern America, Americas	https://classicukg.rec.pro.ukg.net/CLA1028CLAC/JobBoard/7dd6a284-7be6-49ca-bb18-7947f6a97a21/OpportunityDetail?opportunityId=6c9585b7-0eea-40b8-9715-b83225caf91e	2026-09-22	2026-10-04	operations	
Classic Collision	classiccollision.com	Collision	Customer Service Representative	North Carolina, United States, Northern America, Americas	https://classicukg.rec.pro.ukg.net/CLA1028CLAC/JobBoard/7dd6a284-7be6-49ca-bb18-7947f6a97a21/OpportunityDetail?opportunityId=66efa9c4-0cd4-49a8-9798-9d9d9729b856	2026-09-22	2026-10-04	support	
Classic Collision	classiccollision.com	Collision	Auto Body Technician	Fort Lauderdale, Florida, United States, Northern America, Americas	https://classicukg.rec.pro.ukg.net/CLA1028CLAC/JobBoard/7dd6a284-7be6-49ca-bb18-7947f6a97a21/OpportunityDetail?opportunityId=852b3054-3bfd-46e1-80d6-a5ecd6f54e97	2026-09-22	2026-10-04	manual_work	
Classic Collision	classiccollision.com	Collision	Auto Body Technician	Athens, Georgia, United States, Northern America, Americas	https://classicukg.rec.pro.ukg.net/CLA1028CLAC/JobBoard/7dd6a284-7be6-49ca-bb18-7947f6a97a21/OpportunityDetail?opportunityId=161d006c-29b7-43dd-ba74-7a2c0476f675	2026-09-22	2026-10-04	manual_work	
Classic Collision	classiccollision.com	Collision	Customer Service Representative	Birmingham, Alabama, United States, Northern America, Americas	https://classicukg.rec.pro.ukg.net/CLA1028CLAC/JobBoard/7dd6a284-7be6-49ca-bb18-7947f6a97a21/OpportunityDetail?opportunityId=51ba4e35-1340-4044-9153-29dbdc04ddc4	2026-09-22	2026-10-03	support	
Classic Collision	classiccollision.com	Collision	Collision Estimator	Birmingham, Alabama, United States, Northern America, Americas	https://classicukg.rec.pro.ukg.net/CLA1028CLAC/JobBoard/7dd6a284-7be6-49ca-bb18-7947f6a97a21/OpportunityDetail?opportunityId=193e9f89-96d3-4fa3-a8e8-fa28a6a42908	2026-09-22	2026-10-03	operations	
Classic Collision	classiccollision.com	Collision	Auto Body Technician	Colorado Springs, Colorado, United States, Northern America, Americas	https://classicukg.rec.pro.ukg.net/CLA1028CLAC/JobBoard/7dd6a284-7be6-49ca-bb18-7947f6a97a21/OpportunityDetail?opportunityId=6e0bab4c-2a47-474b-9fb4-a18476237c7e	2026-09-22	2026-09-28	manual_work	
Classic Collision	classiccollision.com	Collision	Auto Paint Technician	Santa Ana, California, United States, Northern America, Americas	https://classicukg.rec.pro.ukg.net/CLA1028CLAC/JobBoard/7dd6a284-7be6-49ca-bb18-7947f6a97a21/OpportunityDetail?opportunityId=aeb0b8ec-a40e-4f84-9509-6339646e0e29	2026-09-22	2026-09-28	manual_work	24 - 28 USD per hour
Classic Collision	classiccollision.com	Collision	Auto Body Technician	Aiken, South Carolina, United States, Northern America, Americas	https://classicukg.rec.pro.ukg.net/CLA1028CLAC/JobBoard/7dd6a284-7be6-49ca-bb18-7947f6a97a21/OpportunityDetail?opportunityId=d1a95fcf-85d5-4590-8c80-3a4f1f9715d1	2026-09-22	2026-09-28	manual_work	
Classic Collision	classiccollision.com	Collision	Collision Estimator	Matthews, North Carolina, United States, Northern America, Americas	https://classicukg.rec.pro.ukg.net/CLA1028CLAC/JobBoard/7dd6a284-7be6-49ca-bb18-7947f6a97a21/OpportunityDetail?opportunityId=b731e802-eb06-4073-b984-4381770d9a2b	2026-09-22	2026-10-04	operations	
Classic Collision	classiccollision.com	Collision	Collision Estimator	North Carolina, United States, Northern America, Americas	https://classicukg.rec.pro.ukg.net/CLA1028CLAC/JobBoard/7dd6a284-7be6-49ca-bb18-7947f6a97a21/OpportunityDetail?opportunityId=75c6d60a-fef0-453f-a949-9e958fcb780e	2026-09-22	2026-10-04	operations	
Classic Collision	classiccollision.com	Collision	Collision Estimator	Myrtle Beach, South Carolina, United States, Northern America, Americas	https://classicukg.rec.pro.ukg.net/CLA1028CLAC/JobBoard/7dd6a284-7be6-49ca-bb18-7947f6a97a21/OpportunityDetail?opportunityId=2d308c72-aa6e-49ad-9a0b-43fedde23065	2026-09-22	2026-10-04	operations	
Classic Collision	classiccollision.com	Collision	Collision Estimator	Monroe, North Carolina, United States, Northern America, Americas	https://classicukg.rec.pro.ukg.net/CLA1028CLAC/JobBoard/7dd6a284-7be6-49ca-bb18-7947f6a97a21/OpportunityDetail?opportunityId=7dbe0acb-1418-4417-9650-55166b592fd2	2026-09-22	2026-10-04	operations	
Classic Collision	classiccollision.com	Collision	Collision Estimator	Mooresville, North Carolina, United States, Northern America, Americas	https://classicukg.rec.pro.ukg.net/CLA1028CLAC/JobBoard/7dd6a284-7be6-49ca-bb18-7947f6a97a21/OpportunityDetail?opportunityId=fa79b32a-73ff-4e31-9da0-5ac748214636	2026-09-22	2026-10-04	operations	
Classic Collision	classiccollision.com	Collision	Collision Estimator	Charlotte, North Carolina, United States, Northern America, Americas	https://classicukg.rec.pro.ukg.net/CLA1028CLAC/JobBoard/7dd6a284-7be6-49ca-bb18-7947f6a97a21/OpportunityDetail?opportunityId=562e9753-ee99-4b95-8140-ddf74d944625	2026-09-22	2026-10-04	operations	
Classic Collision	classiccollision.com	Collision	Senior Service Advisor	Scottsdale, Arizona, United States, Northern America, Americas	https://classicukg.rec.pro.ukg.net/CLA1028CLAC/JobBoard/7dd6a284-7be6-49ca-bb18-7947f6a97a21/OpportunityDetail?opportunityId=37285103-a0fb-4ddc-917c-0d0718d66e11	2026-09-21	2026-09-28	support,operations	
Classic Collision	classiccollision.com	Collision	Auto Body Helper Hourly	Queen Creek, Arizona, United States, Northern America, Americas	https://classicukg.rec.pro.ukg.net/CLA1028CLAC/JobBoard/7dd6a284-7be6-49ca-bb18-7947f6a97a21/OpportunityDetail?opportunityId=28719cdc-9d06-47d9-9025-912c0e00619e	2026-09-21	2026-09-21	healthcare_services,support,manual_work	
Classic Collision	classiccollision.com	Collision	Auto Parts Coordinator	Henderson, Texas, United States, Northern America, Americas	https://classicukg.rec.pro.ukg.net/CLA1028CLAC/JobBoard/7dd6a284-7be6-49ca-bb18-7947f6a97a21/OpportunityDetail?opportunityId=65ad6dd2-f5e7-4c02-8671-163a776a1aeb	2026-09-21	2026-10-04	operations	
Classic Collision	classiccollision.com	Collision	General Manager	Mesa, Arizona, United States, Northern America, Americas	https://classicukg.rec.pro.ukg.net/CLA1028CLAC/JobBoard/7dd6a284-7be6-49ca-bb18-7947f6a97a21/OpportunityDetail?opportunityId=e78728ff-5184-4315-a9c6-a20ecf30b15a	2026-09-21	2026-09-28	management	100000 - 150000 USD per year
Classic Collision	classiccollision.com	Collision	Customer Service Representative	Fort Lauderdale, Florida, United States, Northern America, Americas	https://classicukg.rec.pro.ukg.net/CLA1028CLAC/JobBoard/7dd6a284-7be6-49ca-bb18-7947f6a97a21/OpportunityDetail?opportunityId=758c8987-3162-4ee5-b3c0-a508b757c5c8	2026-09-21	2026-09-28	support	
Classic Collision	classiccollision.com	Collision	Auto Body Technician	Mooresville, North Carolina, United States, Northern America, Americas	https://classicukg.rec.pro.ukg.net/CLA1028CLAC/JobBoard/7dd6a284-7be6-49ca-bb18-7947f6a97a21/OpportunityDetail?opportunityId=9a532289-f94e-4aaa-9edf-c41a1ccf94c9	2026-09-21	2026-10-04	manual_work	
Classic Collision	classiccollision.com	Collision	Collision Estimator	Wilmington, North Carolina, United States, Northern America, Americas	https://classicukg.rec.pro.ukg.net/CLA1028CLAC/JobBoard/7dd6a284-7be6-49ca-bb18-7947f6a97a21/OpportunityDetail?opportunityId=e81d9a27-9d7a-4599-92ea-28bf26b9e5e0	2026-09-21	2026-10-04	operations	
Classic Collision	classiccollision.com	Collision	Auto Body Technician	Virginia Beach, Virginia, United States, Northern America, Americas	https://classicukg.rec.pro.ukg.net/CLA1028CLAC/JobBoard/7dd6a284-7be6-49ca-bb18-7947f6a97a21/OpportunityDetail?opportunityId=ef90a1d8-377c-46b3-9731-1ec03afadcd1	2026-09-21	2026-10-04	manual_work	
Classic Collision	classiccollision.com	Collision	Auto Body Technician	Newport News, Virginia, United States, Northern America, Americas	https://classicukg.rec.pro.ukg.net/CLA1028CLAC/JobBoard/7dd6a284-7be6-49ca-bb18-7947f6a97a21/OpportunityDetail?opportunityId=76b27613-c950-4c13-81c5-168c8dedb673	2026-09-21	2026-10-04	manual_work	
Classic Collision	classiccollision.com	Collision	Collision Estimator - Hourly	Marianna, Florida, United States, Northern America, Americas	https://classicukg.rec.pro.ukg.net/CLA1028CLAC/JobBoard/7dd6a284-7be6-49ca-bb18-7947f6a97a21/OpportunityDetail?opportunityId=68585024-e60f-4749-b4b3-00eb0472d265	2026-09-21	2026-10-04	operations	$50000 to $175000 Depending on Experience
Classic Collision	classiccollision.com	Collision	Auto Body Technician	Wilmington, North Carolina, United States, Northern America, Americas	https://classicukg.rec.pro.ukg.net/CLA1028CLAC/JobBoard/7dd6a284-7be6-49ca-bb18-7947f6a97a21/OpportunityDetail?opportunityId=6a3ee783-c22b-42b3-8872-cb86181a5352	2026-09-21	2026-10-04	manual_work	
Classic Collision	classiccollision.com	Collision	Auto Body Technician	Monroe, North Carolina, United States, Northern America, Americas	https://classicukg.rec.pro.ukg.net/CLA1028CLAC/JobBoard/7dd6a284-7be6-49ca-bb18-7947f6a97a21/OpportunityDetail?opportunityId=a6962a39-e776-4530-9657-2c5e42afd587	2026-09-21	2026-10-04	manual_work	
Classic Collision	classiccollision.com	Collision	Auto Body Technician	Summerville, South Carolina, United States, Northern America, Americas	https://classicukg.rec.pro.ukg.net/CLA1028CLAC/JobBoard/7dd6a284-7be6-49ca-bb18-7947f6a97a21/OpportunityDetail?opportunityId=e9e01935-9de1-443e-aa23-ea7bdfb2b410	2026-09-21	2026-10-04	manual_work	
Classic Collision	classiccollision.com	Collision	Collision Estimator	Hampton, Virginia, 23661, United States, Northern America, Americas	https://classicukg.rec.pro.ukg.net/CLA1028CLAC/JobBoard/7dd6a284-7be6-49ca-bb18-7947f6a97a21/OpportunityDetail?opportunityId=28044df0-c4ed-40e9-96db-02349c2c801c	2026-09-21	2026-10-04	operations,sales	
Classic Collision	classiccollision.com	Collision	Care Service Representative	Bellevue, Washington, United States, Northern America, Americas	https://classicukg.rec.pro.ukg.net/CLA1028CLAC/JobBoard/7dd6a284-7be6-49ca-bb18-7947f6a97a21/OpportunityDetail?opportunityId=b9aaf094-e852-46e6-91d3-b1d8ffe96d5f	2026-09-21	2026-10-04	support	20 - 23 USD per hour
Classic Collision	classiccollision.com	Collision	Auto Parts Coordinator	Fridley, Minnesota, United States, Northern America, Americas	https://classicukg.rec.pro.ukg.net/CLA1028CLAC/JobBoard/7dd6a284-7be6-49ca-bb18-7947f6a97a21/OpportunityDetail?opportunityId=cd769af2-ad29-4e2f-b8c5-50c58c67d43d	2026-09-21	2026-10-04	operations	20 - 24 USD per hour
Classic Collision	classiccollision.com	Collision	Auto Body Technician	Louisville, Kentucky, United States, Northern America, Americas	https://classicukg.rec.pro.ukg.net/CLA1028CLAC/JobBoard/7dd6a284-7be6-49ca-bb18-7947f6a97a21/OpportunityDetail?opportunityId=9cd7575f-67ff-4a2e-96eb-353e6e9353f9	2026-09-21	2026-10-04	manual_work	
Classic Collision	classiccollision.com	Collision	Auto Body Technician	Raleigh, North Carolina, United States, Northern America, Americas	https://classicukg.rec.pro.ukg.net/CLA1028CLAC/JobBoard/7dd6a284-7be6-49ca-bb18-7947f6a97a21/OpportunityDetail?opportunityId=beb17f0d-7a96-4b7d-b7a2-1da654acf384	2026-09-21	2026-10-04	manual_work	
Classic Collision	classiccollision.com	Collision	Auto Body Technician	Cornelius, North Carolina, United States, Northern America, Americas	https://classicukg.rec.pro.ukg.net/CLA1028CLAC/JobBoard/7dd6a284-7be6-49ca-bb18-7947f6a97a21/OpportunityDetail?opportunityId=7a0d2b62-bc9a-4d0a-8fcc-367ede5df154	2026-09-21	2026-10-04	manual_work	
Classic Collision	classiccollision.com	Collision	Auto Body Technician	Matthews, North Carolina, United States, Northern America, Americas	https://classicukg.rec.pro.ukg.net/CLA1028CLAC/JobBoard/7dd6a284-7be6-49ca-bb18-7947f6a97a21/OpportunityDetail?opportunityId=f3b84e4d-3567-41a6-aa01-57cd5760c0ec	2026-09-21	2026-10-04	manual_work	
Classic Collision	classiccollision.com	Collision	Collision Estimator	Virginia Beach, Virginia, United States, Northern America, Americas	https://classicukg.rec.pro.ukg.net/CLA1028CLAC/JobBoard/7dd6a284-7be6-49ca-bb18-7947f6a97a21/OpportunityDetail?opportunityId=76802b12-090f-4b1c-a4a8-b0947e8307b7	2026-09-21	2026-10-04	operations	
Classic Collision	classiccollision.com	Collision	Auto Body Technician	Burlington, North Carolina, United States, Northern America, Americas	https://classicukg.rec.pro.ukg.net/CLA1028CLAC/JobBoard/7dd6a284-7be6-49ca-bb18-7947f6a97a21/OpportunityDetail?opportunityId=d85385f5-b9c2-4eea-8ce9-ec08d0cddbee	2026-09-21	2026-10-04	manual_work	
Classic Collision	classiccollision.com	Collision	Auto Body Technician	Virginia Beach, Virginia, United States, Northern America, Americas	https://classicukg.rec.pro.ukg.net/CLA1028CLAC/JobBoard/7dd6a284-7be6-49ca-bb18-7947f6a97a21/OpportunityDetail?opportunityId=49ea65e4-150f-4b5a-bb9a-3d502ea206eb	2026-09-21	2026-10-04	manual_work	
Classic Collision	classiccollision.com	Collision	Auto Body Technician	Forest City, North Carolina, United States, Northern America, Americas	https://classicukg.rec.pro.ukg.net/CLA1028CLAC/JobBoard/7dd6a284-7be6-49ca-bb18-7947f6a97a21/OpportunityDetail?opportunityId=5f2cef48-7a57-447b-ac80-7b345d5a7085	2026-09-21	2026-10-04	manual_work	
Classic Collision	classiccollision.com	Collision	Collision Estimator	Raleigh, North Carolina, United States, Northern America, Americas	https://classicukg.rec.pro.ukg.net/CLA1028CLAC/JobBoard/7dd6a284-7be6-49ca-bb18-7947f6a97a21/OpportunityDetail?opportunityId=c078a9bc-bb26-4358-a660-993c96bc6d0b	2026-09-21	2026-10-04	operations	
Classic Collision	classiccollision.com	Collision	Collision Estimator	Virginia Beach, Virginia, United States, Northern America, Americas	https://classicukg.rec.pro.ukg.net/CLA1028CLAC/JobBoard/7dd6a284-7be6-49ca-bb18-7947f6a97a21/OpportunityDetail?opportunityId=638f04c4-207f-4c47-aaa2-5e8134cb4143	2026-09-21	2026-10-04	operations	
Classic Collision	classiccollision.com	Collision	Auto Body Technician	Asheboro, North Carolina, United States, Northern America, Americas	https://classicukg.rec.pro.ukg.net/CLA1028CLAC/JobBoard/7dd6a284-7be6-49ca-bb18-7947f6a97a21/OpportunityDetail?opportunityId=2e1815b9-0c05-4639-a729-5ab8d592388c	2026-09-21	2026-10-04	manual_work	
Classic Collision	classiccollision.com	Collision	Auto Body Shop Porter	Panama City, Florida, United States, Northern America, Americas	https://classicukg.rec.pro.ukg.net/CLA1028CLAC/JobBoard/7dd6a284-7be6-49ca-bb18-7947f6a97a21/OpportunityDetail?opportunityId=ede68b42-eb43-40e0-a037-3b457b1c169d	2026-09-21	2026-10-04	manual_work,operations	
Classic Collision	classiccollision.com	Collision	Auto Body Technician	Hampton, Virginia, 23661, United States, Northern America, Americas	https://classicukg.rec.pro.ukg.net/CLA1028CLAC/JobBoard/7dd6a284-7be6-49ca-bb18-7947f6a97a21/OpportunityDetail?opportunityId=657997db-e196-44fb-bbaf-1899aa858641	2026-09-21	2026-10-04	healthcare_services,manual_work	
Classic Collision	classiccollision.com	Collision	Collision Estimator	Hampstead, North Carolina, United States, Northern America, Americas	https://classicukg.rec.pro.ukg.net/CLA1028CLAC/JobBoard/7dd6a284-7be6-49ca-bb18-7947f6a97a21/OpportunityDetail?opportunityId=cf907d4b-0f24-4eb4-8b1f-71fd6ab4531a	2026-09-21	2026-10-04	operations	
Classic Collision	classiccollision.com	Collision	Customer Service Representative	Anchorage, Alaska, United States, Northern America, Americas	https://classicukg.rec.pro.ukg.net/CLA1028CLAC/JobBoard/7dd6a284-7be6-49ca-bb18-7947f6a97a21/OpportunityDetail?opportunityId=c9c576ff-05d8-4afe-aacb-d9eff6ce9b39	2026-09-21	2026-10-04	support	15 - 20 USD per hour
Classic Collision	classiccollision.com	Collision	Collision Estimator	North Charleston, South Carolina, United States, Northern America, Americas	https://classicukg.rec.pro.ukg.net/CLA1028CLAC/JobBoard/7dd6a284-7be6-49ca-bb18-7947f6a97a21/OpportunityDetail?opportunityId=7eb20af9-16c6-404c-b7dc-78a959cab11a	2026-09-21	2026-10-04	operations	
Classic Collision	classiccollision.com	Collision	Auto Body Technician	Wilmington, North Carolina, United States, Northern America, Americas	https://classicukg.rec.pro.ukg.net/CLA1028CLAC/JobBoard/7dd6a284-7be6-49ca-bb18-7947f6a97a21/OpportunityDetail?opportunityId=c5e6292d-b435-45ca-b2dc-038751400517	2026-09-21	2026-10-04	manual_work	
Classic Collision	classiccollision.com	Collision	Auto Body Technician	Norfolk, Virginia, United States, Northern America, Americas	https://classicukg.rec.pro.ukg.net/CLA1028CLAC/JobBoard/7dd6a284-7be6-49ca-bb18-7947f6a97a21/OpportunityDetail?opportunityId=b42ac3b9-e8f0-4d12-b433-58bc6d99dbd3	2026-09-21	2026-10-04	manual_work	
Classic Collision	classiccollision.com	Collision	Auto Body Technician	Pineville, North Carolina, United States, Northern America, Americas	https://classicukg.rec.pro.ukg.net/CLA1028CLAC/JobBoard/7dd6a284-7be6-49ca-bb18-7947f6a97a21/OpportunityDetail?opportunityId=9f74fc2b-b6b4-4fcd-acad-abca01513aca	2026-09-21	2026-10-04	manual_work	
Classic Collision	classiccollision.com	Collision	Collision Estimator	Mount Pleasant, South Carolina, United States, Northern America, Americas	https://classicukg.rec.pro.ukg.net/CLA1028CLAC/JobBoard/7dd6a284-7be6-49ca-bb18-7947f6a97a21/OpportunityDetail?opportunityId=2750ce0d-350a-40c9-9469-f4d641d2e716	2026-09-21	2026-10-04	operations	
Classic Collision	classiccollision.com	Collision	Collision Estimator	Wilmington, North Carolina, United States, Northern America, Americas	https://classicukg.rec.pro.ukg.net/CLA1028CLAC/JobBoard/7dd6a284-7be6-49ca-bb18-7947f6a97a21/OpportunityDetail?opportunityId=1b663b85-4cab-4bd1-ba79-4768d7c9f306	2026-09-21	2026-10-04	operations	
Classic Collision	classiccollision.com	Collision	Auto Body Technician	California, Maryland, United States, Northern America, Americas	https://classicukg.rec.pro.ukg.net/CLA1028CLAC/JobBoard/7dd6a284-7be6-49ca-bb18-7947f6a97a21/OpportunityDetail?opportunityId=6d8de21d-ddcc-4551-bcb8-2a6138993002	2026-09-21	2026-10-04	manual_work	
Classic Collision	classiccollision.com	Collision	Auto Body Technician	Hampstead, North Carolina, United States, Northern America, Americas	https://classicukg.rec.pro.ukg.net/CLA1028CLAC/JobBoard/7dd6a284-7be6-49ca-bb18-7947f6a97a21/OpportunityDetail?opportunityId=c247bf92-4289-483e-8dac-5372612ceb86	2026-09-21	2026-10-04	manual_work	
Classic Collision	classiccollision.com	Collision	Auto Body Technician	Virginia, United States, Northern America, Americas	https://classicukg.rec.pro.ukg.net/CLA1028CLAC/JobBoard/7dd6a284-7be6-49ca-bb18-7947f6a97a21/OpportunityDetail?opportunityId=7e4fc924-dd72-40cf-be67-cdae17ab87c6	2026-09-21	2026-10-04	manual_work	
Classic Collision	classiccollision.com	Collision	Auto Body Technician	Chapel Hill, North Carolina, United States, Northern America, Americas	https://classicukg.rec.pro.ukg.net/CLA1028CLAC/JobBoard/7dd6a284-7be6-49ca-bb18-7947f6a97a21/OpportunityDetail?opportunityId=272e10ae-2fad-47e4-b6eb-c9ae2c70e8dc	2026-09-21	2026-10-04	manual_work	
Classic Collision	classiccollision.com	Collision	Auto Body Technician	North Charleston, South Carolina, United States, Northern America, Americas	https://classicukg.rec.pro.ukg.net/CLA1028CLAC/JobBoard/7dd6a284-7be6-49ca-bb18-7947f6a97a21/OpportunityDetail?opportunityId=89b5da07-b34e-4b99-9256-bb3a3e5fda07	2026-09-21	2026-10-04	manual_work	
Classic Collision	classiccollision.com	Collision	Auto Body Technician	Mount Pleasant, South Carolina, United States, Northern America, Americas	https://classicukg.rec.pro.ukg.net/CLA1028CLAC/JobBoard/7dd6a284-7be6-49ca-bb18-7947f6a97a21/OpportunityDetail?opportunityId=b8d38d74-a904-42da-b8ac-43601c99fe43	2026-09-21	2026-10-04	manual_work	
Classic Collision	classiccollision.com	Collision	Auto Body Technician	Newport News, Virginia, United States, Northern America, Americas	https://classicukg.rec.pro.ukg.net/CLA1028CLAC/JobBoard/7dd6a284-7be6-49ca-bb18-7947f6a97a21/OpportunityDetail?opportunityId=3fb71664-c34f-4673-bafa-8e379b2f6e88	2026-09-21	2026-10-04	manual_work	
Classic Collision	classiccollision.com	Collision	Auto Body Technician	North Carolina, United States, Northern America, Americas	https://classicukg.rec.pro.ukg.net/CLA1028CLAC/JobBoard/7dd6a284-7be6-49ca-bb18-7947f6a97a21/OpportunityDetail?opportunityId=bd52851f-e11e-4d4f-be0e-71b7293649e2	2026-09-21	2026-10-04	manual_work	
Classic Collision	classiccollision.com	Collision	Auto Body Shop Porter	Marianna, Florida, United States, Northern America, Americas	https://classicukg.rec.pro.ukg.net/CLA1028CLAC/JobBoard/7dd6a284-7be6-49ca-bb18-7947f6a97a21/OpportunityDetail?opportunityId=c335049e-2f65-4ace-ba85-436555d19b63	2026-09-21	2026-10-04	manual_work,operations	
Classic Collision	classiccollision.com	Collision	Auto Body Technician	Orangeburg, South Carolina, United States, Northern America, Americas	https://classicukg.rec.pro.ukg.net/CLA1028CLAC/JobBoard/7dd6a284-7be6-49ca-bb18-7947f6a97a21/OpportunityDetail?opportunityId=d9963218-f558-4091-a8f5-ed77a09c5071	2026-09-21	2026-09-28	manual_work	
Classic Collision	classiccollision.com	Collision	Senior Service Advisor	San Antonio, Texas, United States, Northern America, Americas	https://classicukg.rec.pro.ukg.net/CLA1028CLAC/JobBoard/7dd6a284-7be6-49ca-bb18-7947f6a97a21/OpportunityDetail?opportunityId=2f19a399-765b-451f-afcf-97febf761cc0	2026-09-21	2026-09-28	support,operations	
Classic Collision	classiccollision.com	Collision	Auto Body Technician	New Braunfels, Texas, United States, Northern America, Americas	https://classicukg.rec.pro.ukg.net/CLA1028CLAC/JobBoard/7dd6a284-7be6-49ca-bb18-7947f6a97a21/OpportunityDetail?opportunityId=ca105bf0-484a-49a8-b742-8d047f8a7634	2026-09-18	2026-09-27	manual_work	
Classic Collision	classiccollision.com	Collision	Account Executive	Apopka, Florida, United States, Northern America, Americas	https://classicukg.rec.pro.ukg.net/CLA1028CLAC/JobBoard/7dd6a284-7be6-49ca-bb18-7947f6a97a21/OpportunityDetail?opportunityId=19aeb120-9f9e-497f-a6b1-817bebea314e	2026-09-18	2026-09-26	sales	60000 - 120000 USD per year
Classic Collision	classiccollision.com	Collision	Auto Body Technician	Deerfield Beach, Florida, United States, Northern America, Americas	https://classicukg.rec.pro.ukg.net/CLA1028CLAC/JobBoard/7dd6a284-7be6-49ca-bb18-7947f6a97a21/OpportunityDetail?opportunityId=c9814e5c-e7d8-4900-92c9-3cef961589de	2026-09-18	2026-09-26	manual_work	
Classic Collision	classiccollision.com	Collision	Senior Service Advisor	Kerrville, Texas, United States, Northern America, Americas	https://classicukg.rec.pro.ukg.net/CLA1028CLAC/JobBoard/7dd6a284-7be6-49ca-bb18-7947f6a97a21/OpportunityDetail?opportunityId=3ef7b1bb-6f7e-48d6-8f81-42bee09226af	2026-09-18	2026-09-26	support	
Classic Collision	classiccollision.com	Collision	Senior Service Advisor	Conroe, Texas, United States, Northern America, Americas	https://classicukg.rec.pro.ukg.net/CLA1028CLAC/JobBoard/7dd6a284-7be6-49ca-bb18-7947f6a97a21/OpportunityDetail?opportunityId=222936bd-9cbd-4368-917c-ad33e3b226bb	2026-09-18	2026-10-04	support,operations	
Classic Collision	classiccollision.com	Collision	Senior Service Advisor	Beaumont, Texas, United States, Northern America, Americas	https://classicukg.rec.pro.ukg.net/CLA1028CLAC/JobBoard/7dd6a284-7be6-49ca-bb18-7947f6a97a21/OpportunityDetail?opportunityId=737b02d4-1c52-4daf-8526-fc37cbeca18d	2026-09-18	2026-10-04	support,operations	
Classic Collision	classiccollision.com	Collision	Auto Parts Coordinator	Charlotte, North Carolina, United States, Northern America, Americas	https://classicukg.rec.pro.ukg.net/CLA1028CLAC/JobBoard/7dd6a284-7be6-49ca-bb18-7947f6a97a21/OpportunityDetail?opportunityId=492c51d3-9228-41d1-aadb-f0fb988a1c57	2026-09-18	2026-10-04	operations	
Classic Collision	classiccollision.com	Collision	Auto Body Detailer	Boynton Beach, Florida, United States, Northern America, Americas	https://classicukg.rec.pro.ukg.net/CLA1028CLAC/JobBoard/7dd6a284-7be6-49ca-bb18-7947f6a97a21/OpportunityDetail?opportunityId=7b873acd-c2a8-4838-8e22-a9cbf95218cc	2026-09-18	2026-09-26	manual_work	
Classic Collision	classiccollision.com	Collision	Auto Body Technician	Robertsdale, Alabama, United States, Northern America, Americas	https://classicukg.rec.pro.ukg.net/CLA1028CLAC/JobBoard/7dd6a284-7be6-49ca-bb18-7947f6a97a21/OpportunityDetail?opportunityId=34212810-136b-4a3c-9984-53f9a425a3ce	2026-09-17	2026-09-24	manual_work	
Classic Collision	classiccollision.com	Collision	Auto Body Technician	Delray Beach, Florida, United States, Northern America, Americas	https://classicukg.rec.pro.ukg.net/CLA1028CLAC/JobBoard/7dd6a284-7be6-49ca-bb18-7947f6a97a21/OpportunityDetail?opportunityId=fd97d239-d0ab-4352-b214-9e963f916ef4	2026-09-17	2026-09-24	manual_work	
Classic Collision	classiccollision.com	Collision	Auto Parts Coordinator	Austin, Texas, United States, Northern America, Americas	https://classicukg.rec.pro.ukg.net/CLA1028CLAC/JobBoard/7dd6a284-7be6-49ca-bb18-7947f6a97a21/OpportunityDetail?opportunityId=ac0aa523-bd14-49fe-b555-f9f80fa3d9cd	2026-09-17	2026-09-25	operations	
Classic Collision	classiccollision.com	Collision	Senior Service Advisor	Cedar Park, Texas, United States, Northern America, Americas	https://classicukg.rec.pro.ukg.net/CLA1028CLAC/JobBoard/7dd6a284-7be6-49ca-bb18-7947f6a97a21/OpportunityDetail?opportunityId=1c975d01-bcfe-4a59-8ad0-e1ba54fd9c23	2026-09-17	2026-09-24	support,operations	
Classic Collision	classiccollision.com	Collision	Collision Estimator	Rome, Georgia, United States, Northern America, Americas	https://classicukg.rec.pro.ukg.net/CLA1028CLAC/JobBoard/7dd6a284-7be6-49ca-bb18-7947f6a97a21/OpportunityDetail?opportunityId=8918731a-9e94-48bd-b212-a34dd451ce81	2026-09-17	2026-09-24	operations	
Classic Collision	classiccollision.com	Collision	Auto Body Technician	League City, Texas, United States, Northern America, Americas	https://classicukg.rec.pro.ukg.net/CLA1028CLAC/JobBoard/7dd6a284-7be6-49ca-bb18-7947f6a97a21/OpportunityDetail?opportunityId=ebc4a4c1-e03b-402f-9f7b-07279f526939	2026-09-17	2026-09-24	manual_work	
Classic Collision	classiccollision.com	Collision	Auto Body Technician	Tamarac, Florida, United States, Northern America, Americas	https://classicukg.rec.pro.ukg.net/CLA1028CLAC/JobBoard/7dd6a284-7be6-49ca-bb18-7947f6a97a21/OpportunityDetail?opportunityId=116a1a44-0250-4a99-939b-f0937b9eaf80	2026-09-17	2026-09-24	manual_work	
Classic Collision	classiccollision.com	Collision	Auto Body Helper	Vero Beach, Florida, United States, Northern America, Americas	https://classicukg.rec.pro.ukg.net/CLA1028CLAC/JobBoard/7dd6a284-7be6-49ca-bb18-7947f6a97a21/OpportunityDetail?opportunityId=472dcb05-3cf5-4c06-aa2d-a487e4dc135c	2026-09-17	2026-09-24	manual_work	
Classic Collision	classiccollision.com	Collision	Customer Service Representative	Dripping Springs, Texas, United States, Northern America, Americas	https://classicukg.rec.pro.ukg.net/CLA1028CLAC/JobBoard/7dd6a284-7be6-49ca-bb18-7947f6a97a21/OpportunityDetail?opportunityId=4f500ac1-b5b9-4c52-968e-6d8a98bda8ee	2026-09-17	2026-09-24	support	
Classic Collision	classiccollision.com	Collision	Auto Body Helper	Anchorage, Alaska, United States, Northern America, Americas	https://classicukg.rec.pro.ukg.net/CLA1028CLAC/JobBoard/7dd6a284-7be6-49ca-bb18-7947f6a97a21/OpportunityDetail?opportunityId=d55ee852-492f-488d-a19a-a0c6374cdadb	2026-09-17	2026-09-24	manual_work	
Classic Collision	classiccollision.com	Collision	Auto Body Shop Porter	Lakeland, Florida, United States, Northern America, Americas	https://classicukg.rec.pro.ukg.net/CLA1028CLAC/JobBoard/7dd6a284-7be6-49ca-bb18-7947f6a97a21/OpportunityDetail?opportunityId=7227f49a-ab7f-41c3-9447-eb6c3d81edde	2026-09-17	2026-09-24	manual_work	
Classic Collision	classiccollision.com	Collision	Regional Director	Union City, Georgia, United States, Northern America, Americas	https://classicukg.rec.pro.ukg.net/CLA1028CLAC/JobBoard/7dd6a284-7be6-49ca-bb18-7947f6a97a21/OpportunityDetail?opportunityId=ae05e179-e5f1-4368-91a6-3f6d8e199413	2026-09-17	2026-10-02	management,operations	
Classic Collision	classiccollision.com	Collision	Shop Porter (part-time)	Shelby, North Carolina, United States, Northern America, Americas	https://classicukg.rec.pro.ukg.net/CLA1028CLAC/JobBoard/7dd6a284-7be6-49ca-bb18-7947f6a97a21/OpportunityDetail?opportunityId=34aa4904-b14a-45ed-836a-3fba40068205	2026-09-17	2026-10-04	manual_work,operations	
Classic Collision	classiccollision.com	Collision	Auto Body Shop Porter	Tamarac, Florida, United States, Northern America, Americas	https://classicukg.rec.pro.ukg.net/CLA1028CLAC/JobBoard/7dd6a284-7be6-49ca-bb18-7947f6a97a21/OpportunityDetail?opportunityId=ea7111cf-a28f-4460-862a-726e9232cfbe	2026-09-17	2026-10-04	manual_work	
Classic Collision	classiccollision.com	Collision	Auto Body Technician	McDonough, Georgia, United States, Northern America, Americas	https://classicukg.rec.pro.ukg.net/CLA1028CLAC/JobBoard/7dd6a284-7be6-49ca-bb18-7947f6a97a21/OpportunityDetail?opportunityId=27b2b632-1ef1-404f-92d1-287e3e77b7ff	2026-09-17	2026-10-04	manual_work	
Classic Collision	classiccollision.com	Collision	Collision Estimator	Augusta, Georgia, United States, Northern America, Americas	https://classicukg.rec.pro.ukg.net/CLA1028CLAC/JobBoard/7dd6a284-7be6-49ca-bb18-7947f6a97a21/OpportunityDetail?opportunityId=497e6de1-2d06-42c6-9d18-501c8d9ab315	2026-09-17	2026-10-04	operations	
Classic Collision	classiccollision.com	Collision	Automotive Paint Prepper	Atlanta, Georgia, United States, Northern America, Americas	https://classicukg.rec.pro.ukg.net/CLA1028CLAC/JobBoard/7dd6a284-7be6-49ca-bb18-7947f6a97a21/OpportunityDetail?opportunityId=8310847b-5730-4ae3-8b23-e13b4c4b3ecb	2026-09-17	2026-10-04	manual_work	
Classic Collision	classiccollision.com	Collision	Auto Body Technician	Vero Beach, Florida, United States, Northern America, Americas	https://classicukg.rec.pro.ukg.net/CLA1028CLAC/JobBoard/7dd6a284-7be6-49ca-bb18-7947f6a97a21/OpportunityDetail?opportunityId=381cb543-6ba1-44b6-91bf-13be89b5dcd4	2026-09-17	2026-10-04	manual_work	
Classic Collision	classiccollision.com	Collision	Collision Estimator	Augusta, Georgia, United States, Northern America, Americas	https://classicukg.rec.pro.ukg.net/CLA1028CLAC/JobBoard/7dd6a284-7be6-49ca-bb18-7947f6a97a21/OpportunityDetail?opportunityId=dd6e9333-75d7-4a94-9fce-093a52c71755	2026-09-17	2026-10-04	operations	
Classic Collision	classiccollision.com	Collision	Auto Body Technician	Roswell, Georgia, United States, Northern America, Americas	https://classicukg.rec.pro.ukg.net/CLA1028CLAC/JobBoard/7dd6a284-7be6-49ca-bb18-7947f6a97a21/OpportunityDetail?opportunityId=8689b9b8-0a95-4616-87ce-3a2a02b17e03	2026-09-17	2026-10-04	manual_work	
Classic Collision	classiccollision.com	Collision	Auto Body Technician	Sandy Springs, Georgia, United States, Northern America, Americas	https://classicukg.rec.pro.ukg.net/CLA1028CLAC/JobBoard/7dd6a284-7be6-49ca-bb18-7947f6a97a21/OpportunityDetail?opportunityId=2c6a5272-f163-4b83-b3cf-977389361066	2026-09-17	2026-10-04	manual_work	
Classic Collision	classiccollision.com	Collision	Customer Service Representative	Austin, Texas, United States, Northern America, Americas	https://classicukg.rec.pro.ukg.net/CLA1028CLAC/JobBoard/7dd6a284-7be6-49ca-bb18-7947f6a97a21/OpportunityDetail?opportunityId=47324152-89eb-478c-8dd0-891019d7c3e4	2026-09-17	2026-10-04	support	
Classic Collision	classiccollision.com	Collision	Collision Estimator	Marietta, Georgia, United States, Northern America, Americas	https://classicukg.rec.pro.ukg.net/CLA1028CLAC/JobBoard/7dd6a284-7be6-49ca-bb18-7947f6a97a21/OpportunityDetail?opportunityId=51136975-6a9f-4a59-9629-abc965b9d5bc	2026-09-17	2026-10-04	operations	
Classic Collision	classiccollision.com	Collision	Collision Estimator	Atlanta, Georgia, United States, Northern America, Americas	https://classicukg.rec.pro.ukg.net/CLA1028CLAC/JobBoard/7dd6a284-7be6-49ca-bb18-7947f6a97a21/OpportunityDetail?opportunityId=6393d393-f74f-4641-af4a-e7bf424609d1	2026-09-17	2026-10-04	operations	
Classic Collision	classiccollision.com	Collision	Collision Estimator	McDonough, Georgia, United States, Northern America, Americas	https://classicukg.rec.pro.ukg.net/CLA1028CLAC/JobBoard/7dd6a284-7be6-49ca-bb18-7947f6a97a21/OpportunityDetail?opportunityId=644566a9-5877-4dae-9fbe-3bd67d2fa929	2026-09-17	2026-10-04	operations	
Classic Collision	classiccollision.com	Collision	Auto Body Technician	Marietta, Georgia, United States, Northern America, Americas	https://classicukg.rec.pro.ukg.net/CLA1028CLAC/JobBoard/7dd6a284-7be6-49ca-bb18-7947f6a97a21/OpportunityDetail?opportunityId=5c3a2dab-ee09-46d9-a9d7-216d6e439dfc	2026-09-17	2026-10-04	manual_work	
Classic Collision	classiccollision.com	Collision	Customer Service Representative	McDonough, Georgia, United States, Northern America, Americas	https://classicukg.rec.pro.ukg.net/CLA1028CLAC/JobBoard/7dd6a284-7be6-49ca-bb18-7947f6a97a21/OpportunityDetail?opportunityId=3ed4777c-68a0-4d19-ae3b-fac7736146cc	2026-09-17	2026-10-04	support	
Classic Collision	classiccollision.com	Collision	Customer Service Representative	Austin, Texas, United States, Northern America, Americas	https://classicukg.rec.pro.ukg.net/CLA1028CLAC/JobBoard/7dd6a284-7be6-49ca-bb18-7947f6a97a21/OpportunityDetail?opportunityId=c8afcb86-d119-4715-b997-49f5703da5f0	2026-09-17	2026-10-04	support	
Classic Collision	classiccollision.com	Collision	Auto Body Technician	Grovetown, Georgia, United States, Northern America, Americas	https://classicukg.rec.pro.ukg.net/CLA1028CLAC/JobBoard/7dd6a284-7be6-49ca-bb18-7947f6a97a21/OpportunityDetail?opportunityId=73ff7e42-0b46-419d-8d19-ebe2a8af7596	2026-09-17	2026-10-04	manual_work	
Classic Collision	classiccollision.com	Collision	Collision Estimator- Hourly	Augusta, Georgia, United States, Northern America, Americas	https://classicukg.rec.pro.ukg.net/CLA1028CLAC/JobBoard/7dd6a284-7be6-49ca-bb18-7947f6a97a21/OpportunityDetail?opportunityId=c8648e96-1805-465a-8d71-4c983c514aa3	2026-09-17	2026-10-04	operations	
Classic Collision	classiccollision.com	Collision	Auto Body Detailer	Cornelius, North Carolina, United States, Northern America, Americas	https://classicukg.rec.pro.ukg.net/CLA1028CLAC/JobBoard/7dd6a284-7be6-49ca-bb18-7947f6a97a21/OpportunityDetail?opportunityId=67ba9ca5-36d5-43f1-9c44-8a8e7644c0a9	2026-09-17	2026-10-04	manual_work	
Classic Collision	classiccollision.com	Collision	Shop Porter	Portland, Oregon, United States, Northern America, Americas	https://classicukg.rec.pro.ukg.net/CLA1028CLAC/JobBoard/7dd6a284-7be6-49ca-bb18-7947f6a97a21/OpportunityDetail?opportunityId=f1651802-04d5-4025-bf5b-c8649ccd90cf	2026-09-17	2026-10-04	manual_work,operations	17 - 24 USD per hour
Classic Collision	classiccollision.com	Collision	Collision Estimator	Lawrenceville, Georgia, United States, Northern America, Americas	https://classicukg.rec.pro.ukg.net/CLA1028CLAC/JobBoard/7dd6a284-7be6-49ca-bb18-7947f6a97a21/OpportunityDetail?opportunityId=db3c3e04-19f9-4f75-9748-f1c5b133efd0	2026-09-17	2026-10-04	operations	
Classic Collision	classiccollision.com	Collision	Auto Paint Technician	McDonough, Georgia, United States, Northern America, Americas	https://classicukg.rec.pro.ukg.net/CLA1028CLAC/JobBoard/7dd6a284-7be6-49ca-bb18-7947f6a97a21/OpportunityDetail?opportunityId=33d4dd00-6018-4b87-b535-e94c7507b967	2026-09-17	2026-10-04	manual_work	
Classic Collision	classiccollision.com	Collision	Auto Body Shop Porter	Vero Beach, Florida, United States, Northern America, Americas	https://classicukg.rec.pro.ukg.net/CLA1028CLAC/JobBoard/7dd6a284-7be6-49ca-bb18-7947f6a97a21/OpportunityDetail?opportunityId=47d6fd29-de25-479c-9cff-245412759b00	2026-09-17	2026-10-04	manual_work	
Classic Collision	classiccollision.com	Collision	Auto Body Technician	Austin, Texas, United States, Northern America, Americas	https://classicukg.rec.pro.ukg.net/CLA1028CLAC/JobBoard/7dd6a284-7be6-49ca-bb18-7947f6a97a21/OpportunityDetail?opportunityId=13d5a300-f878-4e14-8dec-32e1a12dd4af	2026-09-17	2026-10-04	manual_work	
Classic Collision	classiccollision.com	Collision	Mechanical Helper Hourly	Henderson, Texas, United States, Northern America, Americas	https://classicukg.rec.pro.ukg.net/CLA1028CLAC/JobBoard/7dd6a284-7be6-49ca-bb18-7947f6a97a21/OpportunityDetail?opportunityId=d97d3231-62ad-4311-9ca9-0878a59aaa4e	2026-09-17	2026-10-04	manual_work	
Classic Collision	classiccollision.com	Collision	Auto Body Technician	Myrtle Beach, South Carolina, United States, Northern America, Americas	https://classicukg.rec.pro.ukg.net/CLA1028CLAC/JobBoard/7dd6a284-7be6-49ca-bb18-7947f6a97a21/OpportunityDetail?opportunityId=0523d647-35af-460e-9828-03332cc6abaa	2026-09-17	2026-10-04	manual_work	
Classic Collision	classiccollision.com	Collision	Auto Body Technician	Apopka, Florida, United States, Northern America, Americas	https://classicukg.rec.pro.ukg.net/CLA1028CLAC/JobBoard/7dd6a284-7be6-49ca-bb18-7947f6a97a21/OpportunityDetail?opportunityId=cedbc9ef-e10a-41c8-a98b-cad25fa09b5d	2026-09-17	2026-10-04	manual_work	
Classic Collision	classiccollision.com	Collision	Auto Body Technician	Port St. Lucie, Florida, United States, Northern America, Americas	https://classicukg.rec.pro.ukg.net/CLA1028CLAC/JobBoard/7dd6a284-7be6-49ca-bb18-7947f6a97a21/OpportunityDetail?opportunityId=0de0e106-1a05-42fc-b6e4-b270ff9d1137	2026-09-17	2026-10-04	manual_work	
Classic Collision	classiccollision.com	Collision	Auto Body Technician	Orangeburg, South Carolina, United States, Northern America, Americas	https://classicukg.rec.pro.ukg.net/CLA1028CLAC/JobBoard/7dd6a284-7be6-49ca-bb18-7947f6a97a21/OpportunityDetail?opportunityId=b336453a-360a-4fbc-aa82-81cbb7951333	2026-09-17	2026-10-04	manual_work	
Classic Collision	classiccollision.com	Collision	Customer Service Representative	Myrtle Beach, South Carolina, United States, Northern America, Americas	https://classicukg.rec.pro.ukg.net/CLA1028CLAC/JobBoard/7dd6a284-7be6-49ca-bb18-7947f6a97a21/OpportunityDetail?opportunityId=6a751f07-362c-4941-9d32-e2b6be3286bf	2026-09-17	2026-10-04	support	
Classic Collision	classiccollision.com	Collision	Auto Parts Coordinator	Austin, Texas, United States, Northern America, Americas	https://classicukg.rec.pro.ukg.net/CLA1028CLAC/JobBoard/7dd6a284-7be6-49ca-bb18-7947f6a97a21/OpportunityDetail?opportunityId=3c984c8d-1750-4785-992f-59a98ade654a	2026-09-17	2026-10-04	operations	
Classic Collision	classiccollision.com	Collision	Auto Body Helper Hourly	Kirkland, Washington, United States, Northern America, Americas	https://classicukg.rec.pro.ukg.net/CLA1028CLAC/JobBoard/7dd6a284-7be6-49ca-bb18-7947f6a97a21/OpportunityDetail?opportunityId=b9b47e87-1c91-4962-bbc1-a5fee1e901cf	2026-09-17	2026-10-02	manual_work	22 - 26 USD per hour
Classic Collision	classiccollision.com	Collision	Customer Service Representative	Conroe, Texas, United States, Northern America, Americas	https://classicukg.rec.pro.ukg.net/CLA1028CLAC/JobBoard/7dd6a284-7be6-49ca-bb18-7947f6a97a21/OpportunityDetail?opportunityId=8027ff40-28c1-4ecd-b5c8-daf63a4e61af	2026-09-17	2026-09-24	support	
Classic Collision	classiccollision.com	Collision	Auto Body Helper Flagged	Schertz, Texas, United States, Northern America, Americas	https://classicukg.rec.pro.ukg.net/CLA1028CLAC/JobBoard/7dd6a284-7be6-49ca-bb18-7947f6a97a21/OpportunityDetail?opportunityId=aad570bf-6d4f-4c88-bbfc-78af56ac3956	2026-09-17	2026-10-02	manual_work	
Classic Collision	classiccollision.com	Collision	Auto Body Technician	San Antonio, Texas, United States, Northern America, Americas	https://classicukg.rec.pro.ukg.net/CLA1028CLAC/JobBoard/7dd6a284-7be6-49ca-bb18-7947f6a97a21/OpportunityDetail?opportunityId=e4c8c96b-6ac3-483e-b1d8-caa4e7920702	2026-09-17	2026-10-02	manual_work	
Classic Collision	classiccollision.com	Collision	Auto Body Technician	Cutler Bay, Florida, United States, Northern America, Americas	https://classicukg.rec.pro.ukg.net/CLA1028CLAC/JobBoard/7dd6a284-7be6-49ca-bb18-7947f6a97a21/OpportunityDetail?opportunityId=b1f92823-4172-4f30-954c-363a7e3ff6b1	2026-09-17	2026-10-04	manual_work	
Classic Collision	classiccollision.com	Collision	Collision Estimator	Commerce City, Colorado, United States, Northern America, Americas	https://classicukg.rec.pro.ukg.net/CLA1028CLAC/JobBoard/7dd6a284-7be6-49ca-bb18-7947f6a97a21/OpportunityDetail?opportunityId=91984862-e095-4469-870a-a4015bd87a90	2026-09-16	2026-09-22	operations	65000 - 85000 USD per year
Classic Collision	classiccollision.com	Collision	Auto Body Technician	Augusta, Georgia, United States, Northern America, Americas	https://classicukg.rec.pro.ukg.net/CLA1028CLAC/JobBoard/7dd6a284-7be6-49ca-bb18-7947f6a97a21/OpportunityDetail?opportunityId=ad4dc79e-cfc3-498b-8f5e-ab12356b51ba	2026-09-16	2026-09-23	manual_work	
Classic Collision	classiccollision.com	Collision	Auto Body Technician	Augusta, Georgia, United States, Northern America, Americas	https://classicukg.rec.pro.ukg.net/CLA1028CLAC/JobBoard/7dd6a284-7be6-49ca-bb18-7947f6a97a21/OpportunityDetail?opportunityId=fdd891f1-0ba8-46b6-befa-7c9bacf06fe9	2026-09-16	2026-09-24	manual_work	
Classic Collision	classiccollision.com	Collision	General Manager	Louisville, Kentucky, United States, Northern America, Americas	https://classicukg.rec.pro.ukg.net/CLA1028CLAC/JobBoard/7dd6a284-7be6-49ca-bb18-7947f6a97a21/OpportunityDetail?opportunityId=5cd3c660-312a-4e09-8ea5-31048e1557e6	2026-09-16	2026-09-24	management	
Classic Collision	classiccollision.com	Collision	Auto Body Detailer	Atlanta, Georgia, United States, Northern America, Americas	https://classicukg.rec.pro.ukg.net/CLA1028CLAC/JobBoard/7dd6a284-7be6-49ca-bb18-7947f6a97a21/OpportunityDetail?opportunityId=a323303a-7808-49f8-ab06-fb6dd9710016	2026-09-16	2026-10-04	manual_work	
Classic Collision	classiccollision.com	Collision	Auto Body Technician	Anchorage, Alaska, United States, Northern America, Americas	https://classicukg.rec.pro.ukg.net/CLA1028CLAC/JobBoard/7dd6a284-7be6-49ca-bb18-7947f6a97a21/OpportunityDetail?opportunityId=8239a031-52af-4e7c-950c-d9e2877fbbb3	2026-09-16	2026-10-04	manual_work	
Classic Collision	classiccollision.com	Collision	Auto Parts Coordinator	Chattanooga, Tennessee, United States, Northern America, Americas	https://classicukg.rec.pro.ukg.net/CLA1028CLAC/JobBoard/7dd6a284-7be6-49ca-bb18-7947f6a97a21/OpportunityDetail?opportunityId=888aee11-b1f7-4eff-a2f5-0cf66d266a17	2026-09-16	2026-10-04	operations	
Classic Collision	classiccollision.com	Collision	Auto Body Technician	Ocala, Florida, United States, Northern America, Americas	https://classicukg.rec.pro.ukg.net/CLA1028CLAC/JobBoard/7dd6a284-7be6-49ca-bb18-7947f6a97a21/OpportunityDetail?opportunityId=4e523db6-bafe-4068-b796-eb0a0c6c5d49	2026-09-16	2026-10-04	manual_work	
Classic Collision	classiccollision.com	Collision	Auto Body Technician	Fairbanks, Alaska, United States, Northern America, Americas	https://classicukg.rec.pro.ukg.net/CLA1028CLAC/JobBoard/7dd6a284-7be6-49ca-bb18-7947f6a97a21/OpportunityDetail?opportunityId=e707823f-aa71-4c45-9735-3ed49afa33bf	2026-09-16	2026-10-04	manual_work	50000 - 100000 USD per year
Classic Collision	classiccollision.com	Collision	Auto Body Technician	Jacksonville, Florida, United States, Northern America, Americas	https://classicukg.rec.pro.ukg.net/CLA1028CLAC/JobBoard/7dd6a284-7be6-49ca-bb18-7947f6a97a21/OpportunityDetail?opportunityId=4f55efe9-8034-40c3-8b53-c9bd8b3f267d	2026-09-16	2026-10-04	manual_work	
Classic Collision	classiccollision.com	Collision	Mechanical Technician	Augusta, Georgia, United States, Northern America, Americas	https://classicukg.rec.pro.ukg.net/CLA1028CLAC/JobBoard/7dd6a284-7be6-49ca-bb18-7947f6a97a21/OpportunityDetail?opportunityId=d99b6fd7-f29b-4318-a339-ed71b121e2c4	2026-09-16	2026-10-04	manual_work	
Classic Collision	classiccollision.com	Collision	Customer Service Representative	Castle Rock, Colorado, United States, Northern America, Americas	https://classicukg.rec.pro.ukg.net/CLA1028CLAC/JobBoard/7dd6a284-7be6-49ca-bb18-7947f6a97a21/OpportunityDetail?opportunityId=38eda49b-15e5-4aa2-88a2-e7b15bd62028	2026-09-16	2026-10-04	support	15 - 20 USD per hour
Classic Collision	classiccollision.com	Collision	Automotive Paint Prepper	Anchorage, Alaska, United States, Northern America, Americas	https://classicukg.rec.pro.ukg.net/CLA1028CLAC/JobBoard/7dd6a284-7be6-49ca-bb18-7947f6a97a21/OpportunityDetail?opportunityId=bccb3e2b-d13c-4ef6-985b-4a4ffa0cb792	2026-09-16	2026-10-04	manual_work	16 - 20 USD per hour
Classic Collision	classiccollision.com	Collision	Auto Body Technician	Tennessee, United States, Northern America, Americas	https://classicukg.rec.pro.ukg.net/CLA1028CLAC/JobBoard/7dd6a284-7be6-49ca-bb18-7947f6a97a21/OpportunityDetail?opportunityId=56c24708-a018-4340-82b2-ae7fa1895705	2026-09-16	2026-10-04	manual_work	
Classic Collision	classiccollision.com	Collision	Auto Body Detailer	San Diego, California, United States, Northern America, Americas	https://classicukg.rec.pro.ukg.net/CLA1028CLAC/JobBoard/7dd6a284-7be6-49ca-bb18-7947f6a97a21/OpportunityDetail?opportunityId=084d016d-34f7-4b0e-8581-de40167daa8e	2026-09-16	2026-10-04	manual_work	19 - 20 USD per hour
Classic Collision	classiccollision.com	Collision	Auto Body Technician	Pensacola, Florida, United States, Northern America, Americas	https://classicukg.rec.pro.ukg.net/CLA1028CLAC/JobBoard/7dd6a284-7be6-49ca-bb18-7947f6a97a21/OpportunityDetail?opportunityId=7b1a5a99-a006-4987-9fbb-7fc71e1b50c9	2026-09-16	2026-10-04	manual_work	
Classic Collision	classiccollision.com	Collision	Auto Body Technician	Shepherdsville, Kentucky, United States, Northern America, Americas	https://classicukg.rec.pro.ukg.net/CLA1028CLAC/JobBoard/7dd6a284-7be6-49ca-bb18-7947f6a97a21/OpportunityDetail?opportunityId=8543239d-df93-49f4-a158-72a7cfd366b0	2026-09-16	2026-10-04	manual_work	75000 - 125000 USD per year
Classic Collision	classiccollision.com	Collision	Auto Body Technician	Anchorage, Alaska, United States, Northern America, Americas	https://classicukg.rec.pro.ukg.net/CLA1028CLAC/JobBoard/7dd6a284-7be6-49ca-bb18-7947f6a97a21/OpportunityDetail?opportunityId=ed2f507a-98bc-44b6-bb74-00e2ae8b0f7e	2026-09-16	2026-10-04	manual_work	
Classic Collision	classiccollision.com	Collision	Auto Body Technician	Wasilla, Alaska, United States, Northern America, Americas	https://classicukg.rec.pro.ukg.net/CLA1028CLAC/JobBoard/7dd6a284-7be6-49ca-bb18-7947f6a97a21/OpportunityDetail?opportunityId=f0be0de8-7538-4609-badf-47b27721a565	2026-09-16	2026-10-04	manual_work	
Classic Collision	classiccollision.com	Collision	Auto Body Technician	Augusta, Georgia, United States, Northern America, Americas	https://classicukg.rec.pro.ukg.net/CLA1028CLAC/JobBoard/7dd6a284-7be6-49ca-bb18-7947f6a97a21/OpportunityDetail?opportunityId=18a1da29-9aeb-4d88-bfc2-6ab5db258513	2026-09-16	2026-10-04	manual_work	
Classic Collision	classiccollision.com	Collision	Auto Paint Technician	Port St. Lucie, Florida, United States, Northern America, Americas	https://classicukg.rec.pro.ukg.net/CLA1028CLAC/JobBoard/7dd6a284-7be6-49ca-bb18-7947f6a97a21/OpportunityDetail?opportunityId=48e0ed1f-81e4-4adc-93e5-8d5559180237	2026-09-16	2026-09-22	manual_work	
Classic Collision	classiccollision.com	Collision	Auto Body Technician	Aiken, South Carolina, United States, Northern America, Americas	https://classicukg.rec.pro.ukg.net/CLA1028CLAC/JobBoard/7dd6a284-7be6-49ca-bb18-7947f6a97a21/OpportunityDetail?opportunityId=d7ab41b0-1d6a-46ab-9714-c4a1cb849931	2026-09-16	2026-10-01	manual_work	
Classic Collision	classiccollision.com	Collision	Auto Parts Coordinator	Greenwood, South Carolina, United States, Northern America, Americas	https://classicukg.rec.pro.ukg.net/CLA1028CLAC/JobBoard/7dd6a284-7be6-49ca-bb18-7947f6a97a21/OpportunityDetail?opportunityId=393a4ae2-ab6f-4ae4-9d2e-b55f8b0e3625	2026-09-16	2026-10-04	operations	
Classic Collision	classiccollision.com	Collision	Senior Service Advisor	Kirkland, Washington, United States, Northern America, Americas	https://classicukg.rec.pro.ukg.net/CLA1028CLAC/JobBoard/7dd6a284-7be6-49ca-bb18-7947f6a97a21/OpportunityDetail?opportunityId=812780a6-176b-4d9f-bd28-13250bff551d	2026-09-15	2026-09-23	support,operations	80000 - 100000 USD per year
Classic Collision	classiccollision.com	Collision	Auto Parts Coordinator	Goleta, California, United States, Northern America, Americas	https://classicukg.rec.pro.ukg.net/CLA1028CLAC/JobBoard/7dd6a284-7be6-49ca-bb18-7947f6a97a21/OpportunityDetail?opportunityId=d7e0ad39-b781-49c1-bd60-f05cc13aebd5	2026-09-15	2026-10-04	operations	20 - 30 USD per hour
Classic Collision	classiccollision.com	Collision	Auto Parts Coordinator	Summerville, South Carolina, United States, Northern America, Americas	https://classicukg.rec.pro.ukg.net/CLA1028CLAC/JobBoard/7dd6a284-7be6-49ca-bb18-7947f6a97a21/OpportunityDetail?opportunityId=46adc4dd-43ad-40aa-a330-19d534a72fd4	2026-09-15	2026-10-04	operations	
Classic Collision	classiccollision.com	Collision	Auto Body Technician	Littleton, Colorado, United States, Northern America, Americas	https://classicukg.rec.pro.ukg.net/CLA1028CLAC/JobBoard/7dd6a284-7be6-49ca-bb18-7947f6a97a21/OpportunityDetail?opportunityId=f71a5ca2-0358-4b10-836a-0763a1b69185	2026-09-15	2026-10-04	manual_work	
Classic Collision	classiccollision.com	Collision	Collision Estimator	Orlando, Florida, United States, Northern America, Americas	https://classicukg.rec.pro.ukg.net/CLA1028CLAC/JobBoard/7dd6a284-7be6-49ca-bb18-7947f6a97a21/OpportunityDetail?opportunityId=4efe11cb-7c8c-414c-96d6-955bbb839bc1	2026-09-15	2026-10-04	operations	
Classic Collision	classiccollision.com	Collision	Customer Service Representative	Asheboro, North Carolina, United States, Northern America, Americas	https://classicukg.rec.pro.ukg.net/CLA1028CLAC/JobBoard/7dd6a284-7be6-49ca-bb18-7947f6a97a21/OpportunityDetail?opportunityId=26f1f018-5d8c-407e-94ba-865ed413362d	2026-09-15	2026-10-04	support	
Classic Collision	classiccollision.com	Collision	Mechanical Technician	Florence, South Carolina, United States, Northern America, Americas	https://classicukg.rec.pro.ukg.net/CLA1028CLAC/JobBoard/7dd6a284-7be6-49ca-bb18-7947f6a97a21/OpportunityDetail?opportunityId=0fdf652f-aee8-49e6-b664-350dce24cf13	2026-09-15	2026-09-30	manual_work	
Classic Collision	classiccollision.com	Collision	Collision Estimator	Lakewood, Colorado, United States, Northern America, Americas	https://classicukg.rec.pro.ukg.net/CLA1028CLAC/JobBoard/7dd6a284-7be6-49ca-bb18-7947f6a97a21/OpportunityDetail?opportunityId=2b45119c-0f58-41da-99fc-93996774a121	2026-09-15	2026-09-30	operations	65000 - 85000 USD per year
Classic Collision	classiccollision.com	Collision	Shop Porter	Forest City, North Carolina, United States, Northern America, Americas	https://classicukg.rec.pro.ukg.net/CLA1028CLAC/JobBoard/7dd6a284-7be6-49ca-bb18-7947f6a97a21/OpportunityDetail?opportunityId=43710a35-19b8-4b98-a382-e66313e5733f	2026-09-15	2026-10-04	manual_work	
Classic Collision	classiccollision.com	Collision	Auto Body Detailer	Anchorage, Alaska, United States, Northern America, Americas	https://classicukg.rec.pro.ukg.net/CLA1028CLAC/JobBoard/7dd6a284-7be6-49ca-bb18-7947f6a97a21/OpportunityDetail?opportunityId=e1012361-26bc-4ad1-a48e-4b43201516b9	2026-09-15	2026-10-04	manual_work	15 - 20 USD per hour
Classic Collision	classiccollision.com	Collision	Customer Service Representative	Houston, Texas, United States, Northern America, Americas	https://classicukg.rec.pro.ukg.net/CLA1028CLAC/JobBoard/7dd6a284-7be6-49ca-bb18-7947f6a97a21/OpportunityDetail?opportunityId=22ac4d58-5f80-4371-9eed-c279247988b3	2026-09-15	2026-09-29	support	
Classic Collision	classiccollision.com	Collision	Auto Body Technician	Huntsville, Alabama, United States, Northern America, Americas	https://classicukg.rec.pro.ukg.net/CLA1028CLAC/JobBoard/7dd6a284-7be6-49ca-bb18-7947f6a97a21/OpportunityDetail?opportunityId=bb13e17c-b76d-4b3b-85d4-4781e271cf74	2026-09-14	2026-09-22	manual_work	
Classic Collision	classiccollision.com	Collision	Auto Body Technician	Lynn Haven, Florida, United States, Northern America, Americas	https://classicukg.rec.pro.ukg.net/CLA1028CLAC/JobBoard/7dd6a284-7be6-49ca-bb18-7947f6a97a21/OpportunityDetail?opportunityId=da644f19-61a8-4cc7-877e-8c54af990bb5	2026-09-14	2026-09-29	manual_work	
Classic Collision	classiccollision.com	Collision	Auto Body Helper	Florence, South Carolina, United States, Northern America, Americas	https://classicukg.rec.pro.ukg.net/CLA1028CLAC/JobBoard/7dd6a284-7be6-49ca-bb18-7947f6a97a21/OpportunityDetail?opportunityId=e9b8b17c-de5e-4e89-b846-6e32ab2ec4ce	2026-09-14	2026-10-04	manual_work	
Classic Collision	classiccollision.com	Collision	Auto Parts Manager	Lakeville, Minnesota, United States, Northern America, Americas	https://classicukg.rec.pro.ukg.net/CLA1028CLAC/JobBoard/7dd6a284-7be6-49ca-bb18-7947f6a97a21/OpportunityDetail?opportunityId=9e2eff48-2db9-4a7f-adbe-74aa00a73d79	2026-09-14	2026-09-30	operations	60000 - 75000 USD per year
Classic Collision	classiccollision.com	Collision	Customer Service Representative	Holly Hill, Florida, United States, Northern America, Americas	https://classicukg.rec.pro.ukg.net/CLA1028CLAC/JobBoard/7dd6a284-7be6-49ca-bb18-7947f6a97a21/OpportunityDetail?opportunityId=e8769f93-569c-4881-a65b-9e3dc33a8d10	2026-09-14	2026-09-30	support	
Classic Collision	classiccollision.com	Collision	Auto Body Technician	California, United States, Northern America, Americas	https://classicukg.rec.pro.ukg.net/CLA1028CLAC/JobBoard/7dd6a284-7be6-49ca-bb18-7947f6a97a21/OpportunityDetail?opportunityId=2dbaa73a-17e4-4aca-9c7f-01aa4719f84c	2026-09-14	2026-09-29	manual_work	18 - 24 USD per hour
Classic Collision	classiccollision.com	Collision	Service Advisor - Hourly	Huntsville, Alabama, United States, Northern America, Americas	https://classicukg.rec.pro.ukg.net/CLA1028CLAC/JobBoard/7dd6a284-7be6-49ca-bb18-7947f6a97a21/OpportunityDetail?opportunityId=8ab6b55f-464a-4f22-a173-b8f8a4775390	2026-09-14	2026-09-29	support,operations	$50000 to $175000 Depending on Experience
Classic Collision	classiccollision.com	Collision	Production Assistant	Goleta, California, United States, Northern America, Americas	https://classicukg.rec.pro.ukg.net/CLA1028CLAC/JobBoard/7dd6a284-7be6-49ca-bb18-7947f6a97a21/OpportunityDetail?opportunityId=848d60e9-3c29-4608-b64f-bce81f116741	2026-09-14	2026-10-03	operations	21 - 25 USD per hour
Classic Collision	classiccollision.com	Collision	Automotive Paint Prepper	Bellevue, Washington, United States, Northern America, Americas	https://classicukg.rec.pro.ukg.net/CLA1028CLAC/JobBoard/7dd6a284-7be6-49ca-bb18-7947f6a97a21/OpportunityDetail?opportunityId=dc4a282e-b7e4-4408-9fce-9425b706e4f1	2026-09-11	2026-09-17	manual_work	18.0 - 20.0 USD per hour
Classic Collision	classiccollision.com	Collision	Auto Parts Manager	Cleveland, Tennessee, United States, Northern America, Americas	https://classicukg.rec.pro.ukg.net/CLA1028CLAC/JobBoard/7dd6a284-7be6-49ca-bb18-7947f6a97a21/OpportunityDetail?opportunityId=4473b4a6-6a77-43d5-a84f-f18fce1e3681	2026-09-11	2026-09-17	operations	
Classic Collision	classiccollision.com	Collision	Auto Body Technician	Augusta, Georgia, United States, Northern America, Americas	https://classicukg.rec.pro.ukg.net/CLA1028CLAC/JobBoard/7dd6a284-7be6-49ca-bb18-7947f6a97a21/OpportunityDetail?opportunityId=b6d3503d-800a-4430-bc8d-008bd43e6584	2026-09-11	2026-09-18	manual_work	
Classic Collision	classiccollision.com	Collision	Auto Body Detailer	Chattanooga, Tennessee, United States, Northern America, Americas	https://classicukg.rec.pro.ukg.net/CLA1028CLAC/JobBoard/7dd6a284-7be6-49ca-bb18-7947f6a97a21/OpportunityDetail?opportunityId=6b557bf9-feb4-4a9b-9af6-4b30eeb343a9	2026-09-11	2026-09-18	manual_work	
Classic Collision	classiccollision.com	Collision	Auto Body Technician	Augusta, Georgia, United States, Northern America, Americas	https://classicukg.rec.pro.ukg.net/CLA1028CLAC/JobBoard/7dd6a284-7be6-49ca-bb18-7947f6a97a21/OpportunityDetail?opportunityId=1c5c0677-e8e0-42f6-b5d2-ef73f70035a9	2026-09-11	2026-10-04	manual_work	
Classic Collision	classiccollision.com	Collision	Auto Body Technician	Mount Pleasant, South Carolina, United States, Northern America, Americas	https://classicukg.rec.pro.ukg.net/CLA1028CLAC/JobBoard/7dd6a284-7be6-49ca-bb18-7947f6a97a21/OpportunityDetail?opportunityId=c95f8b1c-f20f-489c-9f4c-56892f1f62de	2026-09-11	2026-10-04	manual_work	
Classic Collision	classiccollision.com	Collision	Auto Body Technician	Louisville, Kentucky, United States, Northern America, Americas	https://classicukg.rec.pro.ukg.net/CLA1028CLAC/JobBoard/7dd6a284-7be6-49ca-bb18-7947f6a97a21/OpportunityDetail?opportunityId=8299f011-dda0-49a8-a657-98a4614eab8f	2026-09-10	2026-09-24	manual_work	
Classic Collision	classiccollision.com	Collision	Auto Parts Coordinator	Orangeburg, South Carolina, United States, Northern America, Americas	https://classicukg.rec.pro.ukg.net/CLA1028CLAC/JobBoard/7dd6a284-7be6-49ca-bb18-7947f6a97a21/OpportunityDetail?opportunityId=52c547be-94b7-46f2-838c-33f1ad3fe5f1	2026-09-10	2026-09-16	operations	
Classic Collision	classiccollision.com	Collision	Auto Body Technician	Athens, Georgia, United States, Northern America, Americas	https://classicukg.rec.pro.ukg.net/CLA1028CLAC/JobBoard/7dd6a284-7be6-49ca-bb18-7947f6a97a21/OpportunityDetail?opportunityId=93ab1786-d5bc-46fb-8fb0-eb67794191bd	2026-09-10	2026-09-16	manual_work	
Classic Collision	classiccollision.com	Collision	Auto Body Technician	Castle Rock, Colorado, United States, Northern America, Americas	https://classicukg.rec.pro.ukg.net/CLA1028CLAC/JobBoard/7dd6a284-7be6-49ca-bb18-7947f6a97a21/OpportunityDetail?opportunityId=2fd962d3-fabd-407e-a2f3-c5191ec43d9d	2026-09-10	2026-10-04	manual_work	75000 - 150000 USD per year
Classic Collision	classiccollision.com	Collision	Collision Estimator	Augusta, Georgia, United States, Northern America, Americas	https://classicukg.rec.pro.ukg.net/CLA1028CLAC/JobBoard/7dd6a284-7be6-49ca-bb18-7947f6a97a21/OpportunityDetail?opportunityId=7038e45f-eee5-4adc-a127-1e60fb6e7d10	2026-09-10	2026-10-04	operations	
Classic Collision	classiccollision.com	Collision	Auto Body Detailer	Roswell, Georgia, United States, Northern America, Americas	https://classicukg.rec.pro.ukg.net/CLA1028CLAC/JobBoard/7dd6a284-7be6-49ca-bb18-7947f6a97a21/OpportunityDetail?opportunityId=6bc33887-ccf5-42bb-a16f-fdd1821edd71	2026-09-10	2026-10-04	manual_work	
Classic Collision	classiccollision.com	Collision	Auto Body Technician	Union City, Georgia, United States, Northern America, Americas	https://classicukg.rec.pro.ukg.net/CLA1028CLAC/JobBoard/7dd6a284-7be6-49ca-bb18-7947f6a97a21/OpportunityDetail?opportunityId=afc496cd-e7ea-484c-ba4f-7b3827dda421	2026-09-10	2026-10-04	manual_work	
Classic Collision	classiccollision.com	Collision	Auto Body Technician	Newport News, Virginia, United States, Northern America, Americas	https://classicukg.rec.pro.ukg.net/CLA1028CLAC/JobBoard/7dd6a284-7be6-49ca-bb18-7947f6a97a21/OpportunityDetail?opportunityId=f67205ba-5258-4487-a7f3-448c94c42d8a	2026-09-10	2026-10-04	manual_work	
Classic Collision	classiccollision.com	Collision	Shop Porter	Austin, Texas, United States, Northern America, Americas	https://classicukg.rec.pro.ukg.net/CLA1028CLAC/JobBoard/7dd6a284-7be6-49ca-bb18-7947f6a97a21/OpportunityDetail?opportunityId=ebf129c0-8b01-4152-80a8-290239b57472	2026-09-10	2026-10-04	manual_work	
Classic Collision	classiccollision.com	Collision	Auto Body Helper	Florence, South Carolina, United States, Northern America, Americas	https://classicukg.rec.pro.ukg.net/CLA1028CLAC/JobBoard/7dd6a284-7be6-49ca-bb18-7947f6a97a21/OpportunityDetail?opportunityId=21e7c7ab-24e1-495e-9c5b-11ae7273edaf	2026-09-09	2026-09-15	manual_work	
Classic Collision	classiccollision.com	Collision	Auto Paint Technician	Pelham, Alabama, United States, Northern America, Americas	https://classicukg.rec.pro.ukg.net/CLA1028CLAC/JobBoard/7dd6a284-7be6-49ca-bb18-7947f6a97a21/OpportunityDetail?opportunityId=3fc738e0-c971-457c-b9ef-f37c289e9e54	2026-09-09	2026-09-15	manual_work	
Classic Collision	classiccollision.com	Collision	Shop Porter	Florence, South Carolina, United States, Northern America, Americas	https://classicukg.rec.pro.ukg.net/CLA1028CLAC/JobBoard/7dd6a284-7be6-49ca-bb18-7947f6a97a21/OpportunityDetail?opportunityId=63a8b48e-a524-4cdd-81fd-4c3d970e0438	2026-09-09	2026-10-04	manual_work	
Classic Collision	classiccollision.com	Collision	General Manager	Huntsville, Alabama, United States, Northern America, Americas	https://classicukg.rec.pro.ukg.net/CLA1028CLAC/JobBoard/7dd6a284-7be6-49ca-bb18-7947f6a97a21/OpportunityDetail?opportunityId=c9107403-4dfb-4542-b095-ec2b21b2f89e	2026-09-09	2026-10-01	management	
Classic Collision	classiccollision.com	Collision	Auto Body Technician	Sumter, South Carolina, United States, Northern America, Americas	https://classicukg.rec.pro.ukg.net/CLA1028CLAC/JobBoard/7dd6a284-7be6-49ca-bb18-7947f6a97a21/OpportunityDetail?opportunityId=add38383-a182-47b6-be9a-c5f660053066	2026-09-09	2026-10-04	manual_work	
Classic Collision	classiccollision.com	Collision	Auto Body Technician	Florence, South Carolina, United States, Northern America, Americas	https://classicukg.rec.pro.ukg.net/CLA1028CLAC/JobBoard/7dd6a284-7be6-49ca-bb18-7947f6a97a21/OpportunityDetail?opportunityId=1e3d6e47-08c1-4d9c-8e00-64e3eb8e5ba4	2026-09-09	2026-09-15	manual_work	
Classic Collision	classiccollision.com	Collision	Customer Service Representative	Virginia, United States, Northern America, Americas	https://classicukg.rec.pro.ukg.net/CLA1028CLAC/JobBoard/7dd6a284-7be6-49ca-bb18-7947f6a97a21/OpportunityDetail?opportunityId=45bde84d-e91b-4809-b53d-7b1d6b624de4	2026-09-09	2026-09-23	support	
Classic Collision	classiccollision.com	Collision	Customer Service Representative	Minneapolis, Minnesota, United States, Northern America, Americas	https://classicukg.rec.pro.ukg.net/CLA1028CLAC/JobBoard/7dd6a284-7be6-49ca-bb18-7947f6a97a21/OpportunityDetail?opportunityId=6e4fe40c-a132-4123-997f-a0873bb456ae	2026-09-09	2026-10-04	support	18 - 23 USD per hour
Classic Collision	classiccollision.com	Collision	Auto Body Detailer	Anchorage, Alaska, United States, Northern America, Americas	https://classicukg.rec.pro.ukg.net/CLA1028CLAC/JobBoard/7dd6a284-7be6-49ca-bb18-7947f6a97a21/OpportunityDetail?opportunityId=0f524ee0-9271-46f8-9d6e-e5d8e3ce1ac4	2026-09-09	2026-10-01	manual_work	
Classic Collision	classiccollision.com	Collision	Shop Porter	Oregon City, Oregon, United States, Northern America, Americas	https://classicukg.rec.pro.ukg.net/CLA1028CLAC/JobBoard/7dd6a284-7be6-49ca-bb18-7947f6a97a21/OpportunityDetail?opportunityId=e115862e-3d8e-4d7f-924d-470db9d7a349	2026-09-09	2026-09-23	manual_work	17 - 20 USD per hour
Classic Collision	classiccollision.com	Collision	Auto Body Technician	Austin, Texas, United States, Northern America, Americas	https://classicukg.rec.pro.ukg.net/CLA1028CLAC/JobBoard/7dd6a284-7be6-49ca-bb18-7947f6a97a21/OpportunityDetail?opportunityId=c260523a-1481-4042-a580-fd3c900127b0	2026-09-09	2026-09-15	manual_work	
Classic Collision	classiccollision.com	Collision	Auto Paint Technician	Beaverton, Oregon, United States, Northern America, Americas	https://classicukg.rec.pro.ukg.net/CLA1028CLAC/JobBoard/7dd6a284-7be6-49ca-bb18-7947f6a97a21/OpportunityDetail?opportunityId=3d3a18eb-998b-4c5b-ab4b-063a7877b821	2026-09-09	2026-09-15	manual_work	24 - 28 USD per hour
Classic Collision	classiccollision.com	Collision	Collision Estimator	Ocala, Florida, United States, Northern America, Americas	https://classicukg.rec.pro.ukg.net/CLA1028CLAC/JobBoard/7dd6a284-7be6-49ca-bb18-7947f6a97a21/OpportunityDetail?opportunityId=86273197-dec2-4ee4-88e1-2992d2d2fbaa	2026-09-09	2026-09-15	operations	
Classic Collision	classiccollision.com	Collision	Production Manager	Kennesaw, Georgia, United States, Northern America, Americas	https://classicukg.rec.pro.ukg.net/CLA1028CLAC/JobBoard/7dd6a284-7be6-49ca-bb18-7947f6a97a21/OpportunityDetail?opportunityId=12ff5cd5-df6a-4a3c-83e7-1c89edba53f8	2026-09-09	2026-09-15	operations	
Classic Collision	classiccollision.com	Collision	Service Advisor	Lufkin, Texas, United States, Northern America, Americas	https://classicukg.rec.pro.ukg.net/CLA1028CLAC/JobBoard/7dd6a284-7be6-49ca-bb18-7947f6a97a21/OpportunityDetail?opportunityId=829e7848-63d6-42e8-b895-c002e8198f75	2026-09-09	2026-10-04	support,operations	
Classic Collision	classiccollision.com	Collision	Auto Body Technician	Louisville, Kentucky, United States, Northern America, Americas	https://classicukg.rec.pro.ukg.net/CLA1028CLAC/JobBoard/7dd6a284-7be6-49ca-bb18-7947f6a97a21/OpportunityDetail?opportunityId=7bb09f00-a5c1-4017-9d6e-3b7c9021e7ba	2026-09-09	2026-10-04	manual_work	75000 - 125000 USD per year
Classic Collision	classiccollision.com	Collision	Auto Body Technician	Melbourne, Florida, United States, Northern America, Americas	https://classicukg.rec.pro.ukg.net/CLA1028CLAC/JobBoard/7dd6a284-7be6-49ca-bb18-7947f6a97a21/OpportunityDetail?opportunityId=fb6f108c-7b83-4fd6-afa0-c818ede88107	2026-09-09	2026-10-04	manual_work	
Classic Collision	classiccollision.com	Collision	Auto Body Technician	Lakewood, Colorado, United States, Northern America, Americas	https://classicukg.rec.pro.ukg.net/CLA1028CLAC/JobBoard/7dd6a284-7be6-49ca-bb18-7947f6a97a21/OpportunityDetail?opportunityId=82a00582-a822-4dcb-bbdd-dcdcd34ea6e4	2026-09-09	2026-10-04	manual_work	24 - 26 USD per hour
Classic Collision	classiccollision.com	Collision	Auto Body Technician	Lakeland, Florida, United States, Northern America, Americas	https://classicukg.rec.pro.ukg.net/CLA1028CLAC/JobBoard/7dd6a284-7be6-49ca-bb18-7947f6a97a21/OpportunityDetail?opportunityId=4d5adc74-2cf8-46bd-9743-5e846a26477c	2026-09-09	2026-10-04	manual_work	
Classic Collision	classiccollision.com	Collision	Customer Service Representative	Fredericksburg, Virginia, United States, Northern America, Americas	https://classicukg.rec.pro.ukg.net/CLA1028CLAC/JobBoard/7dd6a284-7be6-49ca-bb18-7947f6a97a21/OpportunityDetail?opportunityId=22cd8532-4978-4647-926a-9b1d84c5a7aa	2026-09-09	2026-10-01	support	
Classic Collision	classiccollision.com	Collision	Auto Body Detailer	Mooresville, North Carolina, United States, Northern America, Americas	https://classicukg.rec.pro.ukg.net/CLA1028CLAC/JobBoard/7dd6a284-7be6-49ca-bb18-7947f6a97a21/OpportunityDetail?opportunityId=845fe471-5f8e-444a-b3bc-fc3a7ef339c9	2026-09-08	2026-10-04	manual_work	
Classic Collision	classiccollision.com	Collision	Auto Body Technician	Minneapolis, Minnesota, United States, Northern America, Americas	https://classicukg.rec.pro.ukg.net/CLA1028CLAC/JobBoard/7dd6a284-7be6-49ca-bb18-7947f6a97a21/OpportunityDetail?opportunityId=1358f4ed-6ac4-4b08-b71b-460e8fa75752	2026-09-08	2026-10-04	manual_work	75000 - 125000 USD per year
Classic Collision	classiccollision.com	Collision	Auto Body Helper	Anchorage, Alaska, United States, Northern America, Americas	https://classicukg.rec.pro.ukg.net/CLA1028CLAC/JobBoard/7dd6a284-7be6-49ca-bb18-7947f6a97a21/OpportunityDetail?opportunityId=7c6d6c80-4d00-43ce-8833-21c90ba98366	2026-09-08	2026-10-04	manual_work	
Classic Collision	classiccollision.com	Collision	Senior Service Advisor	Austin, Texas, United States, Northern America, Americas	https://classicukg.rec.pro.ukg.net/CLA1028CLAC/JobBoard/7dd6a284-7be6-49ca-bb18-7947f6a97a21/OpportunityDetail?opportunityId=d2d8e542-54a2-4d8c-8406-1b45abe48603	2026-09-08	2026-09-16	support	
Classic Collision	classiccollision.com	Collision	Auto Body Technician	Schertz, Texas, United States, Northern America, Americas	https://classicukg.rec.pro.ukg.net/CLA1028CLAC/JobBoard/7dd6a284-7be6-49ca-bb18-7947f6a97a21/OpportunityDetail?opportunityId=528acdd3-deb5-4574-bd72-a40407967169	2026-09-08	2026-09-22	manual_work	
Classic Collision	classiccollision.com	Collision	Auto Body Detailer	Cincinnati, Ohio, United States, Northern America, Americas	https://classicukg.rec.pro.ukg.net/CLA1028CLAC/JobBoard/7dd6a284-7be6-49ca-bb18-7947f6a97a21/OpportunityDetail?opportunityId=acceb7f0-8233-4328-b49c-6b075f0cf787	2026-09-08	2026-10-04	manual_work	
Classic Collision	classiccollision.com	Collision	Auto Body Technician	Auburn, Georgia, United States, Northern America, Americas	https://classicukg.rec.pro.ukg.net/CLA1028CLAC/JobBoard/7dd6a284-7be6-49ca-bb18-7947f6a97a21/OpportunityDetail?opportunityId=8d0a5fa7-dd35-49e6-94b0-ab07b4167e92	2026-09-08	2026-10-04	manual_work	
Classic Collision	classiccollision.com	Collision	General Manager	Anchorage, Alaska, United States, Northern America, Americas	https://classicukg.rec.pro.ukg.net/CLA1028CLAC/JobBoard/7dd6a284-7be6-49ca-bb18-7947f6a97a21/OpportunityDetail?opportunityId=88dda065-ada0-4931-bb77-7f59263d3e56	2026-09-08	2026-10-01	management	
Classic Collision	classiccollision.com	Collision	Auto Paint Technician	Bradenton, Florida, United States, Northern America, Americas	https://classicukg.rec.pro.ukg.net/CLA1028CLAC/JobBoard/7dd6a284-7be6-49ca-bb18-7947f6a97a21/OpportunityDetail?opportunityId=a9addfbd-2618-4498-9796-00dd79dd866f	2026-09-08	2026-09-14	manual_work	
Classic Collision	classiccollision.com	Collision	Auto Body Detailer	Lufkin, Texas, United States, Northern America, Americas	https://classicukg.rec.pro.ukg.net/CLA1028CLAC/JobBoard/7dd6a284-7be6-49ca-bb18-7947f6a97a21/OpportunityDetail?opportunityId=e3d225c0-19b1-458e-83d5-9b8928c0cc71	2026-09-05	2026-09-11	manual_work	
Classic Collision	classiccollision.com	Collision	Auto Body Shop Porter	Boynton Beach, Florida, United States, Northern America, Americas	https://classicukg.rec.pro.ukg.net/CLA1028CLAC/JobBoard/7dd6a284-7be6-49ca-bb18-7947f6a97a21/OpportunityDetail?opportunityId=d64089c6-8e6b-41f3-99ce-16da10db5ec7	2026-09-05	2026-09-11	manual_work	
Classic Collision	classiccollision.com	Collision	Auto Parts Coordinator	Dripping Springs, Texas, United States, Northern America, Americas	https://classicukg.rec.pro.ukg.net/CLA1028CLAC/JobBoard/7dd6a284-7be6-49ca-bb18-7947f6a97a21/OpportunityDetail?opportunityId=66d98b99-ba36-4153-b909-71dbf0ec6873	2026-09-05	2026-09-19	operations	
Classic Collision	classiccollision.com	Collision	Auto Body Technician	Commerce, Georgia, United States, Northern America, Americas	https://classicukg.rec.pro.ukg.net/CLA1028CLAC/JobBoard/7dd6a284-7be6-49ca-bb18-7947f6a97a21/OpportunityDetail?opportunityId=4d4e4c3c-f9db-42fe-a22b-fd8e48b25533	2026-09-04	2026-10-04	manual_work	
Classic Collision	classiccollision.com	Collision	Auto Parts Coordinator	Lakeville, Minnesota, United States, Northern America, Americas	https://classicukg.rec.pro.ukg.net/CLA1028CLAC/JobBoard/7dd6a284-7be6-49ca-bb18-7947f6a97a21/OpportunityDetail?opportunityId=1504d891-f1a1-452d-b379-1b756cb19767	2026-09-04	2026-10-03	operations	20 - 24 USD per hour
Classic Collision	classiccollision.com	Collision	Auto Body Technician	Orlando, Florida, United States, Northern America, Americas	https://classicukg.rec.pro.ukg.net/CLA1028CLAC/JobBoard/7dd6a284-7be6-49ca-bb18-7947f6a97a21/OpportunityDetail?opportunityId=fa651d35-fddb-4291-a4c8-660c64b8439d	2026-09-04	2026-10-04	manual_work	
Classic Collision	classiccollision.com	Collision	Senior Service Advisor	California, United States, Northern America, Americas	https://classicukg.rec.pro.ukg.net/CLA1028CLAC/JobBoard/7dd6a284-7be6-49ca-bb18-7947f6a97a21/OpportunityDetail?opportunityId=b7ffc22f-cb31-4d1d-9bf8-7145a0e9678b	2026-09-04	2026-09-18	support,operations	
Classic Collision	classiccollision.com	Collision	Auto Body Technician	Houston, Texas, United States, Northern America, Americas	https://classicukg.rec.pro.ukg.net/CLA1028CLAC/JobBoard/7dd6a284-7be6-49ca-bb18-7947f6a97a21/OpportunityDetail?opportunityId=bf637f4a-0794-419a-9e1f-ba4dad2aa3f9	2026-09-04	2026-09-26	manual_work	
Classic Collision	classiccollision.com	Collision	Senior Service Advisor	The Woodlands, Texas, United States, Northern America, Americas	https://classicukg.rec.pro.ukg.net/CLA1028CLAC/JobBoard/7dd6a284-7be6-49ca-bb18-7947f6a97a21/OpportunityDetail?opportunityId=b7cf7038-fc9f-4cf0-b49e-249b1bdd1084	2026-09-04	2026-09-18	support,operations	
Classic Collision	classiccollision.com	Collision	Collision Estimator	Ocala, Florida, United States, Northern America, Americas	https://classicukg.rec.pro.ukg.net/CLA1028CLAC/JobBoard/7dd6a284-7be6-49ca-bb18-7947f6a97a21/OpportunityDetail?opportunityId=bf545f09-2c19-4677-adcb-28abf038315e	2026-09-04	2026-09-10	operations	
Classic Collision	classiccollision.com	Collision	Assistant General Manager	Lynnwood, Washington, United States, Northern America, Americas	https://classicukg.rec.pro.ukg.net/CLA1028CLAC/JobBoard/7dd6a284-7be6-49ca-bb18-7947f6a97a21/OpportunityDetail?opportunityId=129d4a8e-e84c-4343-b59f-668ca7e441c9	2026-09-04	2026-09-10	management	
Classic Collision	classiccollision.com	Collision	Auto Parts Coordinator	Georgetown, Texas, United States, Northern America, Americas	https://classicukg.rec.pro.ukg.net/CLA1028CLAC/JobBoard/7dd6a284-7be6-49ca-bb18-7947f6a97a21/OpportunityDetail?opportunityId=ba87d5ae-399c-4d31-abe1-ddb497656daa	2026-09-04	2026-09-10	operations	
Classic Collision	classiccollision.com	Collision	IT Support Technician - Tier 2 (Hybrid)	Atlanta, Georgia, United States, Northern America, Americas	https://classicukg.rec.pro.ukg.net/CLA1028CLAC/JobBoard/7dd6a284-7be6-49ca-bb18-7947f6a97a21/OpportunityDetail?opportunityId=bd005f99-0da7-43a7-8c88-bde6631e37b6	2026-09-04	2026-09-10	information_technology,support	
Classic Collision	classiccollision.com	Collision	Auto Body Technician	San Marcos, Texas, United States, Northern America, Americas	https://classicukg.rec.pro.ukg.net/CLA1028CLAC/JobBoard/7dd6a284-7be6-49ca-bb18-7947f6a97a21/OpportunityDetail?opportunityId=d9378aed-d080-4f29-909c-f379c21109e9	2026-09-04	2026-09-18	manual_work	
Classic Collision	classiccollision.com	Collision	Auto Body Detailer	Chandler, Arizona, United States, Northern America, Americas	https://classicukg.rec.pro.ukg.net/CLA1028CLAC/JobBoard/7dd6a284-7be6-49ca-bb18-7947f6a97a21/OpportunityDetail?opportunityId=d88744da-8776-4838-ac18-7a0bf9bd5f52	2026-09-04	2026-09-18	manual_work	
Classic Collision	classiccollision.com	Collision	Auto Body Helper	Georgetown, Texas, United States, Northern America, Americas	https://classicukg.rec.pro.ukg.net/CLA1028CLAC/JobBoard/7dd6a284-7be6-49ca-bb18-7947f6a97a21/OpportunityDetail?opportunityId=59f0ea48-a5b1-4a69-bb22-f6e2bfce5ab0	2026-09-04	2026-09-18	manual_work	
Classic Collision	classiccollision.com	Collision	Auto Body Shop Porter	Fort Walton Beach, Florida, United States, Northern America, Americas	https://classicukg.rec.pro.ukg.net/CLA1028CLAC/JobBoard/7dd6a284-7be6-49ca-bb18-7947f6a97a21/OpportunityDetail?opportunityId=4c505265-6dda-4dbd-bfc4-3e617b12fdef	2026-09-03	2026-09-25	manual_work	
Classic Collision	classiccollision.com	Collision	Auto Paint Technician	North Lauderdale, Florida, United States, Northern America, Americas	https://classicukg.rec.pro.ukg.net/CLA1028CLAC/JobBoard/7dd6a284-7be6-49ca-bb18-7947f6a97a21/OpportunityDetail?opportunityId=cd955014-a669-4b6e-b72f-decd34ca03b6	2026-09-03	2026-09-25	manual_work	
Classic Collision	classiccollision.com	Collision	Auto Body Technician	Florida, United States, Northern America, Americas	https://classicukg.rec.pro.ukg.net/CLA1028CLAC/JobBoard/7dd6a284-7be6-49ca-bb18-7947f6a97a21/OpportunityDetail?opportunityId=0c846916-2d89-4d8b-a4c6-d45326e9bfe1	2026-09-03	2026-10-03	manual_work	
Classic Collision	classiccollision.com	Collision	Auto Body Technician	Augusta, Georgia, United States, Northern America, Americas	https://classicukg.rec.pro.ukg.net/CLA1028CLAC/JobBoard/7dd6a284-7be6-49ca-bb18-7947f6a97a21/OpportunityDetail?opportunityId=9e96c020-f026-4427-89c8-937cca4eb243	2026-09-03	2026-09-25	manual_work	
Classic Collision	classiccollision.com	Collision	Auto Parts Coordinator	Augusta, Georgia, United States, Northern America, Americas	https://classicukg.rec.pro.ukg.net/CLA1028CLAC/JobBoard/7dd6a284-7be6-49ca-bb18-7947f6a97a21/OpportunityDetail?opportunityId=d405bde4-e510-4773-b8e2-5ec4c1571553	2026-09-03	2026-10-04	operations	
Classic Collision	classiccollision.com	Collision	Auto Body Technician	Atlanta, Georgia, United States, Northern America, Americas	https://classicukg.rec.pro.ukg.net/CLA1028CLAC/JobBoard/7dd6a284-7be6-49ca-bb18-7947f6a97a21/OpportunityDetail?opportunityId=e926829e-8a94-4c59-a1a3-c6e3ee28c5f6	2026-09-03	2026-09-09	manual_work	
Classic Collision	classiccollision.com	Collision	Performance Manager	Orlando, Florida, United States, Northern America, Americas	https://classicukg.rec.pro.ukg.net/CLA1028CLAC/JobBoard/7dd6a284-7be6-49ca-bb18-7947f6a97a21/OpportunityDetail?opportunityId=b6e6a08d-795d-4ccd-8aa2-6f3b25450412	2026-09-03	2026-10-04	management,operations	
Classic Collision	classiccollision.com	Collision	Auto Body Detailer	Evans, Georgia, United States, Northern America, Americas	https://classicukg.rec.pro.ukg.net/CLA1028CLAC/JobBoard/7dd6a284-7be6-49ca-bb18-7947f6a97a21/OpportunityDetail?opportunityId=75e8e619-8228-4333-89de-8b932794815e	2026-09-03	2026-09-18	manual_work	
Classic Collision	classiccollision.com	Collision	Collision Estimator	Birmingham, Alabama, United States, Northern America, Americas	https://classicukg.rec.pro.ukg.net/CLA1028CLAC/JobBoard/7dd6a284-7be6-49ca-bb18-7947f6a97a21/OpportunityDetail?opportunityId=13c52f2f-fd79-4987-9ed0-48eabad0c05e	2026-09-03	2026-09-17	operations	
Classic Collision	classiccollision.com	Collision	Auto Parts Coordinator	Schertz, Texas, United States, Northern America, Americas	https://classicukg.rec.pro.ukg.net/CLA1028CLAC/JobBoard/7dd6a284-7be6-49ca-bb18-7947f6a97a21/OpportunityDetail?opportunityId=593d9e15-04a0-41f8-8a8c-f48922a229f5	2026-09-03	2026-10-04	operations	
Classic Collision	classiccollision.com	Collision	Collision Estimator	Greenwood, South Carolina, United States, Northern America, Americas	https://classicukg.rec.pro.ukg.net/CLA1028CLAC/JobBoard/7dd6a284-7be6-49ca-bb18-7947f6a97a21/OpportunityDetail?opportunityId=d261bb10-b536-4690-8e24-caa3bb0953af	2026-09-03	2026-09-25	operations	
Classic Collision	classiccollision.com	Collision	Auto Parts Coordinator	Cumming, Georgia, United States, Northern America, Americas	https://classicukg.rec.pro.ukg.net/CLA1028CLAC/JobBoard/7dd6a284-7be6-49ca-bb18-7947f6a97a21/OpportunityDetail?opportunityId=583f1b0e-9939-46f9-86d7-674e6ad5934c	2026-09-03	2026-10-04	operations	
Classic Collision	classiccollision.com	Collision	Shop Porter	Alpharetta, Georgia, United States, Northern America, Americas	https://classicukg.rec.pro.ukg.net/CLA1028CLAC/JobBoard/7dd6a284-7be6-49ca-bb18-7947f6a97a21/OpportunityDetail?opportunityId=42e89aeb-5bdf-4dcb-af37-3d4cdbffba16	2026-09-03	2026-09-25	manual_work	
Classic Collision	classiccollision.com	Collision	Auto Body Technician	Uvalde, Texas, United States, Northern America, Americas	https://classicukg.rec.pro.ukg.net/CLA1028CLAC/JobBoard/7dd6a284-7be6-49ca-bb18-7947f6a97a21/OpportunityDetail?opportunityId=6ea04044-a53b-4bb5-b352-91ea99f0046f	2026-09-03	2026-10-04	manual_work	
Classic Collision	classiccollision.com	Collision	Shop Porter	Houston, Texas, United States, Northern America, Americas	https://classicukg.rec.pro.ukg.net/CLA1028CLAC/JobBoard/7dd6a284-7be6-49ca-bb18-7947f6a97a21/OpportunityDetail?opportunityId=0320b052-d709-459b-b1b8-23bdcbf05405	2026-09-03	2026-09-25	manual_work	
Classic Collision	classiccollision.com	Collision	Collision Estimator	Norfolk, Virginia, United States, Northern America, Americas	https://classicukg.rec.pro.ukg.net/CLA1028CLAC/JobBoard/7dd6a284-7be6-49ca-bb18-7947f6a97a21/OpportunityDetail?opportunityId=0bed8950-b168-4071-8dc4-3ff045520e39	2026-09-03	2026-10-04	operations	
Classic Collision	classiccollision.com	Collision	Service Advisor	Medford, Oregon, United States, Northern America, Americas	https://classicukg.rec.pro.ukg.net/CLA1028CLAC/JobBoard/7dd6a284-7be6-49ca-bb18-7947f6a97a21/OpportunityDetail?opportunityId=567a26ee-aff0-409f-a2cc-ec18f5c9e6e9	2026-09-03	2026-10-03	support,operations	
Classic Collision	classiccollision.com	Collision	Collision Estimator	Hampstead, North Carolina, United States, Northern America, Americas	https://classicukg.rec.pro.ukg.net/CLA1028CLAC/JobBoard/7dd6a284-7be6-49ca-bb18-7947f6a97a21/OpportunityDetail?opportunityId=a1e84e99-8561-479a-b841-e270f1d8ea00	2026-09-03	2026-09-09	operations	
Classic Collision	classiccollision.com	Collision	Auto Body Technician	Cumming, Georgia, United States, Northern America, Americas	https://classicukg.rec.pro.ukg.net/CLA1028CLAC/JobBoard/7dd6a284-7be6-49ca-bb18-7947f6a97a21/OpportunityDetail?opportunityId=a957a7d4-7d60-49e3-81b0-be99b26449d9	2026-09-03	2026-09-25	manual_work	
Classic Collision	classiccollision.com	Collision	Auto Body Technician	Augusta, Georgia, United States, Northern America, Americas	https://classicukg.rec.pro.ukg.net/CLA1028CLAC/JobBoard/7dd6a284-7be6-49ca-bb18-7947f6a97a21/OpportunityDetail?opportunityId=afdf9541-39dc-46fc-bbac-e880d73720bf	2026-09-03	2026-09-09	manual_work	
Classic Collision	classiccollision.com	Collision	Auto Body Detailer	Chapel Hill, North Carolina, United States, Northern America, Americas	https://classicukg.rec.pro.ukg.net/CLA1028CLAC/JobBoard/7dd6a284-7be6-49ca-bb18-7947f6a97a21/OpportunityDetail?opportunityId=0efccd88-6b7d-45b9-98c7-610fcd2392f6	2026-09-03	2026-09-10	manual_work	
Classic Collision	classiccollision.com	Collision	Auto Body Detailer	Fairbanks, Alaska, United States, Northern America, Americas	https://classicukg.rec.pro.ukg.net/CLA1028CLAC/JobBoard/7dd6a284-7be6-49ca-bb18-7947f6a97a21/OpportunityDetail?opportunityId=a1033e71-e1b7-4463-8a9c-c90d8a8b24dc	2026-09-03	2026-10-04	manual_work	16 - 20 USD per hour
Classic Collision	classiccollision.com	Collision	Customer Service Representative	Wilmington, North Carolina, United States, Northern America, Americas	https://classicukg.rec.pro.ukg.net/CLA1028CLAC/JobBoard/7dd6a284-7be6-49ca-bb18-7947f6a97a21/OpportunityDetail?opportunityId=c14fc09e-b430-438c-aea1-3a25e96923a7	2026-09-03	2026-10-04	support	
Classic Collision	classiccollision.com	Collision	Auto Body Detailer	Anchorage, Alaska, United States, Northern America, Americas	https://classicukg.rec.pro.ukg.net/CLA1028CLAC/JobBoard/7dd6a284-7be6-49ca-bb18-7947f6a97a21/OpportunityDetail?opportunityId=6049a967-3ac4-4a83-9140-eed5a64b71db	2026-09-03	2026-10-04	manual_work	16 - 20 USD per hour
Classic Collision	classiccollision.com	Collision	Auto Body Technician	Norcross, Georgia, United States, Northern America, Americas	https://classicukg.rec.pro.ukg.net/CLA1028CLAC/JobBoard/7dd6a284-7be6-49ca-bb18-7947f6a97a21/OpportunityDetail?opportunityId=d58aedde-a18f-49cb-a23e-ecaecf087526	2026-09-03	2026-09-17	manual_work	
Classic Collision	classiccollision.com	Collision	Auto Body Detailer	Aiken, South Carolina, United States, Northern America, Americas	https://classicukg.rec.pro.ukg.net/CLA1028CLAC/JobBoard/7dd6a284-7be6-49ca-bb18-7947f6a97a21/OpportunityDetail?opportunityId=0b170674-be9b-4076-ba19-c293a55bb151	2026-09-03	2026-09-17	manual_work	
Classic Collision	classiccollision.com	Collision	Auto Parts Coordinator	San Antonio, Texas, United States, Northern America, Americas	https://classicukg.rec.pro.ukg.net/CLA1028CLAC/JobBoard/7dd6a284-7be6-49ca-bb18-7947f6a97a21/OpportunityDetail?opportunityId=e90af0ff-4060-41ea-9a5f-72670ca91d5a	2026-09-03	2026-09-18	operations	
Classic Collision	classiccollision.com	Collision	Auto Parts Coordinator	Georgetown, Texas, United States, Northern America, Americas	https://classicukg.rec.pro.ukg.net/CLA1028CLAC/JobBoard/7dd6a284-7be6-49ca-bb18-7947f6a97a21/OpportunityDetail?opportunityId=9ac64869-e445-4f63-adba-16681c5a9802	2026-09-02	2026-09-08	operations	
Classic Collision	classiccollision.com	Collision	Collision Estimator	Atlanta, Georgia, United States, Northern America, Americas	https://classicukg.rec.pro.ukg.net/CLA1028CLAC/JobBoard/7dd6a284-7be6-49ca-bb18-7947f6a97a21/OpportunityDetail?opportunityId=f84519ed-84d8-49a1-a563-bd39ab0d16ea	2026-09-02	2026-09-08	operations	
Classic Collision	classiccollision.com	Collision	Auto Body Technician	Augusta, Georgia, United States, Northern America, Americas	https://classicukg.rec.pro.ukg.net/CLA1028CLAC/JobBoard/7dd6a284-7be6-49ca-bb18-7947f6a97a21/OpportunityDetail?opportunityId=c629fde6-f51e-4256-b93b-fd9d9b12d107	2026-09-02	2026-10-03	manual_work	
Classic Collision	classiccollision.com	Collision	Auto Paint Technician	Union City, Georgia, United States, Northern America, Americas	https://classicukg.rec.pro.ukg.net/CLA1028CLAC/JobBoard/7dd6a284-7be6-49ca-bb18-7947f6a97a21/OpportunityDetail?opportunityId=fd3653ef-1acc-4017-b015-87900ab28524	2026-09-02	2026-09-24	manual_work	
Classic Collision	classiccollision.com	Collision	Customer Service Representative	Florence, Kentucky, United States, Northern America, Americas	https://classicukg.rec.pro.ukg.net/CLA1028CLAC/JobBoard/7dd6a284-7be6-49ca-bb18-7947f6a97a21/OpportunityDetail?opportunityId=59377abc-7996-437b-bdcb-0f54dd6bab19	2026-09-02	2026-10-04	support	
Classic Collision	classiccollision.com	Collision	Collision Estimator	Mount Pleasant, South Carolina, United States, Northern America, Americas	https://classicukg.rec.pro.ukg.net/CLA1028CLAC/JobBoard/7dd6a284-7be6-49ca-bb18-7947f6a97a21/OpportunityDetail?opportunityId=28555d65-a59a-42c0-ba46-78b4e0aa8fe2	2026-09-02	2026-10-03	operations	
Classic Collision	classiccollision.com	Collision	Auto Body Technician	Chamblee, Georgia, United States, Northern America, Americas	https://classicukg.rec.pro.ukg.net/CLA1028CLAC/JobBoard/7dd6a284-7be6-49ca-bb18-7947f6a97a21/OpportunityDetail?opportunityId=a060f620-2b93-4e8e-87b4-1eee8143c79e	2026-09-02	2026-10-04	manual_work	
Classic Collision	classiccollision.com	Collision	Customer Service Representative	The Woodlands, Texas, United States, Northern America, Americas	https://classicukg.rec.pro.ukg.net/CLA1028CLAC/JobBoard/7dd6a284-7be6-49ca-bb18-7947f6a97a21/OpportunityDetail?opportunityId=f9957dc5-ad13-434d-b4fd-efbd9362e17b	2026-09-02	2026-09-18	support	
Classic Collision	classiccollision.com	Collision	Shop Porter	Kerrville, Texas, United States, Northern America, Americas	https://classicukg.rec.pro.ukg.net/CLA1028CLAC/JobBoard/7dd6a284-7be6-49ca-bb18-7947f6a97a21/OpportunityDetail?opportunityId=ce807c07-2892-45f7-8159-0fdf01beb9eb	2026-09-02	2026-10-03	manual_work	
Classic Collision	classiccollision.com	Collision	Shop Porter	Cumming, Georgia, United States, Northern America, Americas	https://classicukg.rec.pro.ukg.net/CLA1028CLAC/JobBoard/7dd6a284-7be6-49ca-bb18-7947f6a97a21/OpportunityDetail?opportunityId=f8f15090-52a1-4824-9b04-cc809a923041	2026-09-02	2026-09-18	operations	
Classic Collision	classiccollision.com	Collision	Collision Estimator	Union City, Georgia, United States, Northern America, Americas	https://classicukg.rec.pro.ukg.net/CLA1028CLAC/JobBoard/7dd6a284-7be6-49ca-bb18-7947f6a97a21/OpportunityDetail?opportunityId=3e7f4836-842e-468f-a988-cdec22526224	2026-09-02	2026-09-24	operations	
Classic Collision	classiccollision.com	Collision	Customer Service Representative	Asheboro, North Carolina, United States, Northern America, Americas	https://classicukg.rec.pro.ukg.net/CLA1028CLAC/JobBoard/7dd6a284-7be6-49ca-bb18-7947f6a97a21/OpportunityDetail?opportunityId=9030ccc9-2044-4dc8-84a9-8ee2123d8489	2026-09-02	2026-09-09	support	
Classic Collision	classiccollision.com	Collision	Customer Service Representative	Union City, Georgia, United States, Northern America, Americas	https://classicukg.rec.pro.ukg.net/CLA1028CLAC/JobBoard/7dd6a284-7be6-49ca-bb18-7947f6a97a21/OpportunityDetail?opportunityId=aa36bb33-8135-4714-a569-37f41891b8c3	2026-09-02	2026-09-16	support	
Classic Collision	classiccollision.com	Collision	Auto Body Helper	Eastvale, California, 91752, United States, Northern America, Americas	https://classicukg.rec.pro.ukg.net/CLA1028CLAC/JobBoard/7dd6a284-7be6-49ca-bb18-7947f6a97a21/OpportunityDetail?opportunityId=65a960c7-d41d-4b4d-87f0-b59ee4c4274f	2026-09-02	2026-09-02	support,manual_work	
Classic Collision	classiccollision.com	Collision	Collision Estimator	Orangeburg, South Carolina, United States, Northern America, Americas	https://classicukg.rec.pro.ukg.net/CLA1028CLAC/JobBoard/7dd6a284-7be6-49ca-bb18-7947f6a97a21/OpportunityDetail?opportunityId=e7a4a71c-53d3-4f9f-a30a-236c4f38943e	2026-09-02	2026-09-16	operations	
Classic Collision	classiccollision.com	Collision	Collision Estimator	Queen Creek, Arizona, United States, Northern America, Americas	https://classicukg.rec.pro.ukg.net/CLA1028CLAC/JobBoard/7dd6a284-7be6-49ca-bb18-7947f6a97a21/OpportunityDetail?opportunityId=198a4b29-f528-4056-998d-69958c16752b	2026-09-02	2026-09-17	operations	
Classic Collision	classiccollision.com	Collision	Automotive Paint Prepper	La Mesa, California, United States, Northern America, Americas	https://classicukg.rec.pro.ukg.net/CLA1028CLAC/JobBoard/7dd6a284-7be6-49ca-bb18-7947f6a97a21/OpportunityDetail?opportunityId=db6c9f99-8efd-409b-936b-eeb24b2653e8	2026-09-02	2026-09-08	manual_work	18.0 - 24.0 USD per hour
Classic Collision	classiccollision.com	Collision	Collision Estimator	Lakewood, Colorado, United States, Northern America, Americas	https://classicukg.rec.pro.ukg.net/CLA1028CLAC/JobBoard/7dd6a284-7be6-49ca-bb18-7947f6a97a21/OpportunityDetail?opportunityId=585666ad-ab60-475a-9ec5-c9a6d05c3d9e	2026-09-02	2026-09-09	operations	65000 - 85000 USD per year
Classic Collision	classiccollision.com	Collision	Senior Service Advisor	Anchorage, Alaska, United States, Northern America, Americas	https://classicukg.rec.pro.ukg.net/CLA1028CLAC/JobBoard/7dd6a284-7be6-49ca-bb18-7947f6a97a21/OpportunityDetail?opportunityId=a8b86008-129e-4c98-b560-9929211f4419	2026-09-02	2026-09-16	support,operations	
Classic Collision	classiccollision.com	Collision	Customer Service Representative	Pineville, North Carolina, United States, Northern America, Americas	https://classicukg.rec.pro.ukg.net/CLA1028CLAC/JobBoard/7dd6a284-7be6-49ca-bb18-7947f6a97a21/OpportunityDetail?opportunityId=94f865ca-c846-4ceb-90f8-84c66d3bbf5e	2026-09-02	2026-10-02	support	
Classic Collision	classiccollision.com	Collision	Auto Body Detailer	Kennesaw, Georgia, United States, Northern America, Americas	https://classicukg.rec.pro.ukg.net/CLA1028CLAC/JobBoard/7dd6a284-7be6-49ca-bb18-7947f6a97a21/OpportunityDetail?opportunityId=5e4582aa-c7b3-4a18-be85-b039ecf2f9d3	2026-09-02	2026-10-02	manual_work	
Classic Collision	classiccollision.com	Collision	Auto Body Technician	Florence, South Carolina, United States, Northern America, Americas	https://classicukg.rec.pro.ukg.net/CLA1028CLAC/JobBoard/7dd6a284-7be6-49ca-bb18-7947f6a97a21/OpportunityDetail?opportunityId=549f2f13-2e0c-46b7-ab03-15bf1f899d4d	2026-09-02	2026-09-26	manual_work	
Classic Collision	classiccollision.com	Collision	Auto Body Technician	Auburn, Georgia, United States, Northern America, Americas	https://classicukg.rec.pro.ukg.net/CLA1028CLAC/JobBoard/7dd6a284-7be6-49ca-bb18-7947f6a97a21/OpportunityDetail?opportunityId=85835c50-0dde-44cc-af8c-86d72915e73c	2026-09-02	2026-09-08	manual_work	
Classic Collision	classiccollision.com	Collision	Service Advisor	Eugene, Oregon, United States, Northern America, Americas	https://classicukg.rec.pro.ukg.net/CLA1028CLAC/JobBoard/7dd6a284-7be6-49ca-bb18-7947f6a97a21/OpportunityDetail?opportunityId=fa00fc69-7a00-4098-96a3-f42f3e3e8c58	2026-09-01	2026-09-15	support,operations	50000 - 85000 USD per year
Classic Collision	classiccollision.com	Collision	Collision Estimator	Morrow, Georgia, 30260, United States, Northern America, Americas	https://classicukg.rec.pro.ukg.net/CLA1028CLAC/JobBoard/7dd6a284-7be6-49ca-bb18-7947f6a97a21/OpportunityDetail?opportunityId=46f7cb42-c942-45d4-8951-2f1e529b7efa	2026-09-01	2026-09-01	operations,sales	
Classic Collision	classiccollision.com	Collision	Senior Service Advisor	League City, Texas, United States, Northern America, Americas	https://classicukg.rec.pro.ukg.net/CLA1028CLAC/JobBoard/7dd6a284-7be6-49ca-bb18-7947f6a97a21/OpportunityDetail?opportunityId=ab8cc34f-5065-4d64-a30d-ca5d1dc92c08	2026-09-01	2026-10-04	support,operations	
Classic Collision	classiccollision.com	Collision	Auto Body Detailer	Central Point, Oregon, United States, Northern America, Americas	https://classicukg.rec.pro.ukg.net/CLA1028CLAC/JobBoard/7dd6a284-7be6-49ca-bb18-7947f6a97a21/OpportunityDetail?opportunityId=cf8f765f-2f3b-4117-8d78-5d7d043b699b	2026-09-01	2026-09-07	manual_work	16 - 20 USD per hour
Classic Collision	classiccollision.com	Collision	Auto Body Technician	Charlotte, North Carolina, United States, Northern America, Americas	https://classicukg.rec.pro.ukg.net/CLA1028CLAC/JobBoard/7dd6a284-7be6-49ca-bb18-7947f6a97a21/OpportunityDetail?opportunityId=4bffbd11-246c-404a-8115-3315d7f60b09	2026-09-01	2026-10-01	manual_work	
Classic Collision	classiccollision.com	Collision	Senior Service Advisor	Beaumont, Texas, United States, Northern America, Americas	https://classicukg.rec.pro.ukg.net/CLA1028CLAC/JobBoard/7dd6a284-7be6-49ca-bb18-7947f6a97a21/OpportunityDetail?opportunityId=1ec8ecd6-0af3-466d-99e4-5bf48235d450	2026-09-01	2026-09-23	support,operations	
Classic Collision	classiccollision.com	Collision	Senior Service Advisor	Houston, Texas, United States, Northern America, Americas	https://classicukg.rec.pro.ukg.net/CLA1028CLAC/JobBoard/7dd6a284-7be6-49ca-bb18-7947f6a97a21/OpportunityDetail?opportunityId=7afc6ed1-e63f-404f-9d67-6004848aeb9b	2026-09-01	2026-09-15	support,operations	
Classic Collision	classiccollision.com	Collision	Senior Service Advisor	Cedar Park, Texas, United States, Northern America, Americas	https://classicukg.rec.pro.ukg.net/CLA1028CLAC/JobBoard/7dd6a284-7be6-49ca-bb18-7947f6a97a21/OpportunityDetail?opportunityId=148bfe9e-5716-4600-9b94-3a12bbb151cd	2026-09-01	2026-09-07	support,operations	
Classic Collision	classiccollision.com	Collision	Auto Parts Coordinator	Austin, Texas, United States, Northern America, Americas	https://classicukg.rec.pro.ukg.net/CLA1028CLAC/JobBoard/7dd6a284-7be6-49ca-bb18-7947f6a97a21/OpportunityDetail?opportunityId=30e4f1ef-3c1d-4fea-8a73-072f544e30c0	2026-09-01	2026-09-08	operations	
Classic Collision	classiccollision.com	Collision	General Manager	Minnesota, United States, Northern America, Americas	https://classicukg.rec.pro.ukg.net/CLA1028CLAC/JobBoard/7dd6a284-7be6-49ca-bb18-7947f6a97a21/OpportunityDetail?opportunityId=c403be4e-e8e8-4cce-ad03-fc7344e3c4aa	2026-08-31	2026-10-03	management	90000 - 115000 USD per year
Classic Collision	classiccollision.com	Collision	Auto Paint Technician	Roswell, Georgia, United States, Northern America, Americas	https://classicukg.rec.pro.ukg.net/CLA1028CLAC/JobBoard/7dd6a284-7be6-49ca-bb18-7947f6a97a21/OpportunityDetail?opportunityId=57864520-8252-491b-a890-d3b7d77d880f	2026-08-29	2026-09-04	manual_work	
Classic Collision	classiccollision.com	Collision	Shop Porter	Florence, Kentucky, United States, Northern America, Americas	https://classicukg.rec.pro.ukg.net/CLA1028CLAC/JobBoard/7dd6a284-7be6-49ca-bb18-7947f6a97a21/OpportunityDetail?opportunityId=b80cbe6d-2042-4c88-a610-03e1eafdf4d0	2026-08-29	2026-09-04	manual_work,operations	
Classic Collision	classiccollision.com	Collision	Auto Body Technician	Alpharetta, Georgia, United States, Northern America, Americas	https://classicukg.rec.pro.ukg.net/CLA1028CLAC/JobBoard/7dd6a284-7be6-49ca-bb18-7947f6a97a21/OpportunityDetail?opportunityId=8e0cd7c4-9147-4e77-adea-97aa5c625379	2026-08-29	2026-10-02	manual_work	
Classic Collision	classiccollision.com	Collision	Automotive Paint Prepper	Louisville, Kentucky, United States, Northern America, Americas	https://classicukg.rec.pro.ukg.net/CLA1028CLAC/JobBoard/7dd6a284-7be6-49ca-bb18-7947f6a97a21/OpportunityDetail?opportunityId=a7cdb42b-55f4-46e8-9d75-72ad7fc49852	2026-08-29	2026-10-02	manual_work	
Classic Collision	classiccollision.com	Collision	Auto Parts Manager	Chattanooga, Tennessee, United States, Northern America, Americas	https://classicukg.rec.pro.ukg.net/CLA1028CLAC/JobBoard/7dd6a284-7be6-49ca-bb18-7947f6a97a21/OpportunityDetail?opportunityId=858f0fbb-4eae-438e-8834-a17ac8d8de03	2026-08-29	2026-10-02	operations	
Classic Collision	classiccollision.com	Collision	General Manager	Memphis, Tennessee, United States, Northern America, Americas	https://classicukg.rec.pro.ukg.net/CLA1028CLAC/JobBoard/7dd6a284-7be6-49ca-bb18-7947f6a97a21/OpportunityDetail?opportunityId=556580d5-0a41-4344-9f94-cf16fac5802d	2026-08-29	2026-10-02	management	
Classic Collision	classiccollision.com	Collision	Auto Body Technician	Oakland, Tennessee, United States, Northern America, Americas	https://classicukg.rec.pro.ukg.net/CLA1028CLAC/JobBoard/7dd6a284-7be6-49ca-bb18-7947f6a97a21/OpportunityDetail?opportunityId=bdc14f3b-6617-4943-9deb-b4baa3854bca	2026-08-29	2026-09-04	manual_work	
Classic Collision	classiccollision.com	Collision	Collision Estimator	Alpharetta, Georgia, United States, Northern America, Americas	https://classicukg.rec.pro.ukg.net/CLA1028CLAC/JobBoard/7dd6a284-7be6-49ca-bb18-7947f6a97a21/OpportunityDetail?opportunityId=02f0cbac-f65d-48ff-9528-5f827da7dca3	2026-08-29	2026-10-02	operations	
Classic Collision	classiccollision.com	Collision	Compliance Coordinator (Remote)	Austin, Texas, United States, Northern America, Americas	https://classicukg.rec.pro.ukg.net/CLA1028CLAC/JobBoard/7dd6a284-7be6-49ca-bb18-7947f6a97a21/OpportunityDetail?opportunityId=77f2698c-5e4b-47d4-ab4b-e27dd276db4b	2026-08-29	2026-09-12	operations,legal	75000 - 85000 USD per year
Classic Collision	classiccollision.com	Collision	Auto Body Detailer	Little Canada, Minnesota, United States, Northern America, Americas	https://classicukg.rec.pro.ukg.net/CLA1028CLAC/JobBoard/7dd6a284-7be6-49ca-bb18-7947f6a97a21/OpportunityDetail?opportunityId=b8e1c0ca-2931-42eb-9e42-e45dcb3c5162	2026-08-28	2026-10-03	manual_work	18 - 22 USD per hour
Classic Collision	classiccollision.com	Collision	Collision Estimator	Lakeville, Minnesota, United States, Northern America, Americas	https://classicukg.rec.pro.ukg.net/CLA1028CLAC/JobBoard/7dd6a284-7be6-49ca-bb18-7947f6a97a21/OpportunityDetail?opportunityId=eb6eaf82-b209-4b6f-bd84-27ff0a85d622	2026-08-28	2026-09-19	operations	90000 - 120000 USD per year
Classic Collision	classiccollision.com	Collision	Auto Body Technician	Tamarac, Florida, United States, Northern America, Americas	https://classicukg.rec.pro.ukg.net/CLA1028CLAC/JobBoard/7dd6a284-7be6-49ca-bb18-7947f6a97a21/OpportunityDetail?opportunityId=87b0570c-425f-4a96-b898-fd9f315b1d0b	2026-08-28	2026-09-03	manual_work	
Classic Collision	classiccollision.com	Collision	Customer Service Representative	Bay Minette, Alabama, United States, Northern America, Americas	https://classicukg.rec.pro.ukg.net/CLA1028CLAC/JobBoard/7dd6a284-7be6-49ca-bb18-7947f6a97a21/OpportunityDetail?opportunityId=a95fbbaa-3f24-450a-a0e1-32c7354723a4	2026-08-28	2026-09-03	support	
Classic Collision	classiccollision.com	Collision	Automotive Glass Technician	Katy, Texas, United States, Northern America, Americas	https://classicukg.rec.pro.ukg.net/CLA1028CLAC/JobBoard/abc516a1-862d-4d5f-9f10-b02718528945/OpportunityDetail?opportunityId=9451442d-b732-434c-b340-a132ce3caf4e	2026-08-28	2026-09-27	manual_work	Earning Potential of $54000
Classic Collision	classiccollision.com	Collision	Automotive Glass Technician	Castle Rock, Colorado, United States, Northern America, Americas	https://classicukg.rec.pro.ukg.net/CLA1028CLAC/JobBoard/abc516a1-862d-4d5f-9f10-b02718528945/OpportunityDetail?opportunityId=1cbb62d9-3ff6-4797-abd7-cf4f58bb4f27	2026-08-28	2026-09-03	manual_work	54000 - 156000 USD per year
Classic Collision	classiccollision.com	Collision	Automotive Glass Technician	Burlington, North Carolina, United States, Northern America, Americas	https://classicukg.rec.pro.ukg.net/CLA1028CLAC/JobBoard/abc516a1-862d-4d5f-9f10-b02718528945/OpportunityDetail?opportunityId=1b317f2a-38d3-45fd-aa74-80a83fc5adb7	2026-08-28	2026-10-03	manual_work	Earning Potential of $54000
Classic Collision	classiccollision.com	Collision	Automotive Glass Technician	Henderson, Texas, United States, Northern America, Americas	https://classicukg.rec.pro.ukg.net/CLA1028CLAC/JobBoard/abc516a1-862d-4d5f-9f10-b02718528945/OpportunityDetail?opportunityId=bda57c66-a775-4942-a758-fb4c8255e680	2026-08-28	2026-09-27	manual_work	Earning Potential of $54000
Classic Collision	classiccollision.com	Collision	Auto Body Helper	Austin, Texas, United States, Northern America, Americas	https://classicukg.rec.pro.ukg.net/CLA1028CLAC/JobBoard/7dd6a284-7be6-49ca-bb18-7947f6a97a21/OpportunityDetail?opportunityId=4fb565fb-e498-45f4-a9f8-0bdf39dc2007	2026-08-27	2026-09-10	manual_work	
Classic Collision	classiccollision.com	Collision	General Manager	Cincinnati, Ohio, United States, Northern America, Americas	https://classicukg.rec.pro.ukg.net/CLA1028CLAC/JobBoard/7dd6a284-7be6-49ca-bb18-7947f6a97a21/OpportunityDetail?opportunityId=eadebeb1-ad15-4274-bf50-1dc1ce79a7c6	2026-08-27	2026-09-02	management	
Classic Collision	classiccollision.com	Collision	Auto Body Technician	San Marcos, Texas, United States, Northern America, Americas	https://classicukg.rec.pro.ukg.net/CLA1028CLAC/JobBoard/7dd6a284-7be6-49ca-bb18-7947f6a97a21/OpportunityDetail?opportunityId=82628b5f-2f57-40b9-8aff-f09a8df83c49	2026-08-27	2026-09-10	manual_work	
Classic Collision	classiccollision.com	Collision	Automotive Paint Prepper	Cincinnati, Ohio, United States, Northern America, Americas	https://classicukg.rec.pro.ukg.net/CLA1028CLAC/JobBoard/7dd6a284-7be6-49ca-bb18-7947f6a97a21/OpportunityDetail?opportunityId=b914fa38-092e-4557-9a44-5ae9e9b26630	2026-08-27	2026-10-02	manual_work	
Classic Collision	classiccollision.com	Collision	Auto Body Technician	Cincinnati, Ohio, United States, Northern America, Americas	https://classicukg.rec.pro.ukg.net/CLA1028CLAC/JobBoard/7dd6a284-7be6-49ca-bb18-7947f6a97a21/OpportunityDetail?opportunityId=678782b3-a450-4ccb-ad9e-64282c226651	2026-08-27	2026-10-02	manual_work	
Classic Collision	classiccollision.com	Collision	Senior Service Advisor	Wilsonville, Oregon, United States, Northern America, Americas	https://classicukg.rec.pro.ukg.net/CLA1028CLAC/JobBoard/7dd6a284-7be6-49ca-bb18-7947f6a97a21/OpportunityDetail?opportunityId=4e1da23f-4118-47c3-b3d2-3dcdc9c0a848	2026-08-27	2026-09-02	support,operations	1000 - 1000 USD per week
Classic Collision	classiccollision.com	Collision	Automotive Paint Prepper	Hillsboro, Oregon, United States, Northern America, Americas	https://classicukg.rec.pro.ukg.net/CLA1028CLAC/JobBoard/7dd6a284-7be6-49ca-bb18-7947f6a97a21/OpportunityDetail?opportunityId=d0f25905-cf8c-40cb-bb05-a0f62fb3004c	2026-08-26	2026-09-09	manual_work	18.0 - 20.0 USD per hour
Classic Collision	classiccollision.com	Collision	Auto Body Technician	Scottsdale, Arizona, United States, Northern America, Americas	https://classicukg.rec.pro.ukg.net/CLA1028CLAC/JobBoard/7dd6a284-7be6-49ca-bb18-7947f6a97a21/OpportunityDetail?opportunityId=50391c3a-aeaf-44cb-8df2-13cec9958991	2026-08-26	2026-09-01	manual_work	
Classic Collision	classiccollision.com	Collision	Auto Body Detailer	Anchorage, Alaska, United States, Northern America, Americas	https://classicukg.rec.pro.ukg.net/CLA1028CLAC/JobBoard/7dd6a284-7be6-49ca-bb18-7947f6a97a21/OpportunityDetail?opportunityId=cf06c8e3-f11f-4030-b30c-3cbdac838454	2026-08-26	2026-09-25	manual_work	
Classic Collision	classiccollision.com	Collision	Auto Body Technician	Summerville, South Carolina, United States, Northern America, Americas	https://classicukg.rec.pro.ukg.net/CLA1028CLAC/JobBoard/7dd6a284-7be6-49ca-bb18-7947f6a97a21/OpportunityDetail?opportunityId=0662a25a-ed95-4843-92e2-81bbefbb00af	2026-08-26	2026-09-01	manual_work	
Classic Collision	classiccollision.com	Collision	Auto Parts Coordinator	Anchorage, Alaska, United States, Northern America, Americas	https://classicukg.rec.pro.ukg.net/CLA1028CLAC/JobBoard/7dd6a284-7be6-49ca-bb18-7947f6a97a21/OpportunityDetail?opportunityId=651e728e-857d-45a7-adf9-fd8da491b10a	2026-08-26	2026-09-09	operations	
Classic Collision	classiccollision.com	Collision	Auto Body Technician	Summerville, South Carolina, United States, Northern America, Americas	https://classicukg.rec.pro.ukg.net/CLA1028CLAC/JobBoard/7dd6a284-7be6-49ca-bb18-7947f6a97a21/OpportunityDetail?opportunityId=92638bb2-2649-471d-935c-12f7a196f090	2026-08-26	2026-10-03	manual_work	
Classic Collision	classiccollision.com	Collision	Auto Body Technician	Vero Beach, Florida, United States, Northern America, Americas	https://classicukg.rec.pro.ukg.net/CLA1028CLAC/JobBoard/7dd6a284-7be6-49ca-bb18-7947f6a97a21/OpportunityDetail?opportunityId=1207f14a-f851-4a47-825d-4dcbc4764193	2026-08-26	2026-09-02	manual_work	
Classic Collision	classiccollision.com	Collision	Senior Collision Estimator	Summerville, South Carolina, United States, Northern America, Americas	https://classicukg.rec.pro.ukg.net/CLA1028CLAC/JobBoard/7dd6a284-7be6-49ca-bb18-7947f6a97a21/OpportunityDetail?opportunityId=a832aff2-931e-4620-8e4d-e94c1e238600	2026-08-26	2026-09-10	operations	
Classic Collision	classiccollision.com	Collision	Collision Estimator	Leland, North Carolina, United States, Northern America, Americas	https://classicukg.rec.pro.ukg.net/CLA1028CLAC/JobBoard/7dd6a284-7be6-49ca-bb18-7947f6a97a21/OpportunityDetail?opportunityId=14162f1b-f381-4b5e-ad97-ff89f4f2be49	2026-08-26	2026-10-03	operations	
Classic Collision	classiccollision.com	Collision	Auto Body Detailer	Castle Rock, Colorado, United States, Northern America, Americas	https://classicukg.rec.pro.ukg.net/CLA1028CLAC/JobBoard/7dd6a284-7be6-49ca-bb18-7947f6a97a21/OpportunityDetail?opportunityId=22ad5326-87c2-4b12-959e-86b2517ee1ad	2026-08-26	2026-10-03	manual_work	16 - 18 USD per hour
Classic Collision	classiccollision.com	Collision	Senior Service Advisor	Kerrville, Texas, United States, Northern America, Americas	https://classicukg.rec.pro.ukg.net/CLA1028CLAC/JobBoard/7dd6a284-7be6-49ca-bb18-7947f6a97a21/OpportunityDetail?opportunityId=a53472e0-7981-4993-b8b5-b0bd44ed3333	2026-08-26	2026-09-18	support	
Classic Collision	classiccollision.com	Collision	Auto Paint Technician	Castle Rock, Colorado, United States, Northern America, Americas	https://classicukg.rec.pro.ukg.net/CLA1028CLAC/JobBoard/7dd6a284-7be6-49ca-bb18-7947f6a97a21/OpportunityDetail?opportunityId=2ef51dfd-8322-4952-bfc5-9e924ba189d5	2026-08-26	2026-09-17	manual_work	23 - 27 USD per hour
Classic Collision	classiccollision.com	Collision	Auto Body Technician	California, Maryland, United States, Northern America, Americas	https://classicukg.rec.pro.ukg.net/CLA1028CLAC/JobBoard/7dd6a284-7be6-49ca-bb18-7947f6a97a21/OpportunityDetail?opportunityId=1fc2cce5-ab88-4234-a7d4-c38276d36e78	2026-08-25	2026-10-02	manual_work	
Classic Collision	classiccollision.com	Collision	Shop Porter (part-time)	Shelby, North Carolina, United States, Northern America, Americas	https://classicukg.rec.pro.ukg.net/CLA1028CLAC/JobBoard/7dd6a284-7be6-49ca-bb18-7947f6a97a21/OpportunityDetail?opportunityId=8b7c2b78-a140-44ab-ad63-58c0a40310ac	2026-08-25	2026-09-16	operations,manual_work	
Classic Collision	classiccollision.com	Collision	Auto Body Detailer	Summerville, South Carolina, United States, Northern America, Americas	https://classicukg.rec.pro.ukg.net/CLA1028CLAC/JobBoard/7dd6a284-7be6-49ca-bb18-7947f6a97a21/OpportunityDetail?opportunityId=80d348fb-5c37-48d9-8501-b0f549764b7b	2026-08-25	2026-09-16	manual_work	
Classic Collision	classiccollision.com	Collision	Auto Body Technician	Birmingham, Alabama, United States, Northern America, Americas	https://classicukg.rec.pro.ukg.net/CLA1028CLAC/JobBoard/7dd6a284-7be6-49ca-bb18-7947f6a97a21/OpportunityDetail?opportunityId=09399ffa-fb54-4626-9308-92239540c0a2	2026-08-25	2026-09-01	manual_work	
Classic Collision	classiccollision.com	Collision	Auto Body Technician	Pelham, Alabama, United States, Northern America, Americas	https://classicukg.rec.pro.ukg.net/CLA1028CLAC/JobBoard/7dd6a284-7be6-49ca-bb18-7947f6a97a21/OpportunityDetail?opportunityId=c0208101-0ac6-4240-812b-5f4be6a27a75	2026-08-25	2026-09-16	manual_work	
Classic Collision	classiccollision.com	Collision	Collision Estimator	Semmes, Alabama, United States, Northern America, Americas	https://classicukg.rec.pro.ukg.net/CLA1028CLAC/JobBoard/7dd6a284-7be6-49ca-bb18-7947f6a97a21/OpportunityDetail?opportunityId=9153151c-1127-4cd8-86f8-e59ae9b8df31	2026-08-25	2026-09-16	operations	
Classic Collision	classiccollision.com	Collision	Auto Body Technician	Renton, Washington, United States, Northern America, Americas	https://classicukg.rec.pro.ukg.net/CLA1028CLAC/JobBoard/7dd6a284-7be6-49ca-bb18-7947f6a97a21/OpportunityDetail?opportunityId=d9dae168-57cd-411b-8edd-28230825d625	2026-08-25	2026-09-16	manual_work	30 - 36 USD per hour
Classic Collision	classiccollision.com	Collision	Auto Body Technician	Oakland, Tennessee, United States, Northern America, Americas	https://classicukg.rec.pro.ukg.net/CLA1028CLAC/JobBoard/7dd6a284-7be6-49ca-bb18-7947f6a97a21/OpportunityDetail?opportunityId=692c6419-0378-4a57-9d23-41c3d91b12f0	2026-08-25	2026-09-16	manual_work	
Classic Collision	classiccollision.com	Collision	Customer Service Representative	Mooresville, North Carolina, United States, Northern America, Americas	https://classicukg.rec.pro.ukg.net/CLA1028CLAC/JobBoard/7dd6a284-7be6-49ca-bb18-7947f6a97a21/OpportunityDetail?opportunityId=85c9cd0a-f903-47c7-9602-a8b46945be31	2026-08-25	2026-09-01	support	
Classic Collision	classiccollision.com	Collision	Auto Parts Coordinator	Mooresville, North Carolina, United States, Northern America, Americas	https://classicukg.rec.pro.ukg.net/CLA1028CLAC/JobBoard/7dd6a284-7be6-49ca-bb18-7947f6a97a21/OpportunityDetail?opportunityId=5add50f6-e685-4ee1-abbb-04ac6e70338b	2026-08-25	2026-09-09	operations	
Classic Collision	classiccollision.com	Collision	General Manager	Colorado Springs, Colorado, United States, Northern America, Americas	https://classicukg.rec.pro.ukg.net/CLA1028CLAC/JobBoard/7dd6a284-7be6-49ca-bb18-7947f6a97a21/OpportunityDetail?opportunityId=d49bbfe3-8149-4839-b81f-b7be25b3fea0	2026-08-25	2026-10-02	management	90000 - 115000 USD per year
Classic Collision	classiccollision.com	Collision	Auto Body Technician	Texas, United States, Northern America, Americas	https://classicukg.rec.pro.ukg.net/CLA1028CLAC/JobBoard/7dd6a284-7be6-49ca-bb18-7947f6a97a21/OpportunityDetail?opportunityId=b335bd35-ab66-4189-aa61-f09ef09e5e72	2026-08-24	2026-09-08	manual_work	
Classic Collision	classiccollision.com	Collision	Auto Parts Coordinator	Austin, Texas, United States, Northern America, Americas	https://classicukg.rec.pro.ukg.net/CLA1028CLAC/JobBoard/7dd6a284-7be6-49ca-bb18-7947f6a97a21/OpportunityDetail?opportunityId=42bb1ca6-23a1-462a-870f-6a21038ece52	2026-08-22	2026-09-13	operations	
Classic Collision	classiccollision.com	Collision	General Manager	Bay Minette, Alabama, United States, Northern America, Americas	https://classicukg.rec.pro.ukg.net/CLA1028CLAC/JobBoard/7dd6a284-7be6-49ca-bb18-7947f6a97a21/OpportunityDetail?opportunityId=c3a0f603-224b-47d8-8c43-7c0902096296	2026-08-22	2026-09-05	management	
Classic Collision	classiccollision.com	Collision	Customer Service Representative	Conroe, Texas, United States, Northern America, Americas	https://classicukg.rec.pro.ukg.net/CLA1028CLAC/JobBoard/7dd6a284-7be6-49ca-bb18-7947f6a97a21/OpportunityDetail?opportunityId=18f37129-0e87-470d-94ac-0755d5bb0cfd	2026-08-22	2026-09-22	support	
Classic Collision	classiccollision.com	Collision	Auto Body Technician	Shelby, North Carolina, United States, Northern America, Americas	https://classicukg.rec.pro.ukg.net/CLA1028CLAC/JobBoard/7dd6a284-7be6-49ca-bb18-7947f6a97a21/OpportunityDetail?opportunityId=08d9bc6b-8dda-45d0-946f-26559b9ef4fd	2026-08-22	2026-09-22	manual_work	
Classic Collision	classiccollision.com	Collision	Collision Estimator	Wilmington, North Carolina, United States, Northern America, Americas	https://classicukg.rec.pro.ukg.net/CLA1028CLAC/JobBoard/7dd6a284-7be6-49ca-bb18-7947f6a97a21/OpportunityDetail?opportunityId=de38cc7d-05d7-48d3-b9b2-4cb42b7d97e0	2026-08-22	2026-09-13	operations	
Classic Collision	classiccollision.com	Collision	Auto Body Helper	Florence, South Carolina, United States, Northern America, Americas	https://classicukg.rec.pro.ukg.net/CLA1028CLAC/JobBoard/7dd6a284-7be6-49ca-bb18-7947f6a97a21/OpportunityDetail?opportunityId=2ce4ee55-4f15-43ce-909a-b12a4b536868	2026-08-21	2026-09-12	manual_work	
Classic Collision	classiccollision.com	Collision	Shop Porter	Florence, South Carolina, United States, Northern America, Americas	https://classicukg.rec.pro.ukg.net/CLA1028CLAC/JobBoard/7dd6a284-7be6-49ca-bb18-7947f6a97a21/OpportunityDetail?opportunityId=d7bd5285-32fd-49c4-a228-e31847b5688d	2026-08-21	2026-09-12	manual_work	
Classic Collision	classiccollision.com	Collision	General Manager	Austin, Texas, United States, Northern America, Americas	https://classicukg.rec.pro.ukg.net/CLA1028CLAC/JobBoard/7dd6a284-7be6-49ca-bb18-7947f6a97a21/OpportunityDetail?opportunityId=a0162ae3-9cce-4a82-b19c-b6f007249f8d	2026-08-21	2026-09-20	management	
Classic Collision	classiccollision.com	Collision	Collision Estimator	Duluth, Georgia, United States, Northern America, Americas	https://classicukg.rec.pro.ukg.net/CLA1028CLAC/JobBoard/7dd6a284-7be6-49ca-bb18-7947f6a97a21/OpportunityDetail?opportunityId=a9dcc9d8-fe8f-4667-b20b-34634b924623	2026-08-21	2026-09-21	operations	
Classic Collision	classiccollision.com	Collision	Production Manager	Florida, United States, Northern America, Americas	https://classicukg.rec.pro.ukg.net/CLA1028CLAC/JobBoard/7dd6a284-7be6-49ca-bb18-7947f6a97a21/OpportunityDetail?opportunityId=9acc7d65-8aa4-42fd-8fbe-0066ccd4da6d	2026-08-21	2026-09-28	operations	
Classic Collision	classiccollision.com	Collision	Auto Paint Technician	Key West, Florida, United States, Northern America, Americas	https://classicukg.rec.pro.ukg.net/CLA1028CLAC/JobBoard/7dd6a284-7be6-49ca-bb18-7947f6a97a21/OpportunityDetail?opportunityId=136694ae-2be6-4bbe-9eb8-67511037be9a	2026-08-21	2026-09-28	manual_work	
Classic Collision	classiccollision.com	Collision	Auto Body Technician	Crestview, Florida, United States, Northern America, Americas	https://classicukg.rec.pro.ukg.net/CLA1028CLAC/JobBoard/7dd6a284-7be6-49ca-bb18-7947f6a97a21/OpportunityDetail?opportunityId=4cf5eaaf-5b51-487d-994f-e789c9f0ad0b	2026-08-21	2026-09-20	manual_work	
Classic Collision	classiccollision.com	Collision	General Manager	Holly Hill, Florida, United States, Northern America, Americas	https://classicukg.rec.pro.ukg.net/CLA1028CLAC/JobBoard/7dd6a284-7be6-49ca-bb18-7947f6a97a21/OpportunityDetail?opportunityId=259206f0-4679-4b66-a881-3ba15333faae	2026-08-21	2026-09-12	management	
Classic Collision	classiccollision.com	Collision	Auto Body Technician	Florence, South Carolina, United States, Northern America, Americas	https://classicukg.rec.pro.ukg.net/CLA1028CLAC/JobBoard/7dd6a284-7be6-49ca-bb18-7947f6a97a21/OpportunityDetail?opportunityId=8fb0d131-3bf1-4b4d-b7eb-42006a9b0f8f	2026-08-21	2026-09-04	manual_work	
Classic Collision	classiccollision.com	Collision	Auto Body Technician	Stuart, Florida, United States, Northern America, Americas	https://classicukg.rec.pro.ukg.net/CLA1028CLAC/JobBoard/7dd6a284-7be6-49ca-bb18-7947f6a97a21/OpportunityDetail?opportunityId=4058ca78-bab5-47fe-ac96-09690b80d2f1	2026-08-21	2026-09-28	manual_work	
Classic Collision	classiccollision.com	Collision	Collision Estimator	Florida, United States, Northern America, Americas	https://classicukg.rec.pro.ukg.net/CLA1028CLAC/JobBoard/7dd6a284-7be6-49ca-bb18-7947f6a97a21/OpportunityDetail?opportunityId=87a77572-bb0d-4d38-98dc-c4e7a78c0b16	2026-08-21	2026-09-28	operations	
Classic Collision	classiccollision.com	Collision	Collision Estimator	Augusta, Georgia, United States, Northern America, Americas	https://classicukg.rec.pro.ukg.net/CLA1028CLAC/JobBoard/7dd6a284-7be6-49ca-bb18-7947f6a97a21/OpportunityDetail?opportunityId=d4a072db-9c4d-4e04-bffb-ba12c67d90b6	2026-08-21	2026-09-13	operations	
Classic Collision	classiccollision.com	Collision	Auto Body Technician	Santa Ana, California, United States, Northern America, Americas	https://classicukg.rec.pro.ukg.net/CLA1028CLAC/JobBoard/7dd6a284-7be6-49ca-bb18-7947f6a97a21/OpportunityDetail?opportunityId=9d0a969f-22bf-453f-8bf7-6c636c4e5a49	2026-08-19	2026-09-27	manual_work	22 - 26 USD per hour
Classic Collision	classiccollision.com	Collision	Auto Paint Technician	Federal Way, Washington, United States, Northern America, Americas	https://classicukg.rec.pro.ukg.net/CLA1028CLAC/JobBoard/7dd6a284-7be6-49ca-bb18-7947f6a97a21/OpportunityDetail?opportunityId=711f73eb-7590-4107-99bb-0136cb9899d7	2026-08-19	2026-09-18	manual_work	26 - 30 USD per hour
Classic Collision	classiccollision.com	Collision	Auto Body Technician	Austin, Texas, United States, Northern America, Americas	https://classicukg.rec.pro.ukg.net/CLA1028CLAC/JobBoard/7dd6a284-7be6-49ca-bb18-7947f6a97a21/OpportunityDetail?opportunityId=0b952ec8-d60f-49bf-ab0d-9e277869df10	2026-08-19	2026-09-19	manual_work	
Classic Collision	classiccollision.com	Collision	General Manager	Louisville, Kentucky, United States, Northern America, Americas	https://classicukg.rec.pro.ukg.net/CLA1028CLAC/JobBoard/7dd6a284-7be6-49ca-bb18-7947f6a97a21/OpportunityDetail?opportunityId=839ddc3b-152d-494d-9624-1361d2431ddc	2026-08-19	2026-09-20	management	
Classic Collision	classiccollision.com	Collision	Collision Estimator	Cornelius, North Carolina, United States, Northern America, Americas	https://classicukg.rec.pro.ukg.net/CLA1028CLAC/JobBoard/7dd6a284-7be6-49ca-bb18-7947f6a97a21/OpportunityDetail?opportunityId=674e774e-50d0-40da-82d1-687c58a020f8	2026-08-19	2026-09-27	operations	
Classic Collision	classiccollision.com	Collision	Auto Body Helper Hourly	Kirkland, Washington, United States, Northern America, Americas	https://classicukg.rec.pro.ukg.net/CLA1028CLAC/JobBoard/7dd6a284-7be6-49ca-bb18-7947f6a97a21/OpportunityDetail?opportunityId=9b4513aa-0d3f-42cf-b7a6-d2fa2af4ab73	2026-08-19	2026-09-19	manual_work	22 - 26 USD per hour
Classic Collision	classiccollision.com	Collision	Auto Body Technician	Kent, Washington, United States, Northern America, Americas	https://classicukg.rec.pro.ukg.net/CLA1028CLAC/JobBoard/7dd6a284-7be6-49ca-bb18-7947f6a97a21/OpportunityDetail?opportunityId=1885fc68-c38b-4035-8058-c387d73204fb	2026-08-19	2026-09-11	manual_work	30 - 36 USD per hour
Classic Collision	classiccollision.com	Collision	Auto Body Technician	Lynn Haven, Florida, United States, Northern America, Americas	https://classicukg.rec.pro.ukg.net/CLA1028CLAC/JobBoard/7dd6a284-7be6-49ca-bb18-7947f6a97a21/OpportunityDetail?opportunityId=88456171-b3d9-4404-94e7-3d517fd29002	2026-08-19	2026-09-03	manual_work	
Classic Collision	classiccollision.com	Collision	Shop Porter	Midland, Texas, United States, Northern America, Americas	https://classicukg.rec.pro.ukg.net/CLA1028CLAC/JobBoard/7dd6a284-7be6-49ca-bb18-7947f6a97a21/OpportunityDetail?opportunityId=b67bac51-03bc-4d56-9705-9b98a015c051	2026-08-19	2026-09-19	operations	
Classic Collision	classiccollision.com	Collision	Service Advisor	Austin, Texas, United States, Northern America, Americas	https://classicukg.rec.pro.ukg.net/CLA1028CLAC/JobBoard/7dd6a284-7be6-49ca-bb18-7947f6a97a21/OpportunityDetail?opportunityId=9ad16a45-ed8f-4e36-b5fb-dda33b5cfd41	2026-08-19	2026-09-19	support,operations	
Classic Collision	classiccollision.com	Collision	Auto Body Detailer	Wasilla, Alaska, United States, Northern America, Americas	https://classicukg.rec.pro.ukg.net/CLA1028CLAC/JobBoard/7dd6a284-7be6-49ca-bb18-7947f6a97a21/OpportunityDetail?opportunityId=aae5b630-b60b-4b83-8f55-a7f3e75135e2	2026-08-19	2026-09-27	manual_work	
Classic Collision	classiccollision.com	Collision	Auto Body Technician	Charlotte, North Carolina, United States, Northern America, Americas	https://classicukg.rec.pro.ukg.net/CLA1028CLAC/JobBoard/7dd6a284-7be6-49ca-bb18-7947f6a97a21/OpportunityDetail?opportunityId=ae9cd90d-2279-4a4b-ae97-84ef2d37c383	2026-08-19	2026-09-28	manual_work	
Classic Collision	classiccollision.com	Collision	Auto Body Detailer	Myrtle Beach, South Carolina, United States, Northern America, Americas	https://classicukg.rec.pro.ukg.net/CLA1028CLAC/JobBoard/7dd6a284-7be6-49ca-bb18-7947f6a97a21/OpportunityDetail?opportunityId=e28ef314-cd75-4751-9fe6-d153ab5dc7e4	2026-08-18	2026-09-02	manual_work	
Classic Collision	classiccollision.com	Collision	Auto Body Technician	Robertsdale, Alabama, United States, Northern America, Americas	https://classicukg.rec.pro.ukg.net/CLA1028CLAC/JobBoard/7dd6a284-7be6-49ca-bb18-7947f6a97a21/OpportunityDetail?opportunityId=85aa9fbf-d9a5-479c-b440-0a6872ec5bd8	2026-08-18	2026-09-18	manual_work	
Classic Collision	classiccollision.com	Collision	Auto Body Technician	Lakeville, Minnesota, United States, Northern America, Americas	https://classicukg.rec.pro.ukg.net/CLA1028CLAC/JobBoard/7dd6a284-7be6-49ca-bb18-7947f6a97a21/OpportunityDetail?opportunityId=4af41f6a-6b13-4e4c-8022-9e3a9ee6f348	2026-08-18	2026-09-18	manual_work	75000 - 125000 USD per year
Classic Collision	classiccollision.com	Collision	Auto Body Technician	Minnesota, United States, Northern America, Americas	https://classicukg.rec.pro.ukg.net/CLA1028CLAC/JobBoard/7dd6a284-7be6-49ca-bb18-7947f6a97a21/OpportunityDetail?opportunityId=2083e0f6-6955-481a-a4bb-162cde2249ef	2026-08-18	2026-10-02	manual_work	75000 - 125000 USD per year
Classic Collision	classiccollision.com	Collision	Collision Estimator	Charlotte, North Carolina, United States, Northern America, Americas	https://classicukg.rec.pro.ukg.net/CLA1028CLAC/JobBoard/7dd6a284-7be6-49ca-bb18-7947f6a97a21/OpportunityDetail?opportunityId=fcc781c9-5711-44be-98a8-5844a80b606b	2026-08-18	2026-09-03	operations	
Classic Collision	classiccollision.com	Collision	Auto Body Detailer	San Diego, California, United States, Northern America, Americas	https://classicukg.rec.pro.ukg.net/CLA1028CLAC/JobBoard/7dd6a284-7be6-49ca-bb18-7947f6a97a21/OpportunityDetail?opportunityId=904134f8-c02e-4829-95e6-333a18317539	2026-08-18	2026-09-18	manual_work	19 - 20 USD per hour
Classic Collision	classiccollision.com	Collision	Customer Service Representative	Santa Ana, California, United States, Northern America, Americas	https://classicukg.rec.pro.ukg.net/CLA1028CLAC/JobBoard/7dd6a284-7be6-49ca-bb18-7947f6a97a21/OpportunityDetail?opportunityId=72de5e80-95f1-4fe9-95fe-d6a737c6836c	2026-08-18	2026-09-18	support	15 - 22 USD per hour
Classic Collision	classiccollision.com	Collision	Customer Service Representative	Lakewood, Colorado, United States, Northern America, Americas	https://classicukg.rec.pro.ukg.net/CLA1028CLAC/JobBoard/7dd6a284-7be6-49ca-bb18-7947f6a97a21/OpportunityDetail?opportunityId=bf8c4ac7-936b-4663-9bae-c33c2bb5cf89	2026-08-18	2026-09-02	support	16 - 20 USD per hour
Classic Collision	classiccollision.com	Collision	Auto Body Shop Porter	Tamarac, Florida, United States, Northern America, Americas	https://classicukg.rec.pro.ukg.net/CLA1028CLAC/JobBoard/7dd6a284-7be6-49ca-bb18-7947f6a97a21/OpportunityDetail?opportunityId=f86764b1-e69f-4134-a117-69388130fcb8	2026-08-18	2026-09-17	manual_work,operations	
Classic Collision	classiccollision.com	Collision	Auto Body Technician	Battle Ground, Washington, United States, Northern America, Americas	https://classicukg.rec.pro.ukg.net/CLA1028CLAC/JobBoard/7dd6a284-7be6-49ca-bb18-7947f6a97a21/OpportunityDetail?opportunityId=cfc864e8-89ad-42d6-8459-f951ee1a21a8	2026-08-18	2026-09-09	manual_work	24 - 30 USD per hour
Classic Collision	classiccollision.com	Collision	Senior Service Advisor	Humble, Texas, United States, Northern America, Americas	https://classicukg.rec.pro.ukg.net/CLA1028CLAC/JobBoard/7dd6a284-7be6-49ca-bb18-7947f6a97a21/OpportunityDetail?opportunityId=e5e0f02c-baf8-41e3-9c7a-5aadb02e44d8	2026-08-18	2026-09-17	support,operations	
Classic Collision	classiccollision.com	Collision	Collision Estimator	Commerce City, Colorado, United States, Northern America, Americas	https://classicukg.rec.pro.ukg.net/CLA1028CLAC/JobBoard/7dd6a284-7be6-49ca-bb18-7947f6a97a21/OpportunityDetail?opportunityId=8ab4047f-d912-49fc-8725-74a1b64a8263	2026-08-18	2026-09-18	operations	65000 - 85000 USD per year
Classic Collision	classiccollision.com	Collision	General Manager	San Antonio, Texas, United States, Northern America, Americas	https://classicukg.rec.pro.ukg.net/CLA1028CLAC/JobBoard/7dd6a284-7be6-49ca-bb18-7947f6a97a21/OpportunityDetail?opportunityId=2b69d8d4-8686-4a0a-8442-b8a16f7e3186	2026-08-18	2026-09-01	management	
Classic Collision	classiccollision.com	Collision	Customer Service Representative	Orlando, Florida, United States, Northern America, Americas	https://classicukg.rec.pro.ukg.net/CLA1028CLAC/JobBoard/7dd6a284-7be6-49ca-bb18-7947f6a97a21/OpportunityDetail?opportunityId=3b6e8e1a-64ae-405b-8894-1c1de6dbf210	2026-08-18	2026-09-01	support	
Classic Collision	classiccollision.com	Collision	Senior Service Advisor	Houston, Texas, United States, Northern America, Americas	https://classicukg.rec.pro.ukg.net/CLA1028CLAC/JobBoard/7dd6a284-7be6-49ca-bb18-7947f6a97a21/OpportunityDetail?opportunityId=0b580f57-6499-4de6-9a63-cd6522646be5	2026-08-18	2026-09-17	support,operations	
Classic Collision	classiccollision.com	Collision	Auto Body Technician	Chattanooga, Tennessee, United States, Northern America, Americas	https://classicukg.rec.pro.ukg.net/CLA1028CLAC/JobBoard/7dd6a284-7be6-49ca-bb18-7947f6a97a21/OpportunityDetail?opportunityId=9d99913a-1a4f-4bc7-ad41-b1d5765da869	2026-08-17	2026-09-24	manual_work	
Classic Collision	classiccollision.com	Collision	Auto Body Technician	Roswell, Georgia, United States, Northern America, Americas	https://classicukg.rec.pro.ukg.net/CLA1028CLAC/JobBoard/7dd6a284-7be6-49ca-bb18-7947f6a97a21/OpportunityDetail?opportunityId=9c34d1b1-7187-4cdf-af83-7ea039e879bb	2026-08-17	2026-09-01	manual_work	
Classic Collision	classiccollision.com	Collision	Auto Body Shop Porter	Semmes, Alabama, United States, Northern America, Americas	https://classicukg.rec.pro.ukg.net/CLA1028CLAC/JobBoard/7dd6a284-7be6-49ca-bb18-7947f6a97a21/OpportunityDetail?opportunityId=5768ce48-61ea-4bf8-916a-bee5dc06f130	2026-08-17	2026-09-16	manual_work	
Classic Collision	classiccollision.com	Collision	Auto Body Technician	Wasilla, Alaska, United States, Northern America, Americas	https://classicukg.rec.pro.ukg.net/CLA1028CLAC/JobBoard/7dd6a284-7be6-49ca-bb18-7947f6a97a21/OpportunityDetail?opportunityId=9f78acfa-9e8d-496a-bb1c-1934a0f49210	2026-08-17	2026-09-16	manual_work	
Classic Collision	classiccollision.com	Collision	Collision Estimator	Kennesaw, Georgia, United States, Northern America, Americas	https://classicukg.rec.pro.ukg.net/CLA1028CLAC/JobBoard/7dd6a284-7be6-49ca-bb18-7947f6a97a21/OpportunityDetail?opportunityId=cbeafcf3-413d-4c9b-a17f-cb3f91a5b50f	2026-08-17	2026-09-16	operations	
Classic Collision	classiccollision.com	Collision	Auto Body Detailer	Cornelius, North Carolina, United States, Northern America, Americas	https://classicukg.rec.pro.ukg.net/CLA1028CLAC/JobBoard/7dd6a284-7be6-49ca-bb18-7947f6a97a21/OpportunityDetail?opportunityId=05746a9c-33e5-456e-9a7f-113d88fd13c3	2026-08-15	2026-09-22	manual_work	
Classic Collision	classiccollision.com	Collision	Auto Body Technician	Louisville, Kentucky, United States, Northern America, Americas	https://classicukg.rec.pro.ukg.net/CLA1028CLAC/JobBoard/7dd6a284-7be6-49ca-bb18-7947f6a97a21/OpportunityDetail?opportunityId=045fb2c1-bb9e-4484-9cf1-2a1d8608863f	2026-08-15	2026-09-22	manual_work	
Classic Collision	classiccollision.com	Collision	Auto Body Technician	Fairbanks, Alaska, United States, Northern America, Americas	https://classicukg.rec.pro.ukg.net/CLA1028CLAC/JobBoard/7dd6a284-7be6-49ca-bb18-7947f6a97a21/OpportunityDetail?opportunityId=88409da7-7a05-44f5-bcad-a3f116ed2032	2026-08-15	2026-09-22	manual_work	50000 - 100000 USD per year
Classic Collision	classiccollision.com	Collision	Customer Service Representative	Fairbanks, Alaska, United States, Northern America, Americas	https://classicukg.rec.pro.ukg.net/CLA1028CLAC/JobBoard/7dd6a284-7be6-49ca-bb18-7947f6a97a21/OpportunityDetail?opportunityId=6fafc4f8-ffc2-40d2-bf06-112afb4c619f	2026-08-15	2026-09-06	support	20 - 25 USD per hour
Classic Collision	classiccollision.com	Collision	Collision Estimator	Denver, Colorado, United States, Northern America, Americas	https://classicukg.rec.pro.ukg.net/CLA1028CLAC/JobBoard/7dd6a284-7be6-49ca-bb18-7947f6a97a21/OpportunityDetail?opportunityId=03ba7dab-f80e-4765-b3e2-a8ddec31e31d	2026-08-15	2026-09-14	operations	70000 - 100000 USD per year
Classic Collision	classiccollision.com	Collision	Service Advisor	Midland, Texas, United States, Northern America, Americas	https://classicukg.rec.pro.ukg.net/CLA1028CLAC/JobBoard/7dd6a284-7be6-49ca-bb18-7947f6a97a21/OpportunityDetail?opportunityId=e52d1283-c468-41d8-812a-0c08b81cba8f	2026-08-15	2026-09-14	support,operations	
Classic Collision	classiccollision.com	Collision	Service Advisor	Midland, Texas, United States, Northern America, Americas	https://classicukg.rec.pro.ukg.net/CLA1028CLAC/JobBoard/7dd6a284-7be6-49ca-bb18-7947f6a97a21/OpportunityDetail?opportunityId=727ebeb9-8396-4db0-a754-fb630238c8b1	2026-08-15	2026-09-06	operations,support	
Classic Collision	classiccollision.com	Collision	Auto Body Technician	Carrollton, Virginia, United States, Northern America, Americas	https://classicukg.rec.pro.ukg.net/CLA1028CLAC/JobBoard/7dd6a284-7be6-49ca-bb18-7947f6a97a21/OpportunityDetail?opportunityId=a9d2d651-e39b-4c11-a684-008d89ae2921	2026-08-15	2026-10-02	manual_work	
Classic Collision	classiccollision.com	Collision	Automotive Paint Prepper	Anchorage, Alaska, United States, Northern America, Americas	https://classicukg.rec.pro.ukg.net/CLA1028CLAC/JobBoard/7dd6a284-7be6-49ca-bb18-7947f6a97a21/OpportunityDetail?opportunityId=81d440cf-4c7c-4a2c-9eca-cf501deea516	2026-08-14	2026-09-16	manual_work	16 - 20 USD per hour
Classic Collision	classiccollision.com	Collision	Auto Body Technician	Anchorage, Alaska, United States, Northern America, Americas	https://classicukg.rec.pro.ukg.net/CLA1028CLAC/JobBoard/7dd6a284-7be6-49ca-bb18-7947f6a97a21/OpportunityDetail?opportunityId=4ef349d0-8cf7-4509-86e2-861998e54624	2026-08-14	2026-09-22	manual_work	
Classic Collision	classiccollision.com	Collision	Auto Body Technician	Anchorage, Alaska, United States, Northern America, Americas	https://classicukg.rec.pro.ukg.net/CLA1028CLAC/JobBoard/7dd6a284-7be6-49ca-bb18-7947f6a97a21/OpportunityDetail?opportunityId=02594161-fda9-4b09-83d2-6c6a98161e7a	2026-08-14	2026-09-22	manual_work	
Classic Collision	classiccollision.com	Collision	Auto Body Helper	Anchorage, Alaska, United States, Northern America, Americas	https://classicukg.rec.pro.ukg.net/CLA1028CLAC/JobBoard/7dd6a284-7be6-49ca-bb18-7947f6a97a21/OpportunityDetail?opportunityId=dd8498b6-7d94-4016-8240-f4d4c1c9e5c9	2026-08-14	2026-09-14	manual_work	
Classic Collision	classiccollision.com	Collision	Auto Body Detailer	Renton, Washington, United States, Northern America, Americas	https://classicukg.rec.pro.ukg.net/CLA1028CLAC/JobBoard/7dd6a284-7be6-49ca-bb18-7947f6a97a21/OpportunityDetail?opportunityId=b1f461e6-8359-4c64-858a-ea68372b463d	2026-08-14	2026-09-22	manual_work	18 - 20 USD per hour
Classic Collision	classiccollision.com	Collision	Auto Glass General Manager	Pensacola, Florida, United States, Northern America, Americas	https://classicukg.rec.pro.ukg.net/CLA1028CLAC/JobBoard/abc516a1-862d-4d5f-9f10-b02718528945/OpportunityDetail?opportunityId=160712b4-bd2a-4561-b94c-3649a9554898	2026-08-13	2026-09-21	management,operations	
Classic Collision	classiccollision.com	Collision	Automotive Glass Technician	Houston, Texas, United States, Northern America, Americas	https://classicukg.rec.pro.ukg.net/CLA1028CLAC/JobBoard/abc516a1-862d-4d5f-9f10-b02718528945/OpportunityDetail?opportunityId=adfea34f-270a-4653-9baf-8889a6cd7576	2026-08-13	2026-09-21	manual_work	Earning Potential of $54000
Classic Collision	classiccollision.com	Collision	Auto Paint Technician	Augusta, Georgia, United States, Northern America, Americas	https://classicukg.rec.pro.ukg.net/CLA1028CLAC/JobBoard/7dd6a284-7be6-49ca-bb18-7947f6a97a21/OpportunityDetail?opportunityId=b2a8e7c5-e89f-47c2-9f4d-78e767e03c5b	2026-08-13	2026-09-04	manual_work	
Classic Collision	classiccollision.com	Collision	Customer Service Representative	Portland, Oregon, United States, Northern America, Americas	https://classicukg.rec.pro.ukg.net/CLA1028CLAC/JobBoard/7dd6a284-7be6-49ca-bb18-7947f6a97a21/OpportunityDetail?opportunityId=c694d77d-e25f-4cd1-ab88-0704510dc8fa	2026-08-13	2026-09-12	support	17 - 24 USD per hour
Classic Collision	classiccollision.com	Collision	Auto Parts Coordinator	Austin, Texas, United States, Northern America, Americas	https://classicukg.rec.pro.ukg.net/CLA1028CLAC/JobBoard/7dd6a284-7be6-49ca-bb18-7947f6a97a21/OpportunityDetail?opportunityId=a36fc6c5-30bd-45e3-be8e-36e974134bac	2026-08-13	2026-09-20	operations	
Classic Collision	classiccollision.com	Collision	Auto Body Technician	Myrtle Beach, South Carolina, United States, Northern America, Americas	https://classicukg.rec.pro.ukg.net/CLA1028CLAC/JobBoard/7dd6a284-7be6-49ca-bb18-7947f6a97a21/OpportunityDetail?opportunityId=ed350929-1832-4278-be8d-cc41d24f304c	2026-08-13	2026-09-22	manual_work	
Classic Collision	classiccollision.com	Collision	Auto Body Technician	Commerce City, Colorado, United States, Northern America, Americas	https://classicukg.rec.pro.ukg.net/CLA1028CLAC/JobBoard/7dd6a284-7be6-49ca-bb18-7947f6a97a21/OpportunityDetail?opportunityId=0ff8bf22-20aa-4e00-8b22-763a9f1cbd34	2026-08-08	2026-09-18	manual_work	75000 - 150000 USD per year
Classic Collision	classiccollision.com	Collision	Automotive Paint Prepper	Crestview, Florida, United States, Northern America, Americas	https://classicukg.rec.pro.ukg.net/CLA1028CLAC/JobBoard/7dd6a284-7be6-49ca-bb18-7947f6a97a21/OpportunityDetail?opportunityId=e89eca7f-9765-4777-a674-a5990f10cda1	2026-08-08	2026-09-02	manual_work	
Classic Collision	classiccollision.com	Collision	Auto Body Technician	Pensacola, Florida, United States, Northern America, Americas	https://classicukg.rec.pro.ukg.net/CLA1028CLAC/JobBoard/7dd6a284-7be6-49ca-bb18-7947f6a97a21/OpportunityDetail?opportunityId=6b6e4308-0e91-427f-9be9-e0b5744eee01	2026-08-08	2026-09-16	manual_work	
Classic Collision	classiccollision.com	Collision	Auto Body Detailer	Anchorage, Alaska, United States, Northern America, Americas	https://classicukg.rec.pro.ukg.net/CLA1028CLAC/JobBoard/7dd6a284-7be6-49ca-bb18-7947f6a97a21/OpportunityDetail?opportunityId=6a4f074e-57eb-4f32-b3e7-3ed34e1364de	2026-08-08	2026-09-08	manual_work	
Classic Collision	classiccollision.com	Collision	Auto Body Shop Porter	Pensacola, Florida, United States, Northern America, Americas	https://classicukg.rec.pro.ukg.net/CLA1028CLAC/JobBoard/7dd6a284-7be6-49ca-bb18-7947f6a97a21/OpportunityDetail?opportunityId=d5f00655-60e0-4c67-b86e-eb372764bfaa	2026-08-08	2026-09-16	manual_work	
Classic Collision	classiccollision.com	Collision	Service Advisor	Houston, Texas, United States, Northern America, Americas	https://classicukg.rec.pro.ukg.net/CLA1028CLAC/JobBoard/7dd6a284-7be6-49ca-bb18-7947f6a97a21/OpportunityDetail?opportunityId=27414d36-00ca-4797-808f-091596e8a2b4	2026-08-07	2026-09-16	support	
Classic Collision	classiccollision.com	Collision	Auto Body Technician	Austin, Texas, United States, Northern America, Americas	https://classicukg.rec.pro.ukg.net/CLA1028CLAC/JobBoard/7dd6a284-7be6-49ca-bb18-7947f6a97a21/OpportunityDetail?opportunityId=edc2dab0-a964-401c-9859-7155bd04fed7	2026-08-07	2026-09-08	manual_work	
Classic Collision	classiccollision.com	Collision	Shop Porter	Austin, Texas, United States, Northern America, Americas	https://classicukg.rec.pro.ukg.net/CLA1028CLAC/JobBoard/7dd6a284-7be6-49ca-bb18-7947f6a97a21/OpportunityDetail?opportunityId=bbfb392c-f418-4ffc-88de-297a9734e584	2026-08-07	2026-09-16	operations	
Classic Collision	classiccollision.com	Collision	Service Advisor	Lufkin, Texas, United States, Northern America, Americas	https://classicukg.rec.pro.ukg.net/CLA1028CLAC/JobBoard/7dd6a284-7be6-49ca-bb18-7947f6a97a21/OpportunityDetail?opportunityId=377fd2ca-fc71-41aa-abd6-8dc2f2f4e208	2026-08-07	2026-09-08	support	
Classic Collision	classiccollision.com	Collision	Auto Body Technician	Dripping Springs, Texas, United States, Northern America, Americas	https://classicukg.rec.pro.ukg.net/CLA1028CLAC/JobBoard/7dd6a284-7be6-49ca-bb18-7947f6a97a21/OpportunityDetail?opportunityId=f99f5a15-9c9f-434c-891f-40ec3fc3f567	2026-08-07	2026-09-16	manual_work	
Classic Collision	classiccollision.com	Collision	Auto Body Detailer	Mooresville, North Carolina, United States, Northern America, Americas	https://classicukg.rec.pro.ukg.net/CLA1028CLAC/JobBoard/7dd6a284-7be6-49ca-bb18-7947f6a97a21/OpportunityDetail?opportunityId=85c23e88-897c-42b4-b86a-f28ad6695fd0	2026-08-07	2026-09-14	manual_work	
Classic Collision	classiccollision.com	Collision	Auto Body Technician	Jacksonville, Florida, United States, Northern America, Americas	https://classicukg.rec.pro.ukg.net/CLA1028CLAC/JobBoard/7dd6a284-7be6-49ca-bb18-7947f6a97a21/OpportunityDetail?opportunityId=8ae906d6-4f3e-4410-894c-3d1371ef198b	2026-08-06	2026-09-22	manual_work	
Classic Collision	classiccollision.com	Collision	Auto Body Helper	Vero Beach, Florida, United States, Northern America, Americas	https://classicukg.rec.pro.ukg.net/CLA1028CLAC/JobBoard/7dd6a284-7be6-49ca-bb18-7947f6a97a21/OpportunityDetail?opportunityId=9e651470-eb0a-437d-9716-3930fbac9487	2026-08-06	2026-09-22	manual_work	
Classic Collision	classiccollision.com	Collision	Production Manager	Lynn Haven, Florida, United States, Northern America, Americas	https://classicukg.rec.pro.ukg.net/CLA1028CLAC/JobBoard/7dd6a284-7be6-49ca-bb18-7947f6a97a21/OpportunityDetail?opportunityId=f0647742-9fe9-4f50-a7fe-c04c3c1a7598	2026-08-06	2026-09-14	operations	
Classic Collision	classiccollision.com	Collision	Auto Body Technician	Uvalde, Texas, United States, Northern America, Americas	https://classicukg.rec.pro.ukg.net/CLA1028CLAC/JobBoard/7dd6a284-7be6-49ca-bb18-7947f6a97a21/OpportunityDetail?opportunityId=fecdc31f-9fe0-4a41-bd51-db0a16c0a7cd	2026-08-06	2026-09-05	manual_work	
Classic Collision	classiccollision.com	Collision	Auto Body Technician	Chattanooga, Tennessee, United States, Northern America, Americas	https://classicukg.rec.pro.ukg.net/CLA1028CLAC/JobBoard/7dd6a284-7be6-49ca-bb18-7947f6a97a21/OpportunityDetail?opportunityId=2cd970e8-50db-4788-829d-fe513f58c232	2026-08-06	2026-09-22	manual_work	
Classic Collision	classiccollision.com	Collision	Collision Estimator	Auburndale, Florida, United States, Northern America, Americas	https://classicukg.rec.pro.ukg.net/CLA1028CLAC/JobBoard/7dd6a284-7be6-49ca-bb18-7947f6a97a21/OpportunityDetail?opportunityId=16c374ad-cd24-4d9c-8bc3-f5abe7fcb1bf	2026-08-06	2026-09-05	operations	
Classic Collision	classiccollision.com	Collision	Senior Service Advisor	San Antonio, Texas, United States, Northern America, Americas	https://classicukg.rec.pro.ukg.net/CLA1028CLAC/JobBoard/7dd6a284-7be6-49ca-bb18-7947f6a97a21/OpportunityDetail?opportunityId=9b041c76-8db2-43b1-8680-6abc62d45ff4	2026-08-06	2026-09-05	support,operations	
Classic Collision	classiccollision.com	Collision	Mechanical Helper Hourly	Henderson, Texas, United States, Northern America, Americas	https://classicukg.rec.pro.ukg.net/CLA1028CLAC/JobBoard/7dd6a284-7be6-49ca-bb18-7947f6a97a21/OpportunityDetail?opportunityId=7dd642a0-9ffb-4309-a3ef-dfbd01a28125	2026-08-05	2026-09-21	manual_work	
Classic Collision	classiccollision.com	Collision	Automotive Paint Prepper	California, United States, Northern America, Americas	https://classicukg.rec.pro.ukg.net/CLA1028CLAC/JobBoard/7dd6a284-7be6-49ca-bb18-7947f6a97a21/OpportunityDetail?opportunityId=a439c017-30c5-43da-9483-da5d7823ff6c	2026-08-05	2026-09-14	manual_work	18.0 - 24.0 USD per hour
Classic Collision	classiccollision.com	Collision	Auto Body Technician	Schertz, Texas, United States, Northern America, Americas	https://classicukg.rec.pro.ukg.net/CLA1028CLAC/JobBoard/7dd6a284-7be6-49ca-bb18-7947f6a97a21/OpportunityDetail?opportunityId=b6c10fdd-f50e-4d8b-8007-0fc9a1e6798d	2026-08-05	2026-09-13	manual_work	
Classic Collision	classiccollision.com	Collision	Collision Estimator	Chamblee, Georgia, United States, Northern America, Americas	https://classicukg.rec.pro.ukg.net/CLA1028CLAC/JobBoard/7dd6a284-7be6-49ca-bb18-7947f6a97a21/OpportunityDetail?opportunityId=e5e8d522-fe8c-41ce-a507-20bb525fed39	2026-08-05	2026-10-02	operations	
Classic Collision	classiccollision.com	Collision	Auto Body Technician	Shepherdsville, Kentucky, United States, Northern America, Americas	https://classicukg.rec.pro.ukg.net/CLA1028CLAC/JobBoard/7dd6a284-7be6-49ca-bb18-7947f6a97a21/OpportunityDetail?opportunityId=63567bf5-b3e4-43d9-9c88-94576a41ba2c	2026-08-05	2026-09-20	manual_work	75000 - 125000 USD per year
Classic Collision	classiccollision.com	Collision	Auto Body Technician	Federal Way, Washington, United States, Northern America, Americas	https://classicukg.rec.pro.ukg.net/CLA1028CLAC/JobBoard/7dd6a284-7be6-49ca-bb18-7947f6a97a21/OpportunityDetail?opportunityId=0a162aaa-d464-4da5-842f-9f3203769c53	2026-08-05	2026-09-04	manual_work	30 - 36 USD per hour
Classic Collision	classiccollision.com	Collision	Auto Body Technician	Conyers, Georgia, United States, Northern America, Americas	https://classicukg.rec.pro.ukg.net/CLA1028CLAC/JobBoard/7dd6a284-7be6-49ca-bb18-7947f6a97a21/OpportunityDetail?opportunityId=546dddd6-48bf-4886-8513-83f3a342233c	2026-08-04	2026-10-04	manual_work	
Classic Collision	classiccollision.com	Collision	Auto Body Technician	Aiken, South Carolina, United States, Northern America, Americas	https://classicukg.rec.pro.ukg.net/CLA1028CLAC/JobBoard/7dd6a284-7be6-49ca-bb18-7947f6a97a21/OpportunityDetail?opportunityId=60be4e64-007d-450a-937f-2d265a840bf7	2026-08-04	2026-10-04	manual_work	
Classic Collision	classiccollision.com	Collision	Auto Body Technician	Goleta, California, United States, Northern America, Americas	https://classicukg.rec.pro.ukg.net/CLA1028CLAC/JobBoard/7dd6a284-7be6-49ca-bb18-7947f6a97a21/OpportunityDetail?opportunityId=8450cfb8-35c5-4be4-85cb-9615b3bda009	2026-08-04	2026-09-11	manual_work	22 - 26 USD per hour
Classic Collision	classiccollision.com	Collision	Auto Body Technician	Newport News, Virginia, United States, Northern America, Americas	https://classicukg.rec.pro.ukg.net/CLA1028CLAC/JobBoard/7dd6a284-7be6-49ca-bb18-7947f6a97a21/OpportunityDetail?opportunityId=26ebae30-290b-4341-b105-764db7e85c7d	2026-08-04	2026-09-11	manual_work	
Classic Collision	classiccollision.com	Collision	Service Advisor	Beaverton, Oregon, United States, Northern America, Americas	https://classicukg.rec.pro.ukg.net/CLA1028CLAC/JobBoard/7dd6a284-7be6-49ca-bb18-7947f6a97a21/OpportunityDetail?opportunityId=8776db4b-2d8f-416d-ba6c-dd039d4b6025	2026-08-04	2026-09-03	support	80000 - 100000 USD per year
Classic Collision	classiccollision.com	Collision	Auto Paint Technician	Stafford, Texas, United States, Northern America, Americas	https://classicukg.rec.pro.ukg.net/CLA1028CLAC/JobBoard/7dd6a284-7be6-49ca-bb18-7947f6a97a21/OpportunityDetail?opportunityId=724905f5-791c-4dcc-9a2d-b82be5e04775	2026-08-04	2026-09-11	manual_work	
Classic Collision	classiccollision.com	Collision	Collision Estimator	Lakewood, Colorado, United States, Northern America, Americas	https://classicukg.rec.pro.ukg.net/CLA1028CLAC/JobBoard/7dd6a284-7be6-49ca-bb18-7947f6a97a21/OpportunityDetail?opportunityId=33c70ee7-c965-4938-b85c-8bc3a341dedd	2026-08-04	2026-09-03	operations	65000 - 85000 USD per year
Classic Collision	classiccollision.com	Collision	Customer Service Representative	Minneapolis, Minnesota, United States, Northern America, Americas	https://classicukg.rec.pro.ukg.net/CLA1028CLAC/JobBoard/7dd6a284-7be6-49ca-bb18-7947f6a97a21/OpportunityDetail?opportunityId=24e1947e-8136-463d-a09b-2f2acefb3852	2026-08-03	2026-09-10	support	18 - 23 USD per hour
Classic Collision	classiccollision.com	Collision	Auto Body Detailer	Chapel Hill, North Carolina, United States, Northern America, Americas	https://classicukg.rec.pro.ukg.net/CLA1028CLAC/JobBoard/7dd6a284-7be6-49ca-bb18-7947f6a97a21/OpportunityDetail?opportunityId=93faf6d4-33d8-4298-9d76-ae1ba48a6469	2026-08-03	2026-09-02	manual_work	
Classic Collision	classiccollision.com	Collision	Customer Service Representative	Florence, South Carolina, United States, Northern America, Americas	https://classicukg.rec.pro.ukg.net/CLA1028CLAC/JobBoard/7dd6a284-7be6-49ca-bb18-7947f6a97a21/OpportunityDetail?opportunityId=97205ebf-627b-4062-8664-0cf0fab7a1cb	2026-08-03	2026-09-18	support	
Classic Collision	classiccollision.com	Collision	Auto Body Detailer	Wilmington, North Carolina, United States, Northern America, Americas	https://classicukg.rec.pro.ukg.net/CLA1028CLAC/JobBoard/7dd6a284-7be6-49ca-bb18-7947f6a97a21/OpportunityDetail?opportunityId=5bbdb9c4-ab89-43d9-a6a8-e9d332d65b58	2026-08-03	2026-09-02	manual_work	
Classic Collision	classiccollision.com	Collision	Auto Body Technician	Stafford, Texas, United States, Northern America, Americas	https://classicukg.rec.pro.ukg.net/CLA1028CLAC/JobBoard/7dd6a284-7be6-49ca-bb18-7947f6a97a21/OpportunityDetail?opportunityId=39f2c717-3d63-4fcf-bfb5-e907a891b9db	2026-08-03	2026-09-10	manual_work	
Classic Collision	classiccollision.com	Collision	Collision Estimator- Hourly	Augusta, Georgia, United States, Northern America, Americas	https://classicukg.rec.pro.ukg.net/CLA1028CLAC/JobBoard/7dd6a284-7be6-49ca-bb18-7947f6a97a21/OpportunityDetail?opportunityId=81adb93e-0256-424c-8210-a50362d5ea71	2026-08-03	2026-09-18	operations	
Classic Collision	classiccollision.com	Collision	Auto Body Technician	Merritt Island, Florida, United States, Northern America, Americas	https://classicukg.rec.pro.ukg.net/CLA1028CLAC/JobBoard/7dd6a284-7be6-49ca-bb18-7947f6a97a21/OpportunityDetail?opportunityId=73583bc8-ff42-4b87-ba2b-75bbb0f1eb6d	2026-08-01	2026-09-16	manual_work	
Classic Collision	classiccollision.com	Collision	Auto Body Technician	Norcross, Georgia, United States, Northern America, Americas	https://classicukg.rec.pro.ukg.net/CLA1028CLAC/JobBoard/7dd6a284-7be6-49ca-bb18-7947f6a97a21/OpportunityDetail?opportunityId=f9c9cacc-24f2-4bc3-bbd0-423208db8b53	2026-08-01	2026-09-02	manual_work	
Classic Collision	classiccollision.com	Collision	Collision Estimator	Rome, Georgia, United States, Northern America, Americas	https://classicukg.rec.pro.ukg.net/CLA1028CLAC/JobBoard/7dd6a284-7be6-49ca-bb18-7947f6a97a21/OpportunityDetail?opportunityId=4f57741c-4acc-4d70-9884-6e9dc30d1c75	2026-08-01	2026-09-16	operations	
Classic Collision	classiccollision.com	Collision	Auto Body Helper	Georgetown, Texas, United States, Northern America, Americas	https://classicukg.rec.pro.ukg.net/CLA1028CLAC/JobBoard/7dd6a284-7be6-49ca-bb18-7947f6a97a21/OpportunityDetail?opportunityId=d2e6acdb-135d-4b11-bfe1-85adcdf459b4	2026-07-31	2026-09-08	manual_work	
Classic Collision	classiccollision.com	Collision	Auto Body Technician	Augusta, Georgia, United States, Northern America, Americas	https://classicukg.rec.pro.ukg.net/CLA1028CLAC/JobBoard/7dd6a284-7be6-49ca-bb18-7947f6a97a21/OpportunityDetail?opportunityId=9a4e1863-0d6b-47ad-abab-64b53effbacc	2026-07-31	2026-09-16	manual_work	
Classic Collision	classiccollision.com	Collision	Auto Body Technician	Augusta, Georgia, United States, Northern America, Americas	https://classicukg.rec.pro.ukg.net/CLA1028CLAC/JobBoard/7dd6a284-7be6-49ca-bb18-7947f6a97a21/OpportunityDetail?opportunityId=55cf7e1c-0535-4b66-b7a9-108c1117655b	2026-07-31	2026-09-16	manual_work	
Classic Collision	classiccollision.com	Collision	Auto Parts Coordinator	Greenwood, South Carolina, United States, Northern America, Americas	https://classicukg.rec.pro.ukg.net/CLA1028CLAC/JobBoard/7dd6a284-7be6-49ca-bb18-7947f6a97a21/OpportunityDetail?opportunityId=8ed51147-df6b-432e-a83c-74f93dc5604d	2026-07-31	2026-09-16	operations	
Classic Collision	classiccollision.com	Collision	Mechanical Technician	Augusta, Georgia, United States, Northern America, Americas	https://classicukg.rec.pro.ukg.net/CLA1028CLAC/JobBoard/7dd6a284-7be6-49ca-bb18-7947f6a97a21/OpportunityDetail?opportunityId=5dd73348-0471-4575-a961-d404be28ca63	2026-07-31	2026-09-16	manual_work	
Classic Collision	classiccollision.com	Collision	Customer Service Representative	Castle Rock, Colorado, United States, Northern America, Americas	https://classicukg.rec.pro.ukg.net/CLA1028CLAC/JobBoard/7dd6a284-7be6-49ca-bb18-7947f6a97a21/OpportunityDetail?opportunityId=0d1ceb07-11ca-4423-9f96-20d953d3fca0	2026-07-31	2026-09-15	support	15 - 20 USD per hour
Classic Collision	classiccollision.com	Collision	Auto Parts Coordinator	Georgetown, Texas, United States, Northern America, Americas	https://classicukg.rec.pro.ukg.net/CLA1028CLAC/JobBoard/7dd6a284-7be6-49ca-bb18-7947f6a97a21/OpportunityDetail?opportunityId=bd56f2ac-1880-4734-8855-9eaee0180cf8	2026-07-31	2026-09-07	operations	
Classic Collision	classiccollision.com	Collision	Collision Estimator	Augusta, Georgia, United States, Northern America, Americas	https://classicukg.rec.pro.ukg.net/CLA1028CLAC/JobBoard/7dd6a284-7be6-49ca-bb18-7947f6a97a21/OpportunityDetail?opportunityId=d520a4a1-9091-42f0-9094-a1bebd458f80	2026-07-31	2026-09-07	operations	
Classic Collision	classiccollision.com	Collision	Glass Technician	Pineville, North Carolina, United States, Northern America, Americas	https://classicukg.rec.pro.ukg.net/CLA1028CLAC/JobBoard/abc516a1-862d-4d5f-9f10-b02718528945/OpportunityDetail?opportunityId=f7298f6d-c4ad-4afc-ad96-88a3dc9d0b11	2026-07-30	2026-09-15	manual_work	Earning Potential of $54000
Classic Collision	classiccollision.com	Collision	Auto Body Detailer	Anchorage, Alaska, United States, Northern America, Americas	https://classicukg.rec.pro.ukg.net/CLA1028CLAC/JobBoard/7dd6a284-7be6-49ca-bb18-7947f6a97a21/OpportunityDetail?opportunityId=9da9d32b-3be7-4c5d-b96c-cab30b99a4ff	2026-07-30	2026-09-09	manual_work	15 - 20 USD per hour
Classic Collision	classiccollision.com	Collision	Auto Body Detailer	Anchorage, Alaska, United States, Northern America, Americas	https://classicukg.rec.pro.ukg.net/CLA1028CLAC/JobBoard/7dd6a284-7be6-49ca-bb18-7947f6a97a21/OpportunityDetail?opportunityId=68f9ee19-f086-4842-8813-3fdaa080b815	2026-07-30	2026-09-06	manual_work	16 - 20 USD per hour
Classic Collision	classiccollision.com	Collision	Auto Body Detailer	Lawrenceville, Georgia, United States, Northern America, Americas	https://classicukg.rec.pro.ukg.net/CLA1028CLAC/JobBoard/7dd6a284-7be6-49ca-bb18-7947f6a97a21/OpportunityDetail?opportunityId=90ef7152-6569-4eee-9da7-3f3c34805be0	2026-07-30	2026-09-06	manual_work	
Classic Collision	classiccollision.com	Collision	Auto Body Technician	Louisville, Kentucky, United States, Northern America, Americas	https://classicukg.rec.pro.ukg.net/CLA1028CLAC/JobBoard/7dd6a284-7be6-49ca-bb18-7947f6a97a21/OpportunityDetail?opportunityId=69be0dea-6f12-4a6b-8922-a65e10093b12	2026-07-30	2026-09-14	manual_work	75000 - 125000 USD per year
Classic Collision	classiccollision.com	Collision	Auto Body Detailer	Cincinnati, Ohio, United States, Northern America, Americas	https://classicukg.rec.pro.ukg.net/CLA1028CLAC/JobBoard/7dd6a284-7be6-49ca-bb18-7947f6a97a21/OpportunityDetail?opportunityId=b701a44a-1a9f-4352-b887-d920e2ba6b66	2026-07-30	2026-09-14	manual_work	
Classic Collision	classiccollision.com	Collision	Senior Service Advisor	Beaumont, Texas, United States, Northern America, Americas	https://classicukg.rec.pro.ukg.net/CLA1028CLAC/JobBoard/7dd6a284-7be6-49ca-bb18-7947f6a97a21/OpportunityDetail?opportunityId=bc3e07ca-62dd-4c48-896a-67bd54860172	2026-07-30	2026-09-06	support,operations	
Classic Collision	classiccollision.com	Collision	Auto Body Shop Porter	Vero Beach, Florida, United States, Northern America, Americas	https://classicukg.rec.pro.ukg.net/CLA1028CLAC/JobBoard/7dd6a284-7be6-49ca-bb18-7947f6a97a21/OpportunityDetail?opportunityId=65404486-ef70-4fc6-a4f8-fa2d2f2736ac	2026-07-29	2026-09-22	manual_work	
Classic Collision	classiccollision.com	Collision	Auto Body Technician	Port St. Lucie, Florida, United States, Northern America, Americas	https://classicukg.rec.pro.ukg.net/CLA1028CLAC/JobBoard/7dd6a284-7be6-49ca-bb18-7947f6a97a21/OpportunityDetail?opportunityId=9e0a5213-9db9-4bcc-b2f1-847658e8dc73	2026-07-29	2026-09-22	manual_work	
Classic Collision	classiccollision.com	Collision	Auto Parts Manager	Myrtle Beach, South Carolina, United States, Northern America, Americas	https://classicukg.rec.pro.ukg.net/CLA1028CLAC/JobBoard/7dd6a284-7be6-49ca-bb18-7947f6a97a21/OpportunityDetail?opportunityId=12dbad97-5bfb-4a92-84bf-8f78aceb0916	2026-07-29	2026-09-13	operations	
Classic Collision	classiccollision.com	Collision	Senior Service Advisor	The Woodlands, Texas, United States, Northern America, Americas	https://classicukg.rec.pro.ukg.net/CLA1028CLAC/JobBoard/7dd6a284-7be6-49ca-bb18-7947f6a97a21/OpportunityDetail?opportunityId=fb457625-af18-47db-8596-c1525399af3e	2026-07-29	2026-09-05	support,operations	
Classic Collision	classiccollision.com	Collision	Auto Body Technician	Houston, Texas, United States, Northern America, Americas	https://classicukg.rec.pro.ukg.net/CLA1028CLAC/JobBoard/7dd6a284-7be6-49ca-bb18-7947f6a97a21/OpportunityDetail?opportunityId=98dc644f-ca77-4267-b007-d2682049eef1	2026-07-25	2026-09-03	manual_work	
Classic Collision	classiccollision.com	Collision	Auto Parts Coordinator	Chattanooga, Tennessee, United States, Northern America, Americas	https://classicukg.rec.pro.ukg.net/CLA1028CLAC/JobBoard/7dd6a284-7be6-49ca-bb18-7947f6a97a21/OpportunityDetail?opportunityId=f566f493-74c4-428b-b128-04b2c8d2d660	2026-07-25	2026-09-17	operations	
Classic Collision	classiccollision.com	Collision	Auto Body Detailer	Fairbanks, Alaska, United States, Northern America, Americas	https://classicukg.rec.pro.ukg.net/CLA1028CLAC/JobBoard/7dd6a284-7be6-49ca-bb18-7947f6a97a21/OpportunityDetail?opportunityId=73275a68-d02d-4f5d-8866-579ddd1780bf	2026-07-25	2026-09-01	manual_work	16 - 20 USD per hour
Classic Collision	classiccollision.com	Collision	Auto Body Technician	San Marcos, Texas, United States, Northern America, Americas	https://classicukg.rec.pro.ukg.net/CLA1028CLAC/JobBoard/7dd6a284-7be6-49ca-bb18-7947f6a97a21/OpportunityDetail?opportunityId=0a7517f7-ed87-43c2-b98e-e89be29d7aba	2026-07-22	2026-09-07	manual_work	
Classic Collision	classiccollision.com	Collision	Collision Estimator	Myrtle Beach, South Carolina, United States, Northern America, Americas	https://classicukg.rec.pro.ukg.net/CLA1028CLAC/JobBoard/7dd6a284-7be6-49ca-bb18-7947f6a97a21/OpportunityDetail?opportunityId=56ec9735-ef51-409c-a55d-565cd9681e18	2026-07-22	2026-09-09	operations	
Classic Collision	classiccollision.com	Collision	Auto Body Technician	Sumter, South Carolina, United States, Northern America, Americas	https://classicukg.rec.pro.ukg.net/CLA1028CLAC/JobBoard/7dd6a284-7be6-49ca-bb18-7947f6a97a21/OpportunityDetail?opportunityId=7f1aa558-a36d-4df0-b418-7485a0117515	2026-07-22	2026-09-08	manual_work	
Classic Collision	classiccollision.com	Collision	Service Advisor - Hourly	Marianna, Florida, United States, Northern America, Americas	https://classicukg.rec.pro.ukg.net/CLA1028CLAC/JobBoard/7dd6a284-7be6-49ca-bb18-7947f6a97a21/OpportunityDetail?opportunityId=e9e77b56-73fe-4c59-b289-4b08fb5bcae9	2026-07-21	2026-09-22	support,operations	$50000 to $175000 Depending on Experience
Classic Collision	classiccollision.com	Collision	Auto Body Technician	Tennessee, United States, Northern America, Americas	https://classicukg.rec.pro.ukg.net/CLA1028CLAC/JobBoard/7dd6a284-7be6-49ca-bb18-7947f6a97a21/OpportunityDetail?opportunityId=dd66c007-e5f6-4b91-af46-11ce96d93ec0	2026-07-21	2026-09-22	manual_work	
Classic Collision	classiccollision.com	Collision	Auto Body Technician	Texas, United States, Northern America, Americas	https://classicukg.rec.pro.ukg.net/CLA1028CLAC/JobBoard/7dd6a284-7be6-49ca-bb18-7947f6a97a21/OpportunityDetail?opportunityId=4885dcc6-bded-42b5-9d91-7c9147dae787	2026-07-18	2026-09-02	manual_work	
Classic Collision	classiccollision.com	Collision	Auto Body Technician	Charlotte, North Carolina, United States, Northern America, Americas	https://classicukg.rec.pro.ukg.net/CLA1028CLAC/JobBoard/7dd6a284-7be6-49ca-bb18-7947f6a97a21/OpportunityDetail?opportunityId=4898bdae-f5a5-4d8d-aec8-a54b2e01428f	2026-07-16	2026-09-02	manual_work	
Classic Collision	classiccollision.com	Collision	Auto Body Detailer	Norcross, Georgia, United States, Northern America, Americas	https://classicukg.rec.pro.ukg.net/CLA1028CLAC/JobBoard/7dd6a284-7be6-49ca-bb18-7947f6a97a21/OpportunityDetail?opportunityId=58ed99dd-2978-4766-b884-1942a999816a	2026-07-13	2026-09-06	manual_work	
Classic Collision	classiccollision.com	Collision	Auto Body Technician	Augusta, Georgia, United States, Northern America, Americas	https://classicukg.rec.pro.ukg.net/CLA1028CLAC/JobBoard/7dd6a284-7be6-49ca-bb18-7947f6a97a21/OpportunityDetail?opportunityId=efa0e9e4-e55b-4afb-b25b-a25e0a174413	2026-07-11	2026-09-19	manual_work	
Classic Collision	classiccollision.com	Collision	Production Manager	Augusta, Georgia, United States, Northern America, Americas	https://classicukg.rec.pro.ukg.net/CLA1028CLAC/JobBoard/7dd6a284-7be6-49ca-bb18-7947f6a97a21/OpportunityDetail?opportunityId=a954265b-be31-4466-9994-cb504a2205d9	2026-07-11	2026-09-11	operations,management	
Classic Collision	classiccollision.com	Collision	Service Advisor - Hourly	Morrow, Georgia, United States, Northern America, Americas	https://classicukg.rec.pro.ukg.net/CLA1028CLAC/JobBoard/7dd6a284-7be6-49ca-bb18-7947f6a97a21/OpportunityDetail?opportunityId=c1e9386b-bd56-4696-9793-7931fb714553	2026-07-11	2026-09-04	operations,sales	
Classic Collision	classiccollision.com	Collision	Auto Body Detailer	Atlanta, Georgia, United States, Northern America, Americas	https://classicukg.rec.pro.ukg.net/CLA1028CLAC/JobBoard/7dd6a284-7be6-49ca-bb18-7947f6a97a21/OpportunityDetail?opportunityId=f94f078f-7daa-40c1-969d-088a0d520bc0	2026-07-11	2026-09-19	manual_work	
Classic Collision	classiccollision.com	Collision	Auto Body Technician	Aiken, South Carolina, United States, Northern America, Americas	https://classicukg.rec.pro.ukg.net/CLA1028CLAC/JobBoard/7dd6a284-7be6-49ca-bb18-7947f6a97a21/OpportunityDetail?opportunityId=84c4ea70-f79b-45e0-8d8e-f2e09e13f951	2026-07-11	2026-09-19	manual_work	
Classic Collision	classiccollision.com	Collision	Collision Estimator	Augusta, Georgia, United States, Northern America, Americas	https://classicukg.rec.pro.ukg.net/CLA1028CLAC/JobBoard/7dd6a284-7be6-49ca-bb18-7947f6a97a21/OpportunityDetail?opportunityId=5e9e8014-fd12-4865-9f45-15809cf2e6fa	2026-07-11	2026-09-19	operations	
Classic Collision	classiccollision.com	Collision	Auto Body Technician	Union City, Georgia, United States, Northern America, Americas	https://classicukg.rec.pro.ukg.net/CLA1028CLAC/JobBoard/7dd6a284-7be6-49ca-bb18-7947f6a97a21/OpportunityDetail?opportunityId=86b75ebe-45ee-4c80-9df1-4d4c94345dee	2026-07-10	2026-09-19	manual_work	
Classic Collision	classiccollision.com	Collision	Auto Body Technician	Chattanooga, Tennessee, United States, Northern America, Americas	https://classicukg.rec.pro.ukg.net/CLA1028CLAC/JobBoard/7dd6a284-7be6-49ca-bb18-7947f6a97a21/OpportunityDetail?opportunityId=e493e75c-01ad-48f2-a8cc-8ec78129bbab	2026-07-09	2026-09-09	manual_work	
Classic Collision	classiccollision.com	Collision	Collision Estimator	Greenwood, South Carolina, United States, Northern America, Americas	https://classicukg.rec.pro.ukg.net/CLA1028CLAC/JobBoard/7dd6a284-7be6-49ca-bb18-7947f6a97a21/OpportunityDetail?opportunityId=98a5acb0-7d23-4b51-9126-3711ea45d92e	2026-07-02	2026-09-03	operations	
Classic Collision	classiccollision.com	Collision	Paint Prepper Hourly	Aiken, South Carolina, United States, Northern America, Americas	https://classicukg.rec.pro.ukg.net/CLA1028CLAC/JobBoard/7dd6a284-7be6-49ca-bb18-7947f6a97a21/OpportunityDetail?opportunityId=27614b21-6d3a-448f-949b-1ea7d7e99ad1	2026-06-23	2026-09-10	manual_work	
Classic Collision	classiccollision.com	Collision	Auto Body Technician	Atlanta, Georgia, United States, Northern America, Americas	https://classicukg.rec.pro.ukg.net/CLA1028CLAC/JobBoard/7dd6a284-7be6-49ca-bb18-7947f6a97a21/OpportunityDetail?opportunityId=322455de-1112-4fb6-93af-705ad8503a77	2026-06-11	2026-09-01	manual_work	
Classic Collision	classiccollision.com	Collision	Shop Porter	Alpharetta, Georgia, United States, Northern America, Americas	https://classicukg.rec.pro.ukg.net/CLA1028CLAC/JobBoard/7dd6a284-7be6-49ca-bb18-7947f6a97a21/OpportunityDetail?opportunityId=163d3252-90a4-4277-b3d4-eedfb158bac2	2026-06-11	2026-09-02	operations	
Tint World	tintworld.com	Window tint / PPF	Automotive Tint Installer	Davie, FL	https://www.linkedin.com/jobs/view/4468935099/	2026-09-23	2026-09-23	manual_work	
Tint World	tintworld.com	Window tint / PPF	Franchise Business Coach	Clearwater, FL	https://www.linkedin.com/jobs/view/4467737230/	2026-09-17	2026-09-18	education,management	
Tint World	tintworld.com	Window tint / PPF	Auto Detailing and Reconditioning Technician		https://www.tintworld.com/about-us/careers/auto-detailer	2026-07-23	2026-10-04	manual_work	
Tint World	tintworld.com	Window tint / PPF	Residential and Commercial Window Tint and Film Installer		https://www.tintworld.com/about-us/careers/residential-commercial-windows-film-installer	2026-07-23	2026-10-04	manual_work	
Tint World	tintworld.com	Window tint / PPF	Automotive Window Tint and Film Installer		https://www.tintworld.com/about-us/careers/automotive-window-tint-film-installer	2026-07-23	2026-10-04	manual_work	
Tint World	tintworld.com	Window tint / PPF	Auto Detail and Reconditioning Technician		https://www.tintworld.com/about-us/careers/auto-detailer	2025-05-23	2026-09-26	manual_work	
Tint World	tintworld.com	Window tint / PPF	Automotive repair Technician		https://www.tintworld.com/about-us/careers/auto-repair-technician	2023-08-03	2026-10-04	manual_work	
Tint World	tintworld.com	Window tint / PPF	Automotive 12-Volt Technician		https://www.tintworld.com/about-us/careers/12-volt-technician	2023-08-03	2026-10-04	manual_work	
Tint World	tintworld.com	Window tint / PPF	Residential & Commercial Window Tint & Film Installer		https://www.tintworld.com/about-us/careers/residential-commercial-windows-film-installer	2023-08-03	2026-10-04	manual_work	
Tint World	tintworld.com	Window tint / PPF	Automotive Window Tint & Film Installer		https://www.tintworld.com/about-us/careers/automotive-window-tint-film-installer	2023-08-03	2026-10-04	manual_work	
Tint World	tintworld.com	Window tint / PPF	Customer Service		https://www.tintworld.com/about-us/careers/12-volt-technician	2021-06-14	2026-09-26	support	
Tint World	tintworld.com	Window tint / PPF	Automotive Repair Technician		https://www.tintworld.com/about-us/careers/auto-repair-technician	2021-05-31	2026-09-26	manual_work	
Tint World	tintworld.com	Window tint / PPF	Automotive Technician		https://www.tintworld.com/about-us/careers/12-volt-technician	2020-11-16	2026-09-26	manual_work	$250 Off Color Change Vinyl …
Tint World	tintworld.com	Window tint / PPF	12-Volt Technician		https://www.tintworld.com/about-us/careers/12-volt-technician	2020-11-16	2026-09-26	engineering,manual_work	$250 Off Color Change Vinyl …
Tint World	tintworld.com	Window tint / PPF	Customer Service		https://www.tintworld.com/about-us/careers/store-sales-manager	2020-11-16	2026-09-26	support	$250 Off Color Change Vinyl …
Tint World	tintworld.com	Window tint / PPF	Store Sales Management Professional		https://www.tintworld.com/about-us/careers/store-sales-manager	2020-11-16	2026-09-26	sales	$250 Off Color Change Vinyl …
Tint World	tintworld.com	Window tint / PPF	Customer Service		https://www.tintworld.com/about-us/careers/auto-detailer	2020-11-16	2026-09-26	support	$250 Off Color Change Vinyl …
All-Pro Auto Reconditioning	allprorecon.com	Detailing / reconditioning	Automotive Paint Repair Technician 52885	Wilmington, North Carolina, 28405, United States, Northern America, Americas	https://www.paycomonline.net/v4/ats/web.php/portal/4C334B753F560A2016857CBCDEE3741D/jobs/220276	2026-10-03	2026-10-03	manual_work	$5,000.00 - $7,000.00 Commission
All-Pro Auto Reconditioning	allprorecon.com	Detailing / reconditioning	Automotive Detail Technician 52863	California, United States, Northern America, Americas	https://www.paycomonline.net/v4/ats/web.php/portal/4C334B753F560A2016857CBCDEE3741D/jobs/219841	2026-10-03	2026-10-03	manual_work	$18.00 - $28.00 Hourly
All-Pro Auto Reconditioning	allprorecon.com	Detailing / reconditioning	Automotive Photographer 53092	Houston, TX	https://www.linkedin.com/jobs/view/4471114510/	2026-09-30	2026-10-04	design,manual_work	
All-Pro Auto Reconditioning	allprorecon.com	Detailing / reconditioning	Automotive Photographer 53108	Atlanta, GA	https://www.linkedin.com/jobs/view/4472083427/	2026-09-30	2026-10-04	design,manual_work	
All-Pro Auto Reconditioning	allprorecon.com	Detailing / reconditioning	Human Resource Clerk 53081	Houston, TX	https://www.linkedin.com/jobs/view/4470601917/	2026-09-30	2026-10-04	administration,human_resources	
All-Pro Auto Reconditioning	allprorecon.com	Detailing / reconditioning	Automotive Detail Lead 52844	Pineville, North Carolina, United States, Northern America, Americas	https://www.paycomonline.net/v4/ats/web.php/portal/4C334B753F560A2016857CBCDEE3741D/jobs/219527	2026-09-30	2026-10-03	manual_work,management	4000.0 - 6000.0 USD per month
All-Pro Auto Reconditioning	allprorecon.com	Detailing / reconditioning	Automotive Quality Control 52856	Santa Clara, California, United States, Northern America, Americas	https://www.paycomonline.net/v4/ats/web.php/portal/4C334B753F560A2016857CBCDEE3741D/jobs/219638	2026-09-30	2026-10-03	quality_assurance	4000.0 - 6000.0 USD per month
All-Pro Auto Reconditioning	allprorecon.com	Detailing / reconditioning	Automotive Store Support 52804	Birmingham, Alabama, United States, Northern America, Americas	https://www.paycomonline.net/v4/ats/web.php/portal/4C334B753F560A2016857CBCDEE3741D/jobs/219579	2026-09-30	2026-10-03	manual_work	12.0 - 15.0 USD per hour
All-Pro Auto Reconditioning	allprorecon.com	Detailing / reconditioning	Automotive Store Support 52811	Hollywood, Florida, United States, Northern America, Americas	https://www.paycomonline.net/v4/ats/web.php/portal/4C334B753F560A2016857CBCDEE3741D/jobs/218906	2026-09-27	2026-10-03	manual_work	14.0 - 16.0 USD per hour
All-Pro Auto Reconditioning	allprorecon.com	Detailing / reconditioning	Automotive Wash Bay Technician 52806	Idaho, United States, Northern America, Americas	https://www.paycomonline.net/v4/ats/web.php/portal/4C334B753F560A2016857CBCDEE3741D/jobs/218938	2026-09-24	2026-10-03	manual_work	15.0 - 17.0 USD per hour
All-Pro Auto Reconditioning	allprorecon.com	Detailing / reconditioning	Automotive Wash Bay Technician 52807	Idaho, United States, Northern America, Americas	https://www.paycomonline.net/v4/ats/web.php/portal/4C334B753F560A2016857CBCDEE3741D/jobs/218956	2026-09-24	2026-10-03	manual_work	14.0 - 16.0 USD per hour
All-Pro Auto Reconditioning	allprorecon.com	Detailing / reconditioning	Estimator 52808	Idaho, United States, Northern America, Americas	https://www.paycomonline.net/v4/ats/web.php/portal/4C334B753F560A2016857CBCDEE3741D/jobs/218951	2026-09-24	2026-10-03	operations	45000.0 - 70000.0 USD per year
All-Pro Auto Reconditioning	allprorecon.com	Detailing / reconditioning	Automotive Windshield Technician 52809	Idaho, United States, Northern America, Americas	https://www.paycomonline.net/v4/ats/web.php/portal/4C334B753F560A2016857CBCDEE3741D/jobs/218933	2026-09-24	2026-10-03	manual_work	18.0 - 30.0 USD per hour
All-Pro Auto Reconditioning	allprorecon.com	Detailing / reconditioning	Automotive Photographer 53097	Stuart, FL	https://www.linkedin.com/jobs/view/4470669477/	2026-09-24	2026-10-03	design,manual_work	
All-Pro Auto Reconditioning	allprorecon.com	Detailing / reconditioning	Automotive Photo Quality Assurance Associate	Houston, TX	https://www.linkedin.com/jobs/view/4470605769/	2026-09-23	2026-10-03	quality_assurance	
All-Pro Auto Reconditioning	allprorecon.com	Detailing / reconditioning	Automotive Wheel Repair Technician 53020	Montgomery, AL	https://www.linkedin.com/jobs/view/4467783414/	2026-09-21	2026-10-03	manual_work	
All-Pro Auto Reconditioning	allprorecon.com	Detailing / reconditioning	Lot Coordinator 53040	Las Vegas, NV	https://www.linkedin.com/jobs/view/4468220516/	2026-09-20	2026-10-03	operations,support	
All-Pro Auto Reconditioning	allprorecon.com	Detailing / reconditioning	Automotive Photo Quality Assurance Associate	Houston, TX	https://www.linkedin.com/jobs/view/4468331794/	2026-09-19	2026-10-03	quality_assurance	
All-Pro Auto Reconditioning	allprorecon.com	Detailing / reconditioning	Automotive Wash Bay Technician 52730	Jacksonville, North Carolina, United States, Northern America, Americas	https://www.paycomonline.net/v4/ats/web.php/portal/4C334B753F560A2016857CBCDEE3741D/jobs/217184	2026-09-18	2026-09-25	manual_work	16.0 - 18.0 USD per hour
All-Pro Auto Reconditioning	allprorecon.com	Detailing / reconditioning	Automotive Porter 52799	Denver, Colorado, United States, Northern America, Americas	https://www.paycomonline.net/v4/ats/web.php/portal/4C334B753F560A2016857CBCDEE3741D/jobs/218554	2026-09-18	2026-10-03	manual_work	19.29 - 20.0 USD per hour
All-Pro Auto Reconditioning	allprorecon.com	Detailing / reconditioning	Area Operations Manager 52754	Austin, Texas, United States, Northern America, Americas	https://www.paycomonline.net/v4/ats/web.php/portal/4C334B753F560A2016857CBCDEE3741D/jobs/217553	2026-09-18	2026-10-03	operations,management	70000 - 80000 USD per year
All-Pro Auto Reconditioning	allprorecon.com	Detailing / reconditioning	Area Operations Manager 52779	Tallahassee, Florida, United States, Northern America, Americas	https://www.paycomonline.net/v4/ats/web.php/portal/4C334B753F560A2016857CBCDEE3741D/jobs/218358	2026-09-18	2026-10-03	operations,management	84000.0 - 108000.0 USD per year
All-Pro Auto Reconditioning	allprorecon.com	Detailing / reconditioning	Automotive Wash Bay Technician 52714	Santa Monica, California, United States, Northern America, Americas	https://www.paycomonline.net/v4/ats/web.php/portal/4C334B753F560A2016857CBCDEE3741D/jobs/216789	2026-09-18	2026-09-25	manual_work	19.0 - 20.0 USD per hour
All-Pro Auto Reconditioning	allprorecon.com	Detailing / reconditioning	Automotive Store Support 52425	Margate, Florida, United States, Northern America, Americas	https://www.paycomonline.net/v4/ats/web.php/portal/4C334B753F560A2016857CBCDEE3741D/jobs/217114	2026-09-18	2026-10-03	manual_work	15.0 - 15.0 USD per hour
All-Pro Auto Reconditioning	allprorecon.com	Detailing / reconditioning	Area Operations Manager 53007	Birmingham, AL	https://www.linkedin.com/jobs/view/4466007983/	2026-09-17	2026-10-03	management,operations	
All-Pro Auto Reconditioning	allprorecon.com	Detailing / reconditioning	Automotive Wash Bay Technician 53014	Chesterfield, MO	https://www.linkedin.com/jobs/view/4467266905/	2026-09-17	2026-10-03	manual_work	
All-Pro Auto Reconditioning	allprorecon.com	Detailing / reconditioning	IT Associate 52911	Houston, TX	https://www.linkedin.com/jobs/view/4465322716/	2026-09-17	2026-10-03	information_technology,support	
All-Pro Auto Reconditioning	allprorecon.com	Detailing / reconditioning	Area Operations Manager 52754	Austin, TX	https://www.linkedin.com/jobs/view/4454091703/	2026-09-14	2026-10-01	management,operations	
All-Pro Auto Reconditioning	allprorecon.com	Detailing / reconditioning	Automotive Wash Bay Technician 52696	Matthews, North Carolina, United States, Northern America, Americas	https://www.paycomonline.net/v4/ats/web.php/portal/4C334B753F560A2016857CBCDEE3741D/jobs/216460	2026-09-11	2026-09-17	manual_work	15.0 - 17.0 USD per hour
All-Pro Auto Reconditioning	allprorecon.com	Detailing / reconditioning	Automotive Detail Technician 52680	Durham, North Carolina, United States, Northern America, Americas	https://www.paycomonline.net/v4/ats/web.php/portal/4C334B753F560A2016857CBCDEE3741D/jobs/216265	2026-09-11	2026-09-17	manual_work	4000.0 - 6000.0 USD per month
All-Pro Auto Reconditioning	allprorecon.com	Detailing / reconditioning	Automotive Detail Technician 52683	Poway, California, United States, Northern America, Americas	https://www.paycomonline.net/v4/ats/web.php/portal/4C334B753F560A2016857CBCDEE3741D/jobs/216407	2026-09-11	2026-09-17	manual_work	4000.0 - 7000.0 USD per month
All-Pro Auto Reconditioning	allprorecon.com	Detailing / reconditioning	Automotive Paint Repair Technician	Poway, California, United States, Northern America, Americas	https://www.paycomonline.net/v4/ats/web.php/portal/4C334B753F560A2016857CBCDEE3741D/jobs/216420	2026-09-11	2026-09-25	manual_work	6000.0 - 9000.0 USD per month
All-Pro Auto Reconditioning	allprorecon.com	Detailing / reconditioning	Automotive Wash Bay Technician 52670	Margate, Florida, United States, Northern America, Americas	https://www.paycomonline.net/v4/ats/web.php/portal/4C334B753F560A2016857CBCDEE3741D/jobs/216394	2026-09-11	2026-09-25	manual_work	15.0 - 17.0 USD per hour
All-Pro Auto Reconditioning	allprorecon.com	Detailing / reconditioning	Automotive Detail Technician 52695	Matthews, North Carolina, United States, Northern America, Americas	https://www.paycomonline.net/v4/ats/web.php/portal/4C334B753F560A2016857CBCDEE3741D/jobs/216465	2026-09-11	2026-09-25	manual_work	2000 - 4000 USD per month
All-Pro Auto Reconditioning	allprorecon.com	Detailing / reconditioning	Automotive Paintless Dent Repair Technician 52947	Roanoke, VA	https://www.linkedin.com/jobs/view/4463112291/	2026-09-08	2026-10-03	healthcare_services,manual_work	
All-Pro Auto Reconditioning	allprorecon.com	Detailing / reconditioning	Automotive Lot Coordinator 52657	Birmingham, Alabama, United States, Northern America, Americas	https://www.paycomonline.net/v4/ats/web.php/portal/4C334B753F560A2016857CBCDEE3741D/jobs/215756	2026-09-05	2026-09-11	operations	4000.0 - 7500.0 USD per month
All-Pro Auto Reconditioning	allprorecon.com	Detailing / reconditioning	Automotive Detail Technician 52639	Richardson, Texas, United States, Northern America, Americas	https://www.paycomonline.net/v4/ats/web.php/portal/4C334B753F560A2016857CBCDEE3741D/jobs/215571	2026-09-05	2026-09-11	manual_work	2000 - 3000 USD per month
All-Pro Auto Reconditioning	allprorecon.com	Detailing / reconditioning	Automotive Paintless Dent Repair Technician 52938	Norfolk, VA	https://www.linkedin.com/jobs/view/4463109391/	2026-09-05	2026-10-03	healthcare_services,manual_work	
All-Pro Auto Reconditioning	allprorecon.com	Detailing / reconditioning	Automotive Wash Bay Technician 52634	Birmingham, Alabama, United States, Northern America, Americas	https://www.paycomonline.net/v4/ats/web.php/portal/4C334B753F560A2016857CBCDEE3741D/jobs/215441	2026-09-02	2026-09-08	manual_work	13.0 - 15.0 USD per hour
All-Pro Auto Reconditioning	allprorecon.com	Detailing / reconditioning	Automotive Wash Bay Technician 52598	Charleston, South Carolina, United States, Northern America, Americas	https://www.paycomonline.net/v4/ats/web.php/portal/4C334B753F560A2016857CBCDEE3741D/jobs/214526	2026-08-27	2026-09-18	manual_work	17.0 - 19.0 USD per hour
All-Pro Auto Reconditioning	allprorecon.com	Detailing / reconditioning	Automotive Detail Technician 52626	Birmingham, Alabama, United States, Northern America, Americas	https://www.paycomonline.net/v4/ats/web.php/portal/4C334B753F560A2016857CBCDEE3741D/jobs/215473	2026-08-27	2026-09-10	manual_work	2500.0 - 6000.0 USD per month
All-Pro Auto Reconditioning	allprorecon.com	Detailing / reconditioning	Automotive Photographer 51806	Palm Bay, Florida, United States, Northern America, Americas	https://www.paycomonline.net/v4/ats/web.php/portal/4C334B753F560A2016857CBCDEE3741D/jobs/214789	2026-08-27	2026-09-18	marketing	2000.0 - 4500.0 USD per month
All-Pro Auto Reconditioning	allprorecon.com	Detailing / reconditioning	Automotive Wash Bay Technician 52579	Leesburg, Virginia, 20175, United States, Northern America, Americas	https://www.paycomonline.net/v4/ats/web.php/portal/4C334B753F560A2016857CBCDEE3741D/jobs/214506	2026-08-27	2026-10-03	manual_work	
All-Pro Auto Reconditioning	allprorecon.com	Detailing / reconditioning	Automotive Quality Control 52633	Birmingham, Alabama, United States, Northern America, Americas	https://www.paycomonline.net/v4/ats/web.php/portal/4C334B753F560A2016857CBCDEE3741D/jobs/215455	2026-08-27	2026-09-10	quality_assurance	15.0 - 21.0 USD per hour
All-Pro Auto Reconditioning	allprorecon.com	Detailing / reconditioning	Automotive Wash Bay Technician 52607	Fallston, Maryland, United States, Northern America, Americas	https://www.paycomonline.net/v4/ats/web.php/portal/4C334B753F560A2016857CBCDEE3741D/jobs/214718	2026-08-27	2026-09-18	manual_work	17.0 - 19.0 USD per hour
All-Pro Auto Reconditioning	allprorecon.com	Detailing / reconditioning	Automotive Paintless Dent Repair Technician 52795	Charleston, SC	https://www.linkedin.com/jobs/view/4456127043/	2026-08-26	2026-09-12	healthcare_services,manual_work	
All-Pro Auto Reconditioning	allprorecon.com	Detailing / reconditioning	Marketing Strategist 52121	Houston, TX	https://www.linkedin.com/jobs/view/4457069191/	2026-08-26	2026-10-03	consulting,data_analysis,marketing	
All-Pro Auto Reconditioning	allprorecon.com	Detailing / reconditioning	Area Operations Manager 52779	Tallahassee, FL	https://www.linkedin.com/jobs/view/4455956351/	2026-08-23	2026-10-03	management,operations	
All-Pro Auto Reconditioning	allprorecon.com	Detailing / reconditioning	Automotive Lot Coordinator 52572	Houston, Texas, 77058, United States, Northern America, Americas	https://www.paycomonline.net/v4/ats/web.php/portal/4C334B753F560A2016857CBCDEE3741D/jobs/214115	2026-08-20	2026-10-04	operations,manual_work	
All-Pro Auto Reconditioning	allprorecon.com	Detailing / reconditioning	Paint Repair Tech 52461	Signal Hill, California, United States, Northern America, Americas	https://www.paycomonline.net/v4/ats/web.php/portal/4C334B753F560A2016857CBCDEE3741D/jobs/212086	2026-08-20	2026-09-03	manual_work	4000.0 - 6000.0 USD per month
All-Pro Auto Reconditioning	allprorecon.com	Detailing / reconditioning	Automotive Detail Technician 52496	Charleston, South Carolina, United States, Northern America, Americas	https://www.paycomonline.net/v4/ats/web.php/portal/4C334B753F560A2016857CBCDEE3741D/jobs/212937	2026-08-20	2026-09-12	manual_work	3000.0 - 5000.0 USD per month
All-Pro Auto Reconditioning	allprorecon.com	Detailing / reconditioning	Automotive Paint Repair Technician 52523	Idaho, United States, Northern America, Americas	https://www.paycomonline.net/v4/ats/web.php/portal/4C334B753F560A2016857CBCDEE3741D/jobs/213284	2026-08-20	2026-09-12	manual_work	5000.0 - 5000.0 USD per month
All-Pro Auto Reconditioning	allprorecon.com	Detailing / reconditioning	Automotive Window Tint Installer 52694	Matthews, NC	https://www.linkedin.com/jobs/view/4450515870/	2026-08-08	2026-09-02	manual_work	
All-Pro Auto Reconditioning	allprorecon.com	Detailing / reconditioning	Marketing Strategist 52121	Houston, Texas, United States, Northern America, Americas	https://www.paycomonline.net/v4/ats/web.php/portal/4C334B753F560A2016857CBCDEE3741D/jobs/204434	2026-07-30	2026-10-03	marketing	75000.0 - 88000.0 USD per year
All-Pro Auto Reconditioning	allprorecon.com	Detailing / reconditioning	Automotive Wash Bay Technician 51081	California, United States, Northern America, Americas	https://www.paycomonline.net/v4/ats/web.php/portal/4C334B753F560A2016857CBCDEE3741D/jobs/185206	2026-03-30	2026-10-02	manual_work	
All-Pro Auto Reconditioning	allprorecon.com	Detailing / reconditioning	Automotive Detail Technician 50676	California, United States, Northern America, Americas	https://www.paycomonline.net/v4/ats/web.php/portal/4C334B753F560A2016857CBCDEE3741D/jobs/177386	2026-02-19	2026-10-04	manual_work	$50.00 - $60.00 Commission
All-Pro Auto Reconditioning	allprorecon.com	Detailing / reconditioning	Automotive Transport Driver -50621	California, United States, Northern America, Americas	https://www.paycomonline.net/v4/ats/web.php/portal/4C334B753F560A2016857CBCDEE3741D/jobs/175975	2026-02-12	2026-10-03	manual_work	
All-Pro Auto Reconditioning	allprorecon.com	Detailing / reconditioning	Automotive Store Support 50328	California, United States, Northern America, Americas	https://www.paycomonline.net/v4/ats/web.php/portal/4C334B753F560A2016857CBCDEE3741D/jobs/170401	2025-11-19	2026-10-02	sales,support	Salary Range $13.00 - $17.00 Hourly
All-Pro Auto Reconditioning	allprorecon.com	Detailing / reconditioning	PPF Technician 50215	California, United States, Northern America, Americas	https://www.paycomonline.net/v4/ats/web.php/portal/4C334B753F560A2016857CBCDEE3741D/jobs/170091	2025-11-18	2026-10-03	manual_work	
All-Pro Auto Reconditioning	allprorecon.com	Detailing / reconditioning	Automotive Detail Technician 50297	California, United States, Northern America, Americas	https://www.paycomonline.net/v4/ats/web.php/portal/4C334B753F560A2016857CBCDEE3741D/jobs/169116	2025-11-14	2026-10-02	manual_work	Salary Range $15.00 - $20.00 Hourly
Ken Garff Automotive Group	kengarff.com	Dealer group	Contracts Processing Administrator	Salt Lake City, Utah, United States, Northern America, Americas	https://kengarff.wd1.myworkdayjobs.com/en-US/External_Site/job/Kornerstone-Administrative-Services---Salt-Lake-City-UT/Contracts-Processing-Administrator_R0043670	2026-10-03	2026-10-04	administration	Pay starts at $18.00/hour
Ken Garff Automotive Group	kengarff.com	Dealer group	Automotive Sales Lot Attendant	Cathedral City, California, United States, Northern America, Americas	https://kengarff.wd1.myworkdayjobs.com/en-US/External_Site/job/Honda-of-the-Desert---Cathedral-City-CA/Automotive-Sales-Lot-Attendant_R0043672	2026-10-03	2026-10-04	sales,manual_work	$18 Full Time
Ken Garff Automotive Group	kengarff.com	Dealer group	Automotive Parts Counter Associate	Culver City, California, United States, Northern America, Americas	https://kengarff.wd1.myworkdayjobs.com/en-US/External_Site/job/Culver-City-Toyota---Culver-City-CA/Automotive-Parts-Counter-Associate_R0043667	2026-10-03	2026-10-04	sales,manual_work	$16.50 + COMMISSION
Ken Garff Automotive Group	kengarff.com	Dealer group	HR Specialist	Ankeny, Iowa, United States, Northern America, Americas	https://kengarff.wd1.myworkdayjobs.com/en-US/External_Site/job/Dewey-Ford---Ankeny-IA/HR-Specialist_R0043671	2026-10-03	2026-10-04	administration,human_resources	
Ken Garff Automotive Group	kengarff.com	Dealer group	Automotive Sales Consultant - Texan Dodge	Dodge, Texas, United States, Northern America, Americas	https://kengarff.wd1.myworkdayjobs.com/en-US/External_Site/job/Texan-Chrysler-Dodge-Jeep-Ram---Humble-TX/Automotive-Sales-Consultant---Texan-Dodge_R0043666-1	2026-10-02	2026-10-04	sales	
Ken Garff Automotive Group	kengarff.com	Dealer group	Automotive Salesperson	Arizona, United States, Northern America, Americas	https://kengarff.wd1.myworkdayjobs.com/en-US/External_Site/job/Ken-Garff-Hyundai-Surprise---Surprise-AZ/Automotive-Salesperson_R0043664	2026-10-02	2026-10-04	sales	
Ken Garff Automotive Group	kengarff.com	Dealer group	Dealership General Manager	West Valley City, Utah, United States, Northern America, Americas	https://kengarff.wd1.myworkdayjobs.com/en-US/External_Site/job/Ken-Garff-West-Valley-Dodge---West-Valley-City-UT/Dealership-General-Manager_R0043662-1	2026-10-02	2026-10-04	management,operations,sales	
Ken Garff Automotive Group	kengarff.com	Dealer group	Automotive Product Specialist	Hilo, Hawaii, United States, Northern America, Americas	https://kengarff.wd1.myworkdayjobs.com/en-US/External_Site/job/Aloha-Kia-Hilo---Hilo-HI/Automotive-Product-Specialist_R0043661	2026-10-02	2026-10-04	sales	4000 - 9000 USD per month
Ken Garff Automotive Group	kengarff.com	Dealer group	Sales Receptionist	Salt Lake City, Utah, United States, Northern America, Americas	https://kengarff.wd1.myworkdayjobs.com/en-US/External_Site/job/Nate-Wade-Subaru---Salt-Lake-City-UT/Sales-Receptionist_R0043656	2026-10-02	2026-10-04	administration,support	
Ken Garff Automotive Group	kengarff.com	Dealer group	Automotive Sales Consultant	Oxnard, California, United States, Northern America, Americas	https://kengarff.wd1.myworkdayjobs.com/en-US/External_Site/job/Lexus-of-Oxnard---Oxnard-CA/Automotive-Sales-Consultant_R0043660	2026-10-02	2026-10-04	sales	42000 - 108000 USD per year
Ken Garff Automotive Group	kengarff.com	Dealer group	Automotive Ford Service Technician	Cheyenne, Wyoming, United States, Northern America, Americas	https://kengarff.wd1.myworkdayjobs.com/en-US/External_Site/job/Ken-Garff-Ford-Cheyenne---Cheyenne-WY/Automotive-Ford-Service-Technician_R0043653	2026-10-01	2026-10-04	manual_work	60000 - 100000 USD per year
Ken Garff Automotive Group	kengarff.com	Dealer group	Collision Parts Assistant	Ankeny, Iowa, United States, Northern America, Americas	https://kengarff.wd1.myworkdayjobs.com/en-US/External_Site/job/Dewey-Ford---Ankeny-IA/Collision-Parts-Assistant_R0043652	2026-10-01	2026-10-04	operations	
Ken Garff Automotive Group	kengarff.com	Dealer group	Completed Jobs Quality Control	Utah, United States, Northern America, Americas	https://kengarff.wd1.myworkdayjobs.com/en-US/External_Site/job/Blackridge-Fleet-Center---West-Valley-UT/Completed-Jobs-Quality-Control_R0043648	2026-09-30	2026-10-04	operations	
Ken Garff Automotive Group	kengarff.com	Dealer group	Outside Sales Account Manager	Sandy, Utah, United States, Northern America, Americas	https://kengarff.wd1.myworkdayjobs.com/en-US/External_Site/job/Vehicle-Lighting-Solutions---Sandy-UT/Outside-Sales-Account-Manager_R0043650	2026-09-30	2026-10-01	sales	
Ken Garff Automotive Group	kengarff.com	Dealer group	Quick Lube Technician	Clive, Iowa, United States, Northern America, Americas	https://kengarff.wd1.myworkdayjobs.com/en-US/External_Site/job/Stew-Hansen-Hyundai---Clive-IA/Quick-Lube-Technician_R0043646	2026-09-30	2026-10-04	manual_work	
Ken Garff Automotive Group	kengarff.com	Dealer group	Automotive Quick Lube Technician	Ankeny, Iowa, United States, Northern America, Americas	https://kengarff.wd1.myworkdayjobs.com/en-US/External_Site/job/Dewey-Ford---Ankeny-IA/Automotive-Quick-Lube-Technician_R0043647	2026-09-30	2026-10-04	manual_work	
Ken Garff Automotive Group	kengarff.com	Dealer group	Automotive Accounting Deal Clerk	Salt Lake City, Utah, United States, Northern America, Americas	https://kengarff.wd1.myworkdayjobs.com/en-US/External_Site/job/Ken-Garff-Volvo---Salt-Lake-City-UT/Deal-Clerk_R0043634	2026-09-30	2026-10-04	finance,administration	20 - 25 USD per hour
Ken Garff Automotive Group	kengarff.com	Dealer group	Parts Driver	American Fork, Utah, United States, Northern America, Americas	https://kengarff.wd1.myworkdayjobs.com/en-US/External_Site/job/Ken-Garff-American-Fork-Ford---American-Fork-UT/Parts-Driver_R0043643-1	2026-09-30	2026-10-04	operations	17 - 18 USD per hour
Ken Garff Automotive Group	kengarff.com	Dealer group	Automotive Sales BDC (Customer Support Rep) Big Star Honda	Houston, Texas, United States, Northern America, Americas	https://kengarff.wd1.myworkdayjobs.com/en-US/External_Site/job/Big-Star-Honda---Houston-TX/Automotive-Sales-BDC--Customer-Support-Rep--Big-Star-Honda_R0043641	2026-09-30	2026-10-04	sales,support	
Ken Garff Automotive Group	kengarff.com	Dealer group	Automotive Service Lot Attendant	Salt Lake City, Utah, United States, Northern America, Americas	https://kengarff.wd1.myworkdayjobs.com/en-US/External_Site/job/Ken-Garff-Mercedes-Benz---Salt-Lake-City-UT/Automotive-Service-Lot-Attendant_R0043635	2026-09-30	2026-10-04	operations	17 - 17 USD per hour
Ken Garff Automotive Group	kengarff.com	Dealer group	Automotive Quick Lube Technician	Waipahu, Hawaii, United States, Northern America, Americas	https://kengarff.wd1.myworkdayjobs.com/en-US/External_Site/job/Aloha-Kia-Leeward---Waipahu-HI/Automotive-Quick-Lube-Technician_R0043581	2026-09-30	2026-09-30	manual_work	18 - 18 USD per hour
Ken Garff Automotive Group	kengarff.com	Dealer group	Automotive Quick Lube Technician	St. George, Utah, United States, Northern America, Americas	https://kengarff.wd1.myworkdayjobs.com/en-US/External_Site/job/Ken-Garff-St-George-Ford---St-George-UT/Automotive-Quick-Lube-Technician_R0043638	2026-09-30	2026-10-04	manual_work	
Ken Garff Automotive Group	kengarff.com	Dealer group	Night Crew Automotive Service Technician	St. George, Utah, United States, Northern America, Americas	https://kengarff.wd1.myworkdayjobs.com/en-US/External_Site/job/Ken-Garff-St-George-Ford---St-George-UT/Night-Crew-Automotive-Service-Technician_R0043639?q=service+advisor	2026-09-29	2026-10-04	manual_work	
Ken Garff Automotive Group	kengarff.com	Dealer group	Automotive Service Technician	St. George, Utah, United States, Northern America, Americas	https://kengarff.wd1.myworkdayjobs.com/en-US/External_Site/job/Ken-Garff-St-George-Ford---St-George-UT/Automotive-Service-Technician_R0043637-1?q=service+advisor	2026-09-29	2026-10-04	manual_work	
Ken Garff Automotive Group	kengarff.com	Dealer group	Automotive Salesperson	Phoenix, Arizona, United States, Northern America, Americas	https://kengarff.wd1.myworkdayjobs.com/en-US/External_Site/job/Ken-Garff-Kia-Phoenix---Phoenix-AZ/Automotive-Salesperson_R0043636?q=service+advisor	2026-09-29	2026-10-04	sales	
Ken Garff Automotive Group	kengarff.com	Dealer group	Automotive Sales Consultant - Big Star Honda	Houston, Texas, United States, Northern America, Americas	https://kengarff.wd1.myworkdayjobs.com/en-US/External_Site/job/Big-Star-Honda---Houston-TX/Automotive-Sales-Consultant---Big-Star-Honda_R0043640?q=service+advisor	2026-09-29	2026-10-04	sales	
Ken Garff Automotive Group	kengarff.com	Dealer group	Porsche Technician - Ken Garff Porsche Lehi	Lehi, Utah, United States, Northern America, Americas	https://kengarff.wd1.myworkdayjobs.com/en-US/External_Site/job/Ken-Garff-Porsche-of-Lehi---Lehi-UT/Porsche-Technician---Ken-Garff-Porsche-Lehi_R0043633-2?q=lot+technician	2026-09-29	2026-10-04	manual_work	
Ken Garff Automotive Group	kengarff.com	Dealer group	Automotive Service Technician	Indianola, Iowa, United States, Northern America, Americas	https://kengarff.wd1.myworkdayjobs.com/en-US/External_Site/job/Stew-Hansen-Southtown-Chrysler-Dodge-Jeep-Ram---Indianola-IA/Automotive-Service-Technician_R0043629	2026-09-29	2026-10-04	manual_work	
Ken Garff Automotive Group	kengarff.com	Dealer group	Dealership Car Sales Advisor	Orem, Utah, United States, Northern America, Americas	https://kengarff.wd1.myworkdayjobs.com/en-US/External_Site/job/Ken-Garff-Nissan-of-Orem---Orem-UT/Automotive-Salesperson_R0043418	2026-09-29	2026-10-04	sales	
Ken Garff Automotive Group	kengarff.com	Dealer group	Automotive Technician-Night Shift	Urbandale, Iowa, United States, Northern America, Americas	https://kengarff.wd1.myworkdayjobs.com/en-US/External_Site/job/Stew-Hansen-Dodge-City---Urbandale-IA/Automotive-Technician-Night-Shift_R0043625?q=service+advisor	2026-09-29	2026-10-04	manual_work	
Ken Garff Automotive Group	kengarff.com	Dealer group	Quick Lube Technican	Gilbert, Arizona, United States, Northern America, Americas	https://kengarff.wd1.myworkdayjobs.com/en-US/External_Site/job/Ken-Garff-Volkswagen-Gilbert---Gilbert-AZ/Quick-Lube-Technican_R0043627-2	2026-09-29	2026-10-04	manual_work	
Ken Garff Automotive Group	kengarff.com	Dealer group	Automotive Warranty Administrator	Honolulu, Hawaii, United States, Northern America, Americas	https://kengarff.wd1.myworkdayjobs.com/en-US/External_Site/job/Aloha-Kia-Airport---Honolulu-HI/Automotive-Warranty-Administrator_R0043628	2026-09-29	2026-10-04	administration,operations	50000 - 80000 USD per year
Ken Garff Automotive Group	kengarff.com	Dealer group	Automotive Sales Porter	Baytown, Texas, United States, Northern America, Americas	https://kengarff.wd1.myworkdayjobs.com/en-US/External_Site/job/Big-Star-Buick-GMC---Baytown-TX/Sales-Porter_R0043399	2026-09-29	2026-10-04	operations	
Ken Garff Automotive Group	kengarff.com	Dealer group	Dealership Quick Lube Technician	Phoenix, Arizona, United States, Northern America, Americas	https://kengarff.wd1.myworkdayjobs.com/en-US/External_Site/job/Ken-Garff-Kia-Phoenix---Phoenix-AZ/Dealership-Quick-Lube-Technician_R0043610	2026-09-29	2026-10-04	manual_work	
Ken Garff Automotive Group	kengarff.com	Dealer group	Dealership Service Technician	Phoenix, Arizona, United States, Northern America, Americas	https://kengarff.wd1.myworkdayjobs.com/en-US/External_Site/job/Ken-Garff-Kia-Phoenix---Phoenix-AZ/Dealership-Service-Technician_R0043612?q=service+advisor	2026-09-28	2026-10-04	manual_work	
Ken Garff Automotive Group	kengarff.com	Dealer group	Automotive Technician	Urbandale, Iowa, United States, Northern America, Americas	https://kengarff.wd1.myworkdayjobs.com/en-US/External_Site/job/Stew-Hansen-Dodge-City---Urbandale-IA/Automotive-Technician_R0043624-2?q=service+advisor	2026-09-28	2026-10-04	manual_work	
Ken Garff Automotive Group	kengarff.com	Dealer group	Automotive Service Advisor	Phoenix, Arizona, United States, Northern America, Americas	https://kengarff.wd1.myworkdayjobs.com/en-US/External_Site/job/Ken-Garff-Kia-Phoenix---Phoenix-AZ/Automotive-Service-Advisor_R0043609?q=service+advisor	2026-09-28	2026-10-04	support,operations	
Ken Garff Automotive Group	kengarff.com	Dealer group	Automotive Deal Clerk	Ankeny, Iowa, United States, Northern America, Americas	https://kengarff.wd1.myworkdayjobs.com/en-US/External_Site/job/Dewey-Ford---Ankeny-IA/Automotive-Deal-Clerk_R0043622	2026-09-28	2026-10-04	finance,administration	
Ken Garff Automotive Group	kengarff.com	Dealer group	Automotive Quick Lube Technician	Ankeny, Iowa, United States, Northern America, Americas	https://kengarff.wd1.myworkdayjobs.com/en-US/External_Site/job/Dewey-Ford---Ankeny-IA/Automotive-Quick-Lube-Technician_R0043621	2026-09-28	2026-10-04	manual_work	
Ken Garff Automotive Group	kengarff.com	Dealer group	Customer Experience Consultant	Urbandale, Iowa, United States, Northern America, Americas	https://kengarff.wd1.myworkdayjobs.com/en-US/External_Site/job/Stew-Hansen-Dodge-City---Urbandale-IA/Customer-Experience-Consultant_R0043623	2026-09-28	2026-10-04	sales	
Ken Garff Automotive Group	kengarff.com	Dealer group	Dealership Sales Manager	American Fork, Utah, United States, Northern America, Americas	https://kengarff.wd1.myworkdayjobs.com/en-US/External_Site/job/Ken-Garff-American-Fork-Chevrolet---American-Fork-UT/Dealership-Sales-Manager_R0043620-2	2026-09-27	2026-10-04	sales,management	
Ken Garff Automotive Group	kengarff.com	Dealer group	Automotive Service Advisor	Cathedral City, California, United States, Northern America, Americas	https://kengarff.wd1.myworkdayjobs.com/en-US/External_Site/job/Honda-of-the-Desert---Cathedral-City-CA/Automotive-Service-Advisor_R0043614-1	2026-09-26	2026-10-04	support,operations	4000 - 8500 USD per month
Ken Garff Automotive Group	kengarff.com	Dealer group	Automotive Salesperson	St. George, Utah, United States, Northern America, Americas	https://kengarff.wd1.myworkdayjobs.com/en-US/External_Site/job/Ken-Garff-St-George-Ford---St-George-UT/Automotive-Salesperson_R0043615	2026-09-26	2026-10-04	sales	
Ken Garff Automotive Group	kengarff.com	Dealer group	Automotive Used Car Technician - Hyundai Downtown	Salt Lake City, Utah, United States, Northern America, Americas	https://kengarff.wd1.myworkdayjobs.com/en-US/External_Site/job/Ken-Garff-Hyundai-Downtown---Salt-Lake-City-UT/Automotive-Used-Car-Technician---Hyundai-Downtown_R0043619	2026-09-26	2026-10-04	manual_work	25 - 28 USD per hour
Ken Garff Automotive Group	kengarff.com	Dealer group	Service Advisor-Automotive	Clive, Iowa, United States, Northern America, Americas	https://kengarff.wd1.myworkdayjobs.com/en-US/External_Site/job/Stew-Hansen-Hyundai---Clive-IA/Service-Advisor-Automotive_R0043617-2	2026-09-26	2026-09-30	support,operations	
Ken Garff Automotive Group	kengarff.com	Dealer group	Service Lot Valet	Gilbert, Arizona, United States, Northern America, Americas	https://kengarff.wd1.myworkdayjobs.com/en-US/External_Site/job/Ken-Garff-Volkswagen-Gilbert---Gilbert-AZ/Service-Valet_R0043430	2026-09-26	2026-10-04	operations	
Ken Garff Automotive Group	kengarff.com	Dealer group	Quick Lube Technician	St. George, Utah, United States, Northern America, Americas	https://kengarff.wd1.myworkdayjobs.com/en-US/External_Site/job/Ken-Garff-St-George-Ford---St-George-UT/Quick-Lube-Technician_R0043448?q=lot+technician	2026-09-25	2026-09-29	manual_work	
Ken Garff Automotive Group	kengarff.com	Dealer group	Pickup and Delivery Team Member	Ankeny, Iowa, United States, Northern America, Americas	https://kengarff.wd1.myworkdayjobs.com/en-US/External_Site/job/Dewey-Ford---Ankeny-IA/Pickup-and-Delivery-Team-Member_R0043607	2026-09-25	2026-10-04	operations	
Ken Garff Automotive Group	kengarff.com	Dealer group	Automotive Deal Clerk	Urbandale, Iowa, United States, Northern America, Americas	https://kengarff.wd1.myworkdayjobs.com/en-US/External_Site/job/Stew-Hansen-Dodge-City---Urbandale-IA/Automotive-Deal-Clerk_R0043608	2026-09-25	2026-10-04	finance,administration	
Ken Garff Automotive Group	kengarff.com	Dealer group	Mainline Service Advisor	Ankeny, Iowa, United States, Northern America, Americas	https://kengarff.wd1.myworkdayjobs.com/en-US/External_Site/job/Dewey-Chrysler-Dodge-Jeep-Ram---Ankeny-IA/Mainline-Service-Advisor_R0043606	2026-09-25	2026-10-04	support	
Ken Garff Automotive Group	kengarff.com	Dealer group	Human Resource Manager	Orem, Utah, United States, Northern America, Americas	https://kengarff.wd1.myworkdayjobs.com/en-US/External_Site/job/Ken-Garff-Honda-of-Orem---Orem-UT/Human-Resources-Manager_R0043416	2026-09-25	2026-10-04	human_resources	
Ken Garff Automotive Group	kengarff.com	Dealer group	Automotive Service Lot Attendant/Valet	Signal Hill, California, United States, Northern America, Americas	https://kengarff.wd1.myworkdayjobs.com/en-US/External_Site/job/Long-Beach-Honda---Signal-Hill-CA/Automotive-Service-Lot-Attendant-Valet_R0043604	2026-09-25	2026-10-04	manual_work	21.0 - 21.0 USD per hour
Ken Garff Automotive Group	kengarff.com	Dealer group	Automotive Service Advisor	Orem, Utah, United States, Northern America, Americas	https://kengarff.wd1.myworkdayjobs.com/en-US/External_Site/job/Ken-Garff-Nissan-of-Orem---Orem-UT/Automotive-Service-Advisor_R0043602	2026-09-25	2026-10-04	support,operations	
Ken Garff Automotive Group	kengarff.com	Dealer group	Automotive Human Resource Manager	Salt Lake City, Utah, United States, Northern America, Americas	https://kengarff.wd1.myworkdayjobs.com/en-US/External_Site/job/Jaguar-Land-Rover-Downtown---Salt-Lake-City-UT/Human-Resource-Manager_R0043264	2026-09-25	2026-10-04	human_resources	
Ken Garff Automotive Group	kengarff.com	Dealer group	Automotive Service BDC Representative	Oxnard, California, United States, Northern America, Americas	https://kengarff.wd1.myworkdayjobs.com/en-US/External_Site/job/Lexus-of-Oxnard---Oxnard-CA/Automotive-Service-BDC-Representative_R0043601	2026-09-25	2026-10-04	support,sales	20 - 20 USD per hour
Ken Garff Automotive Group	kengarff.com	Dealer group	Automotive Service Technician/Mechanic	Signal Hill, California, United States, Northern America, Americas	https://kengarff.wd1.myworkdayjobs.com/en-US/External_Site/job/Long-Beach-Honda---Signal-Hill-CA/Automotive-Service-Technician-Mechanic_R0043595	2026-09-25	2026-10-04	manual_work	45000 - 120000 USD per year
Ken Garff Automotive Group	kengarff.com	Dealer group	Automotive Quick Lube Technician - Big Star Buick GMC	Baytown, Texas, United States, Northern America, Americas	https://kengarff.wd1.myworkdayjobs.com/en-US/External_Site/job/Big-Star-Buick-GMC---Baytown-TX/Automotive-Quick-Lube-Technician---Big-Star-Buick-GMC_R0043594	2026-09-25	2026-10-04	manual_work	
Ken Garff Automotive Group	kengarff.com	Dealer group	Automotive Sales Advisor/ Car Sales	West Valley City, Utah, United States, Northern America, Americas	https://kengarff.wd1.myworkdayjobs.com/en-US/External_Site/job/Ken-Garff-West-Valley-Ford---West-Valley-City-UT/Automotive-Sales-Advisor--Car-Sales_R0043596	2026-09-25	2026-10-04	sales	
Ken Garff Automotive Group	kengarff.com	Dealer group	Dealership Sales Associate	Avondale, Arizona, United States, Northern America, Americas	https://kengarff.wd1.myworkdayjobs.com/en-US/External_Site/job/Ken-Garff-Kia-Avondale---Avondale-AZ/Dealership-Sales-Associate_R0043598-1	2026-09-25	2026-10-04	sales	3500 - 9000 USD per month
Ken Garff Automotive Group	kengarff.com	Dealer group	Car Dealership Sales Advisor	American Fork, Utah, United States, Northern America, Americas	https://kengarff.wd1.myworkdayjobs.com/en-US/External_Site/job/Ken-Garff-American-Fork-Chevrolet---American-Fork-UT/Car-Dealership-Sales-Advisor_R0043592-2?q=service+advisor	2026-09-24	2026-09-28	sales	
Ken Garff Automotive Group	kengarff.com	Dealer group	Car Dealership Sales Advisor	American Fork, Utah, United States, Northern America, Americas	https://kengarff.wd1.myworkdayjobs.com/en-US/External_Site/job/Ken-Garff-American-Fork-Ford---American-Fork-UT/Car-Dealership-Sales-Advisor_R0043593?q=service+advisor	2026-09-24	2026-10-04	sales	
Ken Garff Automotive Group	kengarff.com	Dealer group	Automotive Shipping/Receiving Clerk	California, United States, Northern America, Americas	https://kengarff.wd1.myworkdayjobs.com/en-US/External_Site/job/Hamer-Toyota---Mission-Hills-CA/Automotive-Shipping-Receiving-Clerk_R0043587	2026-09-24	2026-10-04	operations	21.0 - 21.0 USD per hour
Ken Garff Automotive Group	kengarff.com	Dealer group	Automotive Car Sales Consultant	Gilbert, Arizona, United States, Northern America, Americas	https://kengarff.wd1.myworkdayjobs.com/en-US/External_Site/job/Ken-Garff-Volkswagen-Gilbert---Gilbert-AZ/Automotive-Car-Sales-Consultant_R0043590	2026-09-24	2026-10-01	sales	
Ken Garff Automotive Group	kengarff.com	Dealer group	Service Lot Tech	American Fork, Utah, United States, Northern America, Americas	https://kengarff.wd1.myworkdayjobs.com/en-US/External_Site/job/Ken-Garff-American-Fork-Chevrolet---American-Fork-UT/Service-Lot-Tech_R0043591	2026-09-24	2026-10-02	operations	16 - 17 USD per hour
Ken Garff Automotive Group	kengarff.com	Dealer group	Automotive Service Advisor	Culver City, California, United States, Northern America, Americas	https://kengarff.wd1.myworkdayjobs.com/en-US/External_Site/job/Culver-City-Honda---Culver-City-CA/Automotive-Service-Advisor_R0043589	2026-09-24	2026-10-04	support,sales	8000 - 13000 USD per month
Ken Garff Automotive Group	kengarff.com	Dealer group	Automotive Retail Sales Associate	Culver City, California, United States, Northern America, Americas	https://kengarff.wd1.myworkdayjobs.com/en-US/External_Site/job/Culver-City-Toyota---Culver-City-CA/Automotive-Retail-Sales-Associate_R0043586	2026-09-23	2026-10-04	sales	3500 - 8000 USD per month
Ken Garff Automotive Group	kengarff.com	Dealer group	Automotive Internet Sales Associate	Culver City, California, United States, Northern America, Americas	https://kengarff.wd1.myworkdayjobs.com/en-US/External_Site/job/Culver-City-Toyota---Culver-City-CA/Automotive-Internet-Sales-Associate_R0043585	2026-09-23	2026-10-04	sales	3500 - 8000 USD per month
Ken Garff Automotive Group	kengarff.com	Dealer group	Dealership Car Sales Consultant	Des Moines, Iowa, United States, Northern America, Americas	https://kengarff.wd1.myworkdayjobs.com/en-US/External_Site/job/Dewey-Auto-Outlet---Des-Moines-IA/Dealership-Car-Sales-Consultant_R0043582	2026-09-23	2026-10-04	sales	
Ken Garff Automotive Group	kengarff.com	Dealer group	Automotive Parts Delivery Driver	West Valley City, Utah, United States, Northern America, Americas	https://kengarff.wd1.myworkdayjobs.com/en-US/External_Site/job/Ken-Garff-West-Valley-Dodge---West-Valley-City-UT/Automotive-Parts-Delivery-Driver_R0043580	2026-09-22	2026-10-04	manual_work,operations	16 - 16 USD per hour
Ken Garff Automotive Group	kengarff.com	Dealer group	Inbound Team Lead - Ken Garff Listening Center	Draper, Utah, United States, Northern America, Americas	https://kengarff.wd1.myworkdayjobs.com/en-US/External_Site/job/Service-Call-Center---Draper-UT/Inbound-Team-Lead---Ken-Garff-Listening-Center_R0043579	2026-09-22	2026-10-04	support,management	20 - 20 USD per hour
Ken Garff Automotive Group	kengarff.com	Dealer group	Dealership Service Technician	Surprise, Arizona, United States, Northern America, Americas	https://kengarff.wd1.myworkdayjobs.com/en-US/External_Site/job/Ken-Garff-Hyundai-Surprise---Surprise-AZ/Dealership-Service-Technician_R0043578-2	2026-09-22	2026-10-04	manual_work	
Ken Garff Automotive Group	kengarff.com	Dealer group	General Manager	Fort Collins, Colorado, United States, Northern America, Americas	https://kengarff.wd1.myworkdayjobs.com/en-US/External_Site/job/Ken-Garff-Ford-Ft-Collins---Fort-Collins-CO/General-Manager_R0043574	2026-09-22	2026-09-22	management	120000 - 240000 USD per year
Ken Garff Automotive Group	kengarff.com	Dealer group	Automotive Parts Front Counter Person	Culver City, California, United States, Northern America, Americas	https://kengarff.wd1.myworkdayjobs.com/en-US/External_Site/job/Culver-City-Honda---Culver-City-CA/Automotive-Parts-Front-Counter-Person_R0043572	2026-09-22	2026-10-04	sales,operations	16.5 - 16.5 USD per hour
Ken Garff Automotive Group	kengarff.com	Dealer group	Automotive Salesperson	Phoenix, Arizona, United States, Northern America, Americas	https://kengarff.wd1.myworkdayjobs.com/en-US/External_Site/job/Ken-Garff-Kia-Phoenix---Phoenix-AZ/Automotive-Salesperson_R0043538	2026-09-22	2026-09-29	sales	
Ken Garff Automotive Group	kengarff.com	Dealer group	Sales Lot Tech	Ogden, Utah, United States, Northern America, Americas	https://kengarff.wd1.myworkdayjobs.com/en-US/External_Site/job/Ken-Garff-Honda-of-Riverdale---Ogden-UT/Sales-Lot-Tech_R0043417	2026-09-21	2026-09-29	operations	
Ken Garff Automotive Group	kengarff.com	Dealer group	Parts Driver	Ogden, Utah, United States, Northern America, Americas	https://kengarff.wd1.myworkdayjobs.com/en-US/External_Site/job/Ken-Garff-GMC-Buick-of-Riverdale---Ogden-UT/Parts-Driver_R0043567-2	2026-09-21	2026-10-04	operations	
Ken Garff Automotive Group	kengarff.com	Dealer group	Salesperson - Ken Garff Hyundai Southtowne	Sandy, Utah, United States, Northern America, Americas	https://kengarff.wd1.myworkdayjobs.com/en-US/External_Site/job/Ken-Garff-Hyundai-Southtowne---Sandy-UT/Salesperson---Ken-Garff-Hyundai-Southtowne_R0043569	2026-09-21	2026-10-01	sales	
Ken Garff Automotive Group	kengarff.com	Dealer group	Automotive Diesel Service Technician - Big Star Dodge	Webster, Texas, United States, Northern America, Americas	https://kengarff.wd1.myworkdayjobs.com/en-US/External_Site/job/Big-Star-Chrysler-Dodge-Jeep-Ram---Webster-TX/Automotive-Diesel-Service-Technician---Big-Star-Dodge_R0043564-2	2026-09-21	2026-10-04	manual_work	
Ken Garff Automotive Group	kengarff.com	Dealer group	Automotive Title/Licensing Clerk	California, United States, Northern America, Americas	https://kengarff.wd1.myworkdayjobs.com/en-US/External_Site/job/Hamer-Toyota---Mission-Hills-CA/Automotive-Title-Licensing-Clerk_R0043565	2026-09-21	2026-10-04	administration	22 - 26 USD per hour
Ken Garff Automotive Group	kengarff.com	Dealer group	Sr Human Resources Business Partner	Baytown, Texas, United States, Northern America, Americas	https://kengarff.wd1.myworkdayjobs.com/en-US/External_Site/job/Big-Star-Chrysler-Dodge-Jeep-Ram---Webster-TX/Sr-Human-Resources-Business-Partner_R0043371?q=corporate+office	2026-09-21	2026-10-04	human_resources	
Ken Garff Automotive Group	kengarff.com	Dealer group	Quick Lube Automotive Technician	Culver City, California, United States, Northern America, Americas	https://kengarff.wd1.myworkdayjobs.com/en-US/External_Site/job/Culver-City-Honda---Culver-City-CA/Quick-Lube-Automotive-Technician_R0043409?q=lot+technician	2026-09-20	2026-10-01	manual_work	21.0 - 21.0 USD per hour
Ken Garff Automotive Group	kengarff.com	Dealer group	Sales Consultant	Clive, Iowa, United States, Northern America, Americas	https://kengarff.wd1.myworkdayjobs.com/en-US/External_Site/job/Stew-Hansen-Hyundai---Clive-IA/Sales-Consultant_R0042985-2?q=service+advisor	2026-09-20	2026-09-22	marketing,sales	
Ken Garff Automotive Group	kengarff.com	Dealer group	Automotive Internet Car Sales Consultant	Signal Hill, California, United States, Northern America, Americas	https://kengarff.wd1.myworkdayjobs.com/en-US/External_Site/job/Long-Beach-Honda---Signal-Hill-CA/Automotive-Internet-Car-Sales-Consultant_R0043562-2	2026-09-20	2026-10-04	sales	3500 - 10000 USD per month
Ken Garff Automotive Group	kengarff.com	Dealer group	Automotive Service Advisor	Signal Hill, California, United States, Northern America, Americas	https://kengarff.wd1.myworkdayjobs.com/en-US/External_Site/job/Long-Beach-Honda---Signal-Hill-CA/Automotive-Service-Advisor_R0043563?q=service+advisor	2026-09-19	2026-10-04	support	38500 - 125000 USD per year
Ken Garff Automotive Group	kengarff.com	Dealer group	Service Lot Tech	Ogden, Utah, United States, Northern America, Americas	https://kengarff.wd1.myworkdayjobs.com/en-US/External_Site/job/Ken-Garff-Honda-of-Riverdale---Ogden-UT/Service-Lot-Tech_R0043557	2026-09-18	2026-09-24	operations	
Ken Garff Automotive Group	kengarff.com	Dealer group	Dealership Sales Manager	Avondale, Arizona, United States, Northern America, Americas	https://kengarff.wd1.myworkdayjobs.com/en-US/External_Site/job/Ken-Garff-Kia-Avondale---Avondale-AZ/Automotive-Sales-Manager_R0043146-2	2026-09-18	2026-10-04	sales,management	
Ken Garff Automotive Group	kengarff.com	Dealer group	Automotive Sales Consultant - Big Star Ford	Manvel, Texas, United States, Northern America, Americas	https://kengarff.wd1.myworkdayjobs.com/en-US/External_Site/job/Big-Star-Ford---Manvel-TX/Automotive-Sales-Consultant---Big-Star-Ford_R0043552	2026-09-18	2026-10-04	sales	
Ken Garff Automotive Group	kengarff.com	Dealer group	Sales Lot Tech	American Fork, Utah, United States, Northern America, Americas	https://kengarff.wd1.myworkdayjobs.com/en-US/External_Site/job/Ken-Garff-American-Fork-Chevrolet---American-Fork-UT/Sales-Lot-Tech_R0043559	2026-09-18	2026-10-04	operations	16 - 17 USD per hour
Ken Garff Automotive Group	kengarff.com	Dealer group	Automotive Service Technician	Clive, Iowa, United States, Northern America, Americas	https://kengarff.wd1.myworkdayjobs.com/en-US/External_Site/job/Stew-Hansen-GMC-Buick---Clive-IA/Automotive-Service-Technician_R0043553	2026-09-18	2026-10-04	manual_work	
Ken Garff Automotive Group	kengarff.com	Dealer group	Sales Lot Valet	Gilbert, Arizona, United States, Northern America, Americas	https://kengarff.wd1.myworkdayjobs.com/en-US/External_Site/job/Ken-Garff-Volkswagen-Gilbert---Gilbert-AZ/Sales-Lot-Attendant_R0043554	2026-09-18	2026-10-04	sales,manual_work	
Ken Garff Automotive Group	kengarff.com	Dealer group	Experienced Service Technician - Ken Garff Hyundai Southtowne	Sandy, Utah, United States, Northern America, Americas	https://kengarff.wd1.myworkdayjobs.com/en-US/External_Site/job/Ken-Garff-Hyundai-Southtowne---Sandy-UT/Experienced-Service-Technician---Ken-Garff-Hyundai-Southtowne_R0043303-1?q=lot+technician	2026-09-18	2026-10-03	manual_work	
Ken Garff Automotive Group	kengarff.com	Dealer group	Ford Sales Consultant	Cheyenne, Wyoming, United States, Northern America, Americas	https://kengarff.wd1.myworkdayjobs.com/en-US/External_Site/job/Ken-Garff-Ford-Cheyenne---Cheyenne-WY/Automotive-Car-Sales-Consultant_R0043294?q=service+advisor	2026-09-18	2026-10-04	sales	60000 - 100000 USD per year
Ken Garff Automotive Group	kengarff.com	Dealer group	Automotive Sales Consultant - Big Star Ford	Manvel, Texas, United States, Northern America, Americas	https://kengarff.wd1.myworkdayjobs.com/en-US/External_Site/job/Big-Star-Ford---Manvel-TX/Automotive-Sales-Consultant---Big-Star-Ford_R0043291?q=service+advisor	2026-09-18	2026-09-18	sales	
Ken Garff Automotive Group	kengarff.com	Dealer group	Sales Advisor Lexus of Lindon	Lindon, Utah, United States, Northern America, Americas	https://kengarff.wd1.myworkdayjobs.com/en-US/External_Site/job/Lexus-of-Lindon---Lindon-UT/Sales-Advisor-Lexus-of-Lindon_R0043293?q=service+advisor	2026-09-18	2026-10-04	sales	
Ken Garff Automotive Group	kengarff.com	Dealer group	Service Advisor Lexus of Murray	Murray, Utah, United States, Northern America, Americas	https://kengarff.wd1.myworkdayjobs.com/en-US/External_Site/job/Lexus-of-Murray---Murray-UT/Service-Advisor-Lexus-of-Murray_R0043290?q=service+advisor	2026-09-18	2026-09-29	support,sales	
Ken Garff Automotive Group	kengarff.com	Dealer group	Service Technician	Salt Lake City, Utah, United States, Northern America, Americas	https://kengarff.wd1.myworkdayjobs.com/en-US/External_Site/job/Ken-Garff-Mercedes-Benz---Salt-Lake-City-UT/Experienced-Mainline-Service-Technician_R0042219?q=service+advisor	2026-09-18	2026-10-04	manual_work	
Ken Garff Automotive Group	kengarff.com	Dealer group	Automotive Service Advisor	American Fork, Utah, United States, Northern America, Americas	https://kengarff.wd1.myworkdayjobs.com/en-US/External_Site/job/Ken-Garff-American-Fork-Ford---American-Fork-UT/Automotive-Service-Advisor_R0043550	2026-09-17	2026-09-18	support	
Ken Garff Automotive Group	kengarff.com	Dealer group	Automotive Sales Consultant	South Jordan, Utah, United States, Northern America, Americas	https://kengarff.wd1.myworkdayjobs.com/en-US/External_Site/job/Ken-Garff-Volkswagen-Southtowne---South-Jordan-UT/Automotive-Sales-Consultant_R0043529	2026-09-17	2026-09-25	sales	
Ken Garff Automotive Group	kengarff.com	Dealer group	Accounting Assistant	Clive, Iowa, United States, Northern America, Americas	https://kengarff.wd1.myworkdayjobs.com/en-US/External_Site/job/Dewey-Chrysler-Dodge-Jeep-Ram---Ankeny-IA/Accounting-Assistant_R0043544	2026-09-17	2026-10-04	finance,administration	
Ken Garff Automotive Group	kengarff.com	Dealer group	Dealership Parts Advisor	Surprise, Arizona, United States, Northern America, Americas	https://kengarff.wd1.myworkdayjobs.com/en-US/External_Site/job/Ken-Garff-Hyundai-Surprise---Surprise-AZ/Dealership-Parts-Advisor_R0043532	2026-09-17	2026-10-04	sales,operations	
Ken Garff Automotive Group	kengarff.com	Dealer group	Automotive Accounts Payable Clerk	Des Moines, Iowa, United States, Northern America, Americas	https://kengarff.wd1.myworkdayjobs.com/en-US/External_Site/job/Dewey-Auto-Outlet---Des-Moines-IA/Automotive-Accounts-Payable-Clerk_R0043534	2026-09-17	2026-10-04	finance	
Ken Garff Automotive Group	kengarff.com	Dealer group	Service Lot Attendant	Phoenix, Arizona, United States, Northern America, Americas	https://kengarff.wd1.myworkdayjobs.com/en-US/External_Site/job/Ken-Garff-Kia-Phoenix---Phoenix-AZ/Service-Lot-Porter_R0043548	2026-09-17	2026-10-04	support,manual_work	
Ken Garff Automotive Group	kengarff.com	Dealer group	Automotive Quick Lube Technician	Lihue, Hawaii, United States, Northern America, Americas	https://kengarff.wd1.myworkdayjobs.com/en-US/External_Site/job/Aloha-Kia-Kauai---Lihue-HI/Automotive-Quick-Lube-Technician_R0043541	2026-09-17	2026-10-04	manual_work	20 - 20 USD per hour
Ken Garff Automotive Group	kengarff.com	Dealer group	Automotive Quick Lube Technician	Waipahu, Hawaii, United States, Northern America, Americas	https://kengarff.wd1.myworkdayjobs.com/en-US/External_Site/job/Aloha-Kia-Leeward---Waipahu-HI/Automotive-Quick-Lube-Technician_R0043540	2026-09-17	2026-10-04	manual_work	18 - 18 USD per hour
Ken Garff Automotive Group	kengarff.com	Dealer group	Automotive Parts Driver - Honda SL	Salt Lake City, Utah, United States, Northern America, Americas	https://kengarff.wd1.myworkdayjobs.com/en-US/External_Site/job/Ken-Garff-Honda-Downtown---Salt-Lake-City-UT/Automotive-Parts-Driver---Honda-SL_R0043546	2026-09-17	2026-10-02	operations	17 - 17 USD per hour
Ken Garff Automotive Group	kengarff.com	Dealer group	Automotive Service Lot Tech	Waipahu, Hawaii, United States, Northern America, Americas	https://kengarff.wd1.myworkdayjobs.com/en-US/External_Site/job/Aloha-Kia-Leeward---Waipahu-HI/Automotive-Service-Lot-Tech_R0043542	2026-09-17	2026-09-29	manual_work	18 - 18 USD per hour
Ken Garff Automotive Group	kengarff.com	Dealer group	Parts Wholesale Associate	Ankeny, Iowa, United States, Northern America, Americas	https://kengarff.wd1.myworkdayjobs.com/en-US/External_Site/job/Dewey-Ford---Ankeny-IA/Parts-Wholesale-Associate_R0043545	2026-09-17	2026-10-01	sales,operations	
Ken Garff Automotive Group	kengarff.com	Dealer group	Automotive Quick Lube Technician	Cathedral City, California, United States, Northern America, Americas	https://kengarff.wd1.myworkdayjobs.com/en-US/External_Site/job/Honda-of-the-Desert---Cathedral-City-CA/Automotive-Quick-Lube-Technician_R0043531	2026-09-17	2026-09-30	manual_work	19 - 19 USD per hour
Ken Garff Automotive Group	kengarff.com	Dealer group	Experienced Service Technician - Ken Garff Audi Lehi	Lehi, Utah, United States, Northern America, Americas	https://kengarff.wd1.myworkdayjobs.com/en-US/External_Site/job/Ken-Garff-Audi-of-Lehi---Lehi-UT/Experienced-Service-Technician---Ken-Garff-Audi-Lehi_R0043180?q=lot+technician	2026-09-17	2026-10-04	manual_work	
Ken Garff Automotive Group	kengarff.com	Dealer group	Automotive Service Technician - Night Crew	St. George, Utah, United States, Northern America, Americas	https://kengarff.wd1.myworkdayjobs.com/en-US/External_Site/job/Ken-Garff-St-George-Ford---St-George-UT/Automotive-Service-Technician---Night-Crew_R0043449?q=lot+technician	2026-09-17	2026-09-29	manual_work	
Ken Garff Automotive Group	kengarff.com	Dealer group	Automotive Used Car Service Technician	South Jordan, Utah, United States, Northern America, Americas	https://kengarff.wd1.myworkdayjobs.com/en-US/External_Site/job/Ken-Garff-Volkswagen-Southtowne---South-Jordan-UT/Automotive-Used-Car-Service-Technician_R0043120?q=lot+technician	2026-09-17	2026-10-04	manual_work	
Ken Garff Automotive Group	kengarff.com	Dealer group	Automotive Mainline Service Technician	Cathedral City, California, United States, Northern America, Americas	https://kengarff.wd1.myworkdayjobs.com/en-US/External_Site/job/Honda-of-the-Desert---Cathedral-City-CA/Automotive-Mainline-Service-Technician_R0043366?q=lot+technician	2026-09-17	2026-09-23	manual_work	20 - 33 USD per hour
Ken Garff Automotive Group	kengarff.com	Dealer group	Sales Manager	Ogden, Utah, United States, Northern America, Americas	https://kengarff.wd1.myworkdayjobs.com/en-US/External_Site/job/Ken-Garff-Honda-of-Riverdale---Ogden-UT/Sales-Manager_R0043270-1?q=service+advisor	2026-09-17	2026-10-04	sales,management	
Ken Garff Automotive Group	kengarff.com	Dealer group	Dealership Service Advisor	Surprise, Arizona, United States, Northern America, Americas	https://kengarff.wd1.myworkdayjobs.com/en-US/External_Site/job/Ken-Garff-Hyundai-Surprise---Surprise-AZ/Dealership-Service-Advisor_R0043527?q=service+advisor	2026-09-17	2026-10-04	support,sales	
Ken Garff Automotive Group	kengarff.com	Dealer group	Service Technician	Fort Collins, Colorado, United States, Northern America, Americas	https://kengarff.wd1.myworkdayjobs.com/en-US/External_Site/job/Ken-Garff-Ford-Ft-Collins---Fort-Collins-CO/Service-Technician_R0043168-2?q=service+advisor	2026-09-17	2026-09-19	manual_work	60000 - 120000 USD per year
Ken Garff Automotive Group	kengarff.com	Dealer group	Mainline Service Advisor	Ankeny, Iowa, United States, Northern America, Americas	https://kengarff.wd1.myworkdayjobs.com/en-US/External_Site/job/Dewey-Chrysler-Dodge-Jeep-Ram---Ankeny-IA/Mainline-Service-Advisor_R0043524	2026-09-16	2026-09-25	support	
Ken Garff Automotive Group	kengarff.com	Dealer group	Installation Technician	Smithfield, Utah, United States, Northern America, Americas	https://kengarff.wd1.myworkdayjobs.com/en-US/External_Site/job/Vehicle-Lighting-Solutions---Smithfield-UT/Installation-Technician_R0043522	2026-09-16	2026-10-04	manual_work	
Ken Garff Automotive Group	kengarff.com	Dealer group	Dealership Title Clerk	Phoenix, Arizona, United States, Northern America, Americas	https://kengarff.wd1.myworkdayjobs.com/en-US/External_Site/job/Ken-Garff-Kia-Phoenix---Phoenix-AZ/Dealership-Title-Clerk_R0043523	2026-09-16	2026-09-29	administration	
Ken Garff Automotive Group	kengarff.com	Dealer group	Automotive Sales Manager	Kahului, Hawaii, United States, Northern America, Americas	https://kengarff.wd1.myworkdayjobs.com/en-US/External_Site/job/Aloha-Kia-Maui---Kahului-HI/Automotive-Sales-Manager_R0043356?q=service+advisor	2026-09-16	2026-09-22	sales,management	100000 - 135000 USD per year
Ken Garff Automotive Group	kengarff.com	Dealer group	Car Sales Consultant	Webster, Texas, United States, Northern America, Americas	https://kengarff.wd1.myworkdayjobs.com/en-US/External_Site/job/Big-Star-Chrysler-Dodge-Jeep-Ram---Webster-TX/Car-Sales-Consultant_R0043348?q=service+advisor	2026-09-16	2026-09-18	sales	
Ken Garff Automotive Group	kengarff.com	Dealer group	Dealership Car Sales Consultant	Phoenix, Arizona, United States, Northern America, Americas	https://kengarff.wd1.myworkdayjobs.com/en-US/External_Site/job/Ken-Garff-Kia-Phoenix---Phoenix-AZ/Dealership-Car-Sales-Consultant_R0043285?q=service+advisor	2026-09-16	2026-09-21	sales	
Ken Garff Automotive Group	kengarff.com	Dealer group	Automotive Service Advisor	Clive, Iowa, United States, Northern America, Americas	https://kengarff.wd1.myworkdayjobs.com/en-US/External_Site/job/Stew-Hansen-Hyundai---Clive-IA/Service-Advisor_R0043179-2?q=service+advisor	2026-09-16	2026-09-21	support,operations	
Ken Garff Automotive Group	kengarff.com	Dealer group	Automotive Parts Driver	St. George, Utah, United States, Northern America, Americas	https://kengarff.wd1.myworkdayjobs.com/en-US/External_Site/job/Ken-Garff-St-George-Ford---St-George-UT/Automotive-Parts-Driver_R0043518	2026-09-15	2026-10-04	operations	
Ken Garff Automotive Group	kengarff.com	Dealer group	Automotive Fixed Operations Director	Cheyenne, Wyoming, United States, Northern America, Americas	https://kengarff.wd1.myworkdayjobs.com/en-US/External_Site/job/Ken-Garff-Ford-Cheyenne---Cheyenne-WY/Automotive-Fixed-Operations-Director_R0043506	2026-09-15	2026-09-22	operations,management	240000 - 340000 USD per year
Ken Garff Automotive Group	kengarff.com	Dealer group	Automotive Sales Consultant	Friendswood, Texas, United States, Northern America, Americas	https://kengarff.wd1.myworkdayjobs.com/en-US/External_Site/job/Big-Star-Hyundai---Friendswood-TX/Automotive-Sales-Consultant_R0043507	2026-09-15	2026-09-23	sales	
Ken Garff Automotive Group	kengarff.com	Dealer group	Automotive Service Advisor	Avondale, Arizona, United States, Northern America, Americas	https://kengarff.wd1.myworkdayjobs.com/en-US/External_Site/job/Ken-Garff-Gateway-Chevrolet---Avondale-AZ/Automotive-Service-Advisor_R0043511	2026-09-15	2026-10-04	support,sales	
Ken Garff Automotive Group	kengarff.com	Dealer group	Automotive Payroll Representative	Honolulu, Hawaii, United States, Northern America, Americas	https://kengarff.wd1.myworkdayjobs.com/en-US/External_Site/job/Aloha-Kia-Airport---Honolulu-HI/Automotive-Payroll-Representative_R0043514-2	2026-09-15	2026-10-04	finance,administration	20.0 - 20.0 USD per hour
Ken Garff Automotive Group	kengarff.com	Dealer group	Salesperson	Ogden, Utah, United States, Northern America, Americas	https://kengarff.wd1.myworkdayjobs.com/en-US/External_Site/job/Ken-Garff-GMC-Buick-of-Riverdale---Ogden-UT/Salesperson_R0043513	2026-09-15	2026-10-04	sales	
Ken Garff Automotive Group	kengarff.com	Dealer group	IT Specialist	Salt Lake City, Utah, United States, Northern America, Americas	https://kengarff.wd1.myworkdayjobs.com/en-US/External_Site/job/Garff-Enterprises-Corporate-Office---Salt-Lake-City-UT/IT-Specialist_R0043512	2026-09-15	2026-09-16	information_technology,support	21 - 25 USD per hour
Ken Garff Automotive Group	kengarff.com	Dealer group	Part-Time Receptionist	Orem, Utah, United States, Northern America, Americas	https://kengarff.wd1.myworkdayjobs.com/en-US/External_Site/job/Ken-Garff-Honda-of-Orem---Orem-UT/Part-Time-Receptionist_R0043508-1	2026-09-15	2026-10-01	administration	
Ken Garff Automotive Group	kengarff.com	Dealer group	Accounting Inventory Clerk	American Fork, Utah, United States, Northern America, Americas	https://kengarff.wd1.myworkdayjobs.com/en-US/External_Site/job/Ken-Garff-American-Fork-Ford---American-Fork-UT/Accounting-Inventory-Clerk_R0043504	2026-09-15	2026-09-23	finance,administration	17 - 19 USD per hour
Ken Garff Automotive Group	kengarff.com	Dealer group	Dealership Car Sales Consultant	St. George, Utah, United States, Northern America, Americas	https://kengarff.wd1.myworkdayjobs.com/en-US/External_Site/job/Ken-Garff-St-George-Ford---St-George-UT/Dealership-Car-Sales-Consultant_R0043329-1?q=service+advisor	2026-09-15	2026-09-25	sales	
Ken Garff Automotive Group	kengarff.com	Dealer group	Automotive Sales Consultant	Orem, Utah, United States, Northern America, Americas	https://kengarff.wd1.myworkdayjobs.com/en-US/External_Site/job/Ken-Garff-Honda-of-Orem---Orem-UT/Automotive-Sales-Consultant_R0043271?q=service+advisor	2026-09-15	2026-10-04	sales	
Ken Garff Automotive Group	kengarff.com	Dealer group	Automotive Sales Consultant	Orem, Utah, United States, Northern America, Americas	https://kengarff.wd1.myworkdayjobs.com/en-US/External_Site/job/Ken-Garff-Volkswagen---Orem-UT/Automotive-Sales-Consultant_R0043269?q=service+advisor	2026-09-15	2026-09-29	sales	
Ken Garff Automotive Group	kengarff.com	Dealer group	Automotive Service Advisor	Long Beach, California, United States, Northern America, Americas	https://kengarff.wd1.myworkdayjobs.com/en-US/External_Site/job/West-Coast-Toyota---Long-Beach-CA/Automotive-Service-Advisor_R0043266?q=service+advisor	2026-09-15	2026-09-18	support,operations	32000 - 100000 USD per year
Ken Garff Automotive Group	kengarff.com	Dealer group	Parts Advisor	Surprise, Arizona, United States, Northern America, Americas	https://kengarff.wd1.myworkdayjobs.com/en-US/External_Site/job/Ken-Garff-Hyundai-Surprise---Surprise-AZ/Parts-Front-Counter_R0043272-2?q=service+advisor	2026-09-15	2026-09-17	sales,operations	
Ken Garff Automotive Group	kengarff.com	Dealer group	Automotive Service Advisor	Phoenix, Arizona, United States, Northern America, Americas	https://kengarff.wd1.myworkdayjobs.com/en-US/External_Site/job/Ken-Garff-Kia-Phoenix---Phoenix-AZ/Automotive-Service-Advisor_R0043328?q=service+advisor	2026-09-15	2026-09-25	support,operations	
Ken Garff Automotive Group	kengarff.com	Dealer group	Dealership Car Sales Consultant	Indianola, Iowa, United States, Northern America, Americas	https://kengarff.wd1.myworkdayjobs.com/en-US/External_Site/job/Stew-Hansen-Southtown-Chrysler-Dodge-Jeep-Ram---Indianola-IA/Dealership-Car-Sales-Consultant_R0043502	2026-09-14	2026-10-03	sales	
Ken Garff Automotive Group	kengarff.com	Dealer group	Automotive Service Technician	Greeley, Colorado, United States, Northern America, Americas	https://kengarff.wd1.myworkdayjobs.com/en-US/External_Site/job/Ken-Garff-Ford-Greeley---Greeley-CO/Automotive-Service-Technician_R0043500-1	2026-09-14	2026-10-04	manual_work	22.0 - 60.0 USD per hour
Ken Garff Automotive Group	kengarff.com	Dealer group	Sales Lot Attendant (Afternoon/Evening Shift)	American Fork, Utah, United States, Northern America, Americas	https://kengarff.wd1.myworkdayjobs.com/en-US/External_Site/job/Ken-Garff-American-Fork-Chevrolet---American-Fork-UT/Sales-Lot-Tech--Afternoon-Evening-Shift-_R0043218	2026-09-14	2026-09-30	operations	16 - 17 USD per hour
Ken Garff Automotive Group	kengarff.com	Dealer group	Automotive F&I Manager	Ankeny, Iowa, United States, Northern America, Americas	https://kengarff.wd1.myworkdayjobs.com/en-US/External_Site/job/Dewey-Ford---Ankeny-IA/Automotive-F-I-Manager_R0043501	2026-09-14	2026-09-22	finance,sales	
Ken Garff Automotive Group	kengarff.com	Dealer group	Quick Lube Technician Lexus of Murray	Murray, Utah, United States, Northern America, Americas	https://kengarff.wd1.myworkdayjobs.com/en-US/External_Site/job/Lexus-of-Murray---Murray-UT/Quick-Lube-Technician-Lexus-of-Murray_R0043496	2026-09-14	2026-10-04	manual_work	
Ken Garff Automotive Group	kengarff.com	Dealer group	Title Clerk	Clive, Iowa, United States, Northern America, Americas	https://kengarff.wd1.myworkdayjobs.com/en-US/External_Site/job/Stew-Hansen-Hyundai---Clive-IA/Title-Clerk_R0043494	2026-09-14	2026-10-03	administration	
Ken Garff Automotive Group	kengarff.com	Dealer group	Advanced Maintenance Technician	Cheyenne, Wyoming, United States, Northern America, Americas	https://kengarff.wd1.myworkdayjobs.com/en-US/External_Site/job/Ken-Garff-Ford-Cheyenne---Cheyenne-WY/Advanced-Maintenance-Technician_R0043499	2026-09-14	2026-09-30	manual_work	
Ken Garff Automotive Group	kengarff.com	Dealer group	Dealership Finance Manager	Greeley, CO	https://www.linkedin.com/jobs/view/4461507412/	2026-09-14	2026-09-22	finance,management	
Ken Garff Automotive Group	kengarff.com	Dealer group	HR Generalist - Employee Experience	Urbandale, IA	https://www.linkedin.com/jobs/view/4459012333/	2026-09-14	2026-10-03	human_resources	
Ken Garff Automotive Group	kengarff.com	Dealer group	Sales Porter	Baytown, TX	https://www.linkedin.com/jobs/view/4462087758/	2026-09-14	2026-10-03	manual_work	
Ken Garff Automotive Group	kengarff.com	Dealer group	Deal Clerk	Salt Lake City, UT	https://www.linkedin.com/jobs/view/4458531431/	2026-09-14	2026-10-03	administration,finance,manual_work	
Ken Garff Automotive Group	kengarff.com	Dealer group	CAR Team Director	Salt Lake City, Utah, United States, Northern America, Americas	https://kengarff.wd1.myworkdayjobs.com/en-US/External_Site/job/Garff-Enterprises-Corporate-Office---Salt-Lake-City-UT/CAR-Team-Director_R0043384?q=corporate+office	2026-09-14	2026-10-01	management,operations	
Ken Garff Automotive Group	kengarff.com	Dealer group	Quick Lube Technician - Ken Garff Hyundai Southtowne	Sandy, Utah, United States, Northern America, Americas	https://kengarff.wd1.myworkdayjobs.com/en-US/External_Site/job/Ken-Garff-Hyundai-Southtowne---Sandy-UT/Quick-Lube-Technician---Ken-Garff-Hyundai-Southtowne_R0043304?q=lot+technician	2026-09-14	2026-10-03	manual_work	
Ken Garff Automotive Group	kengarff.com	Dealer group	Quick Lube Automotive Technician	American Fork, Utah, United States, Northern America, Americas	https://kengarff.wd1.myworkdayjobs.com/en-US/External_Site/job/Ken-Garff-American-Fork-Chevrolet---American-Fork-UT/Quick-Lube-Automotive-Technician_R0043402?q=lot+technician	2026-09-14	2026-09-29	manual_work	17 - 17 USD per hour
Ken Garff Automotive Group	kengarff.com	Dealer group	Lexus of Lindon Service Technician	Lindon, Utah, United States, Northern America, Americas	https://kengarff.wd1.myworkdayjobs.com/en-US/External_Site/job/Lexus-of-Lindon---Lindon-UT/Lexus-of-Lindon-Service-Technician_R0043383?q=lot+technician	2026-09-14	2026-09-21	manual_work	
Ken Garff Automotive Group	kengarff.com	Dealer group	Automotive Service Technician - Texan Dodge	Humble, Texas, United States, Northern America, Americas	https://kengarff.wd1.myworkdayjobs.com/en-US/External_Site/job/Texan-Chrysler-Dodge-Jeep-Ram---Humble-TX/Automotive-Service-Technician---Texan-Dodge_R0043169?q=lot+technician	2026-09-14	2026-10-04	manual_work	
Ken Garff Automotive Group	kengarff.com	Dealer group	Automotive Service Technician	St. George, Utah, United States, Northern America, Americas	https://kengarff.wd1.myworkdayjobs.com/en-US/External_Site/job/Ken-Garff-St-George-Ford---St-George-UT/Automotive-Service-Technician_R0043327?q=lot+technician	2026-09-14	2026-09-29	manual_work	
Ken Garff Automotive Group	kengarff.com	Dealer group	Service Advisor	Orem, Utah, United States, Northern America, Americas	https://kengarff.wd1.myworkdayjobs.com/en-US/External_Site/job/Ken-Garff-Volkswagen---Orem-UT/Service-Advisor_R0043122?q=service+advisor	2026-09-14	2026-09-29	support,sales	
Ken Garff Automotive Group	kengarff.com	Dealer group	Automotive Service Technician	Humble, Texas, United States, Northern America, Americas	https://kengarff.wd1.myworkdayjobs.com/en-US/External_Site/job/Texans-GMC-Buick---Humble-TX/Automotive-Service-Technician_R0042238?q=service+advisor	2026-09-13	2026-09-25	manual_work	
Ken Garff Automotive Group	kengarff.com	Dealer group	Service Technician	Salt Lake City, Utah, United States, Northern America, Americas	https://kengarff.wd1.myworkdayjobs.com/en-US/External_Site/job/Jaguar-Land-Rover-Downtown---Salt-Lake-City-UT/Service-Technician_R0040071	2026-09-12	2026-10-03	manual_work	
Ken Garff Automotive Group	kengarff.com	Dealer group	Automotive Service Lot Tech	Waipahu, Hawaii, United States, Northern America, Americas	https://kengarff.wd1.myworkdayjobs.com/en-US/External_Site/job/Aloha-Kia-Leeward---Waipahu-HI/Automotive-Service-Lot-Tech_R0043492	2026-09-12	2026-09-17	operations	18 - 18 USD per hour
Ken Garff Automotive Group	kengarff.com	Dealer group	Automotive Mobile Service Technician (Mechanic)	American Fork, Utah, United States, Northern America, Americas	https://kengarff.wd1.myworkdayjobs.com/en-US/External_Site/job/Ken-Garff-American-Fork-Ford---American-Fork-UT/Automotive-Mobile-Service-Technician--Mechanic-_R0043491	2026-09-12	2026-10-04	manual_work	
Ken Garff Automotive Group	kengarff.com	Dealer group	Service Technician	Salt Lake City, Utah, United States, Northern America, Americas	https://kengarff.wd1.myworkdayjobs.com/en-US/External_Site/job/Ken-Garff-Nissan-of-Salt-Lake---Salt-Lake-City-UT/Service-Technician_R0043490	2026-09-11	2026-09-11	manual_work	
Ken Garff Automotive Group	kengarff.com	Dealer group	Experienced Service Technician - Ken Garff Land Rover Lehi	Lehi, Utah, United States, Northern America, Americas	https://kengarff.wd1.myworkdayjobs.com/en-US/External_Site/job/Jaguar-Land-Rover-Lehi--Lehi-UT/Experienced-Service-Technician---Ken-Garff-Land-Rover-Lehi_R0043489	2026-09-11	2026-10-04	manual_work	
Ken Garff Automotive Group	kengarff.com	Dealer group	Window Tint Technician	Sandy, Utah, United States, Northern America, Americas	https://kengarff.wd1.myworkdayjobs.com/en-US/External_Site/job/Vehicle-Lighting-Solutions---Sandy-UT/Window-Tint-Technician_R0043488	2026-09-11	2026-09-29	manual_work	
Ken Garff Automotive Group	kengarff.com	Dealer group	Automotive Service Technician	Clive, Iowa, United States, Northern America, Americas	https://kengarff.wd1.myworkdayjobs.com/en-US/External_Site/job/Stew-Hansen-Hyundai---Clive-IA/Automotive-Service-Technician_R0042591?q=service+advisor	2026-09-11	2026-10-04	manual_work	
Ken Garff Automotive Group	kengarff.com	Dealer group	Dealership Car Sales Consultant	Baytown, Texas, United States, Northern America, Americas	https://kengarff.wd1.myworkdayjobs.com/en-US/External_Site/job/Big-Star-Buick-GMC---Baytown-TX/Dealership-Car-Sales-Consultant_R0043483	2026-09-10	2026-10-04	sales	
Ken Garff Automotive Group	kengarff.com	Dealer group	Automotive Finance Manager	Cheyenne, Wyoming, United States, Northern America, Americas	https://kengarff.wd1.myworkdayjobs.com/en-US/External_Site/job/Ken-Garff-Toyota-Cheyenne---Cheyenne-WY/Automotive-Finance-Manager_R0043477-1	2026-09-10	2026-09-25	finance,sales	100000 - 200000 USD per year
Ken Garff Automotive Group	kengarff.com	Dealer group	Quick Lube Technician	Clive, Iowa, United States, Northern America, Americas	https://kengarff.wd1.myworkdayjobs.com/en-US/External_Site/job/Stew-Hansen-Hyundai---Clive-IA/Quick-Lube-Technician_R0043480	2026-09-10	2026-10-04	manual_work	
Ken Garff Automotive Group	kengarff.com	Dealer group	Automotive Sales Professional	Ankeny, Iowa, United States, Northern America, Americas	https://kengarff.wd1.myworkdayjobs.com/en-US/External_Site/job/Dewey-Ford---Ankeny-IA/Automotive-Sales-Professional_R0043482	2026-09-10	2026-09-15	sales	
Ken Garff Automotive Group	kengarff.com	Dealer group	Automotive Technician/ Mechanic	Avondale, Arizona, United States, Northern America, Americas	https://kengarff.wd1.myworkdayjobs.com/en-US/External_Site/job/Ken-Garff-Kia-Avondale---Avondale-AZ/Automotive-Technician--Mechanic_R0043479	2026-09-10	2026-10-04	manual_work	
Ken Garff Automotive Group	kengarff.com	Dealer group	Automotive Service Technician	Mesquite, Nevada, United States, Northern America, Americas	https://kengarff.wd1.myworkdayjobs.com/en-US/External_Site/job/Mesquite-Ford--Mesquite-NV/Automotive-Service-Technician_R0043478	2026-09-10	2026-10-04	manual_work	
Ken Garff Automotive Group	kengarff.com	Dealer group	Automotive Sales Fleet Assistant	St. George, Utah, United States, Northern America, Americas	https://kengarff.wd1.myworkdayjobs.com/en-US/External_Site/job/Ken-Garff-St-George-Ford---St-George-UT/Automotive-Sales-Fleet-Assistant_R0043481	2026-09-10	2026-10-03	administration,operations	
Ken Garff Automotive Group	kengarff.com	Dealer group	Automotive Sales Receptionist	Kahului, Hawaii, United States, Northern America, Americas	https://kengarff.wd1.myworkdayjobs.com/en-US/External_Site/job/Aloha-Kia-Maui---Kahului-HI/Automotive-Sales-Receptionist_R0043473	2026-09-10	2026-10-02	administration,support	20.0 - 20.0 USD per hour
Ken Garff Automotive Group	kengarff.com	Dealer group	Closing Automotive Detailer - Hyundai Downtown	Salt Lake City, Utah, United States, Northern America, Americas	https://kengarff.wd1.myworkdayjobs.com/en-US/External_Site/job/Ken-Garff-Hyundai-Downtown---Salt-Lake-City-UT/Closing-Automotive-Detailer---Hyundai-Downtown_R0043466	2026-09-09	2026-09-18	manual_work	17 - 20 USD per hour
Ken Garff Automotive Group	kengarff.com	Dealer group	Automotive Service Technician	Ankeny, Iowa, United States, Northern America, Americas	https://kengarff.wd1.myworkdayjobs.com/en-US/External_Site/job/Dewey-Chrysler-Dodge-Jeep-Ram---Ankeny-IA/Automotive-Service-Technician_R0043467	2026-09-09	2026-10-04	manual_work	
Ken Garff Automotive Group	kengarff.com	Dealer group	Automotive Service Technician	Indianola, Iowa, United States, Northern America, Americas	https://kengarff.wd1.myworkdayjobs.com/en-US/External_Site/job/Stew-Hansen-Southtown-Chrysler-Dodge-Jeep-Ram---Indianola-IA/Automotive-Service-Technician_R0043468	2026-09-09	2026-09-29	manual_work	
Ken Garff Automotive Group	kengarff.com	Dealer group	Inbound Team Lead - Ken Garff Listening Center	Draper, Utah, United States, Northern America, Americas	https://kengarff.wd1.myworkdayjobs.com/en-US/External_Site/job/Service-Call-Center---Draper-UT/Inbound-Team-Lead---Ken-Garff-Listening-Center_R0043458	2026-09-09	2026-09-22	support,management	20 - 20 USD per hour
Ken Garff Automotive Group	kengarff.com	Dealer group	Automotive Service Detailer	Ankeny, Iowa, United States, Northern America, Americas	https://kengarff.wd1.myworkdayjobs.com/en-US/External_Site/job/Dewey-Ford---Ankeny-IA/Automotive-Service-Detailer_R0043461-2	2026-09-09	2026-09-17	manual_work	
Ken Garff Automotive Group	kengarff.com	Dealer group	Automotive Sales Professional	Ankeny, Iowa, United States, Northern America, Americas	https://kengarff.wd1.myworkdayjobs.com/en-US/External_Site/job/Dewey-Chrysler-Dodge-Jeep-Ram---Ankeny-IA/Automotive-Sales-Professional_R0043462	2026-09-09	2026-10-04	sales	
Ken Garff Automotive Group	kengarff.com	Dealer group	F&I Manager - Ken Garff Land Rover Lehi	Lehi, Utah, United States, Northern America, Americas	https://kengarff.wd1.myworkdayjobs.com/en-US/External_Site/job/Jaguar-Land-Rover-Lehi--Lehi-UT/F-I-Manager---Ken-Garff-Land-Rover-Lehi_R0043457	2026-09-09	2026-10-03	finance,sales	
Ken Garff Automotive Group	kengarff.com	Dealer group	Automotive Service Lot Tech	Avondale, Arizona, United States, Northern America, Americas	https://kengarff.wd1.myworkdayjobs.com/en-US/External_Site/job/Ken-Garff-Gateway-Chevrolet---Avondale-AZ/Automotive-Service-Lot-Tech_R0043454	2026-09-09	2026-09-24	manual_work	
Ken Garff Automotive Group	kengarff.com	Dealer group	Automotive Product Specialist	Kailua, Hawaii, United States, Northern America, Americas	https://kengarff.wd1.myworkdayjobs.com/en-US/External_Site/job/Aloha-Kia-Kona---Kailua-Kona-HI/Automotive-Product-Specialist_R0043456	2026-09-09	2026-09-17	sales	30000 - 100000 USD per year
Ken Garff Automotive Group	kengarff.com	Dealer group	Automotive Retail Sales Associate	Camarillo, California, United States, Northern America, Americas	https://kengarff.wd1.myworkdayjobs.com/en-US/External_Site/job/BMW-of-Camarillo---Camarillo-CA/Automotive-Retail-Sales-Associate_R0043455?q=service+advisor	2026-09-09	2026-09-18	sales	3500 - 8000 USD per month
Ken Garff Automotive Group	kengarff.com	Dealer group	Quick Lube Technician	West Valley City, Utah, United States, Northern America, Americas	https://kengarff.wd1.myworkdayjobs.com/en-US/External_Site/job/Ken-Garff-West-Valley-Dodge---West-Valley-City-UT/Quick-Lube-Technician_R0043453	2026-09-08	2026-09-14	manual_work	17 - 17 USD per hour
Ken Garff Automotive Group	kengarff.com	Dealer group	Automotive Sales Lot Attendant/Valet	Honolulu, Hawaii, United States, Northern America, Americas	https://kengarff.wd1.myworkdayjobs.com/en-US/External_Site/job/Aloha-Kia-Airport---Honolulu-HI/Automotive-Sales-Lot-Attendant-Valet_R0043444?_gl=1*f837j7*_ga*MTI4OTgyMTU1OC4xNjkwNDMzNTk2*_ga_6WFQCMKVF5*MTY5NDQ5OTk1Mi4yNS4xLjE2OTQ1MDA1NzkuNjAuMC4w	2026-09-05	2026-09-11	operations	18 - 18 USD per hour
Ken Garff Automotive Group	kengarff.com	Dealer group	Automotive Internet Sales Advisor	Gilbert, Arizona, United States, Northern America, Americas	https://kengarff.wd1.myworkdayjobs.com/en-US/External_Site/job/Ken-Garff-Volkswagen-Gilbert---Gilbert-AZ/Automotive-Internet-Sales-Advisor_R0043447?q=service+advisor	2026-09-05	2026-09-24	sales	
Ken Garff Automotive Group	kengarff.com	Dealer group	Automotive Sales Manager	Avondale, Arizona, United States, Northern America, Americas	https://kengarff.wd1.myworkdayjobs.com/en-US/External_Site/job/Ken-Garff-Gateway-Chevrolet---Avondale-AZ/Automotive-Sales-Manager_R0043442	2026-09-04	2026-10-04	sales,management	
Ken Garff Automotive Group	kengarff.com	Dealer group	Sales Lot Tech	Salt Lake City, Utah, United States, Northern America, Americas	https://kengarff.wd1.myworkdayjobs.com/en-US/External_Site/job/Ken-Garff-Nissan-of-Salt-Lake---Salt-Lake-City-UT/Sales-Lot-Tech_R0043431-1?_gl=1*f837j7*_ga*MTI4OTgyMTU1OC4xNjkwNDMzNTk2*_ga_6WFQCMKVF5*MTY5NDQ5OTk1Mi4yNS4xLjE2OTQ1MDA1NzkuNjAuMC4w	2026-09-04	2026-09-10	operations	
Ken Garff Automotive Group	kengarff.com	Dealer group	Sales Lot Tech	Salt Lake City, Utah, United States, Northern America, Americas	https://kengarff.wd1.myworkdayjobs.com/en-US/External_Site/job/Nate-Wade-Subaru---Salt-Lake-City-UT/Sales-Lot-Tech_R0043433?_gl=1*f837j7*_ga*MTI4OTgyMTU1OC4xNjkwNDMzNTk2*_ga_6WFQCMKVF5*MTY5NDQ5OTk1Mi4yNS4xLjE2OTQ1MDA1NzkuNjAuMC4w	2026-09-04	2026-09-08	operations	
Ken Garff Automotive Group	kengarff.com	Dealer group	Lot Technician	Orem, Utah, United States, Northern America, Americas	https://kengarff.wd1.myworkdayjobs.com/en-US/External_Site/job/Ken-Garff-Nissan-of-Orem---Orem-UT/Lot-Technician_R0043419?_gl=1*f837j7*_ga*MTI4OTgyMTU1OC4xNjkwNDMzNTk2*_ga_6WFQCMKVF5*MTY5NDQ5OTk1Mi4yNS4xLjE2OTQ1MDA1NzkuNjAuMC4w	2026-09-04	2026-09-14	manual_work	
Ken Garff Automotive Group	kengarff.com	Dealer group	Automotive Salesperson	Orem, Utah, United States, Northern America, Americas	https://kengarff.wd1.myworkdayjobs.com/en-US/External_Site/job/Ken-Garff-Nissan-of-Orem---Orem-UT/Automotive-Salesperson_R0043418?q=service+advisor	2026-09-04	2026-09-29	sales	
Ken Garff Automotive Group	kengarff.com	Dealer group	Automotive Service Advisor	Honolulu, Hawaii, United States, Northern America, Americas	https://kengarff.wd1.myworkdayjobs.com/en-US/External_Site/job/Aloha-Kia-Airport---Honolulu-HI/Automotive-Service-Advisor_R0043437-2?q=service+advisor	2026-09-04	2026-09-09	support,operations	60000 - 100000 USD per year
Ken Garff Automotive Group	kengarff.com	Dealer group	Automotive Inventory Clerk	Avondale, Arizona, United States, Northern America, Americas	https://kengarff.wd1.myworkdayjobs.com/en-US/External_Site/job/Ken-Garff-Kia-Avondale---Avondale-AZ/Automotive-Inventory-Clerk_R0043428-1	2026-09-03	2026-09-22	administration	22 - 22 USD per hour
Ken Garff Automotive Group	kengarff.com	Dealer group	Asset Recovery Specialist	West Valley City, Utah, United States, Northern America, Americas	https://kengarff.wd1.myworkdayjobs.com/en-US/External_Site/job/Arivo-Acceptance-LLC---West-Valley-City-UT/Asset-Recovery-Specialist_R0043425	2026-09-03	2026-10-01	operations	
Ken Garff Automotive Group	kengarff.com	Dealer group	Automotive Sales Consultant/ Car Sales	West Valley City, Utah, United States, Northern America, Americas	https://kengarff.wd1.myworkdayjobs.com/en-US/External_Site/job/Ken-Garff-West-Valley-Ford---West-Valley-City-UT/Automotive-Salesperson_R0043426	2026-09-03	2026-10-04	sales	
Ken Garff Automotive Group	kengarff.com	Dealer group	Regional Assistant Manager - IT Service Delivery	Salt Lake City, Utah, United States, Northern America, Americas	https://kengarff.wd1.myworkdayjobs.com/en-US/External_Site/job/Garff-Enterprises-Corporate-Office---Salt-Lake-City-UT/Regional-Assistant-Manager---IT-Service-Delivery_R0043421?_gl=1*f837j7*_ga*MTI4OTgyMTU1OC4xNjkwNDMzNTk2*_ga_6WFQCMKVF5*MTY5NDQ5OTk1Mi4yNS4xLjE2OTQ1MDA1NzkuNjAuMC4w	2026-09-03	2026-09-09	information_technology,management	
Ken Garff Automotive Group	kengarff.com	Dealer group	Automotive Service Technician	Orem, Utah, United States, Northern America, Americas	https://kengarff.wd1.myworkdayjobs.com/en-US/External_Site/job/Ken-Garff-Volkswagen---Orem-UT/Automotive-Service-Technician_R0043380-1?q=service+advisor	2026-09-03	2026-10-01	manual_work	
Ken Garff Automotive Group	kengarff.com	Dealer group	Automotive Service Technician	Oxnard, California, United States, Northern America, Americas	https://kengarff.wd1.myworkdayjobs.com/en-US/External_Site/job/Lexus-of-Oxnard---Oxnard-CA/Automotive-Service-Technician_R0043415?q=service+advisor	2026-09-03	2026-09-17	manual_work	20 - 34 USD per hour
Ken Garff Automotive Group	kengarff.com	Dealer group	Sales Manager	Salt Lake City, Utah, United States, Northern America, Americas	https://kengarff.wd1.myworkdayjobs.com/en-US/External_Site/job/Ken-Garff-Mercedes-Benz---Salt-Lake-City-UT/Sales-Manager_R0043262-1?q=service+advisor	2026-09-03	2026-09-29	sales,management	
Ken Garff Automotive Group	kengarff.com	Dealer group	Automotive Car Sales Consultant	South Jordan, Utah, United States, Northern America, Americas	https://kengarff.wd1.myworkdayjobs.com/en-US/External_Site/job/Ken-Garff-Volkswagen-Southtowne---South-Jordan-UT/Automotive-Car-Sales-Consultant_R0043413-2?q=service+advisor	2026-09-03	2026-09-08	sales	
Ken Garff Automotive Group	kengarff.com	Dealer group	Automotive Service Technician	Phoenix, Arizona, United States, Northern America, Americas	https://kengarff.wd1.myworkdayjobs.com/en-US/External_Site/job/Ken-Garff-Kia-Phoenix---Phoenix-AZ/Automotive-Service-Technician_R0043183	2026-09-02	2026-09-25	manual_work	
Ken Garff Automotive Group	kengarff.com	Dealer group	Quick Lube Technician	West Valley City, Utah, United States, Northern America, Americas	https://kengarff.wd1.myworkdayjobs.com/en-US/External_Site/job/Ken-Garff-West-Valley-Dodge---West-Valley-City-UT/Quick-Lube-Technician_R0043405	2026-09-02	2026-09-21	manual_work	17 - 17 USD per hour
Ken Garff Automotive Group	kengarff.com	Dealer group	Automotive Sales Consultant - Texan GMC	Humble, Texas, United States, Northern America, Americas	https://kengarff.wd1.myworkdayjobs.com/en-US/External_Site/job/Texans-GMC-Buick---Humble-TX/Automotive-Sales-Consultant---Texan-GMC_R0043404	2026-09-02	2026-10-04	sales	
Ken Garff Automotive Group	kengarff.com	Dealer group	Receptionist - Ken Garff Land Rover Lehi	Lehi, Utah, United States, Northern America, Americas	https://kengarff.wd1.myworkdayjobs.com/en-US/External_Site/job/Jaguar-Land-Rover-Lehi--Lehi-UT/Receptionist---Ken-Garff-Land-Rover-Lehi_R0043403?_gl=1*f837j7*_ga*MTI4OTgyMTU1OC4xNjkwNDMzNTk2*_ga_6WFQCMKVF5*MTY5NDQ5OTk1Mi4yNS4xLjE2OTQ1MDA1NzkuNjAuMC4w	2026-09-02	2026-09-08	administration	
Ken Garff Automotive Group	kengarff.com	Dealer group	Sales Porter	Baytown, Texas, United States, Northern America, Americas	https://kengarff.wd1.myworkdayjobs.com/en-US/External_Site/job/Big-Star-Buick-GMC---Baytown-TX/Sales-Porter_R0043399?_gl=1*f837j7*_ga*MTI4OTgyMTU1OC4xNjkwNDMzNTk2*_ga_6WFQCMKVF5*MTY5NDQ5OTk1Mi4yNS4xLjE2OTQ1MDA1NzkuNjAuMC4w	2026-09-02	2026-09-08	operations	
Ken Garff Automotive Group	kengarff.com	Dealer group	Dealership Car Sales Consultant	Avondale, Arizona, United States, Northern America, Americas	https://kengarff.wd1.myworkdayjobs.com/en-US/External_Site/job/Ken-Garff-Gateway-Chevrolet---Avondale-AZ/Dealership-Car-Sales-Consultant_R0043398-1?q=service+advisor	2026-09-02	2026-10-02	sales	
Ken Garff Automotive Group	kengarff.com	Dealer group	Automotive Used Car Sales Manager - Texan Dodge	Humble, Texas, United States, Northern America, Americas	https://kengarff.wd1.myworkdayjobs.com/en-US/External_Site/job/Texan-Chrysler-Dodge-Jeep-Ram---Humble-TX/Automotive-Used-Car-Sales-Manager---Texan-Dodge_R0043397-2?q=service+advisor	2026-09-02	2026-10-04	sales,management	
Ken Garff Automotive Group	kengarff.com	Dealer group	Car Sales Consultant	Clive, Iowa, United States, Northern America, Americas	https://kengarff.wd1.myworkdayjobs.com/en-US/External_Site/job/Stew-Hansen-GMC-Buick---Clive-IA/Car-Sales-Consultant_R0043394?q=service+advisor	2026-09-02	2026-10-04	sales	
Ken Garff Automotive Group	kengarff.com	Dealer group	Automotive Sales Associate	Cathedral City, California, United States, Northern America, Americas	https://kengarff.wd1.myworkdayjobs.com/en-US/External_Site/job/Toyota-of-the-Desert---Cathedral-City-CA/Automotive-Sales-Associate_R0043386	2026-09-01	2026-10-04	sales	3500 - 9000 USD per month
Ken Garff Automotive Group	kengarff.com	Dealer group	Automotive Finance Manager	Cathedral City, California, United States, Northern America, Americas	https://kengarff.wd1.myworkdayjobs.com/en-US/External_Site/job/Honda-of-the-Desert---Cathedral-City-CA/Automotive-Finance-Manager_R0043391-2	2026-09-01	2026-10-03	finance,sales	120000 - 160000 USD per year
Ken Garff Automotive Group	kengarff.com	Dealer group	Automotive Sales Associate	Cathedral City, California, United States, Northern America, Americas	https://kengarff.wd1.myworkdayjobs.com/en-US/External_Site/job/Honda-of-the-Desert---Cathedral-City-CA/Automotive-Sales-Associate_R0043387	2026-09-01	2026-10-03	sales	3500 - 9000 USD per month
Ken Garff Automotive Group	kengarff.com	Dealer group	Receptionist - Ken Garff Hyundai Southtowne	Sandy, Utah, United States, Northern America, Americas	https://kengarff.wd1.myworkdayjobs.com/en-US/External_Site/job/Ken-Garff-Hyundai-Southtowne---Sandy-UT/Receptionist---Ken-Garff-Hyundai-Southtowne_R0043378?_gl=1*f837j7*_ga*MTI4OTgyMTU1OC4xNjkwNDMzNTk2*_ga_6WFQCMKVF5*MTY5NDQ5OTk1Mi4yNS4xLjE2OTQ1MDA1NzkuNjAuMC4w	2026-09-01	2026-09-03	administration	
Ken Garff Automotive Group	kengarff.com	Dealer group	Sales Lot Technician - Ken Garff Audi Lehi	Lehi, Utah, United States, Northern America, Americas	https://kengarff.wd1.myworkdayjobs.com/en-US/External_Site/job/Ken-Garff-Audi-of-Lehi---Lehi-UT/Sales-Lot-Technician---Ken-Garff-Audi-Lehi_R0043381?_gl=1*f837j7*_ga*MTI4OTgyMTU1OC4xNjkwNDMzNTk2*_ga_6WFQCMKVF5*MTY5NDQ5OTk1Mi4yNS4xLjE2OTQ1MDA1NzkuNjAuMC4w	2026-09-01	2026-09-08	manual_work	
Ken Garff Automotive Group	kengarff.com	Dealer group	Automotive Service Rental Coordinator	California, United States, Northern America, Americas	https://kengarff.wd1.myworkdayjobs.com/en-US/External_Site/job/Hamer-Toyota---Mission-Hills-CA/Automotive-Service-Rental-Coordinator_R0043374?_gl=1*f837j7*_ga*MTI4OTgyMTU1OC4xNjkwNDMzNTk2*_ga_6WFQCMKVF5*MTY5NDQ5OTk1Mi4yNS4xLjE2OTQ1MDA1NzkuNjAuMC4w	2026-09-01	2026-09-01	operations,support	24 - 28 USD per hour
Ken Garff Automotive Group	kengarff.com	Dealer group	Salesperson - Ken Garff Hyundai Southtowne	Sandy, Utah, United States, Northern America, Americas	https://kengarff.wd1.myworkdayjobs.com/en-US/External_Site/job/Ken-Garff-Hyundai-Southtowne---Sandy-UT/Salesperson---Ken-Garff-Hyundai-Southtowne_R0043372?q=service+advisor	2026-09-01	2026-10-04	sales	
Ken Garff Automotive Group	kengarff.com	Dealer group	Service Advisor	Ogden, Utah, United States, Northern America, Americas	https://kengarff.wd1.myworkdayjobs.com/en-US/External_Site/job/Ken-Garff-GMC-Buick-of-Riverdale---Ogden-UT/Service-Advisor_R0043373?q=service+advisor	2026-09-01	2026-09-14	support	
Ken Garff Automotive Group	kengarff.com	Dealer group	Automotive Service Technician	Camarillo, California, United States, Northern America, Americas	https://kengarff.wd1.myworkdayjobs.com/en-US/External_Site/job/BMW-of-Camarillo---Camarillo-CA/Automotive-Service-Technician_R0043370-2?q=service+advisor	2026-08-29	2026-10-04	manual_work	22 - 67 USD per hour
Ken Garff Automotive Group	kengarff.com	Dealer group	Dealership Car Sales Consultant	Long Beach, California, United States, Northern America, Americas	https://kengarff.wd1.myworkdayjobs.com/en-US/External_Site/job/West-Coast-Toyota---Long-Beach-CA/Dealership-Car-Sales-Consultant_R0043367	2026-08-28	2026-10-04	sales	42000 - 120000 USD per year
Ken Garff Automotive Group	kengarff.com	Dealer group	Remote Inbound Customer Service Representative	Draper, Utah, United States, Northern America, Americas	https://kengarff.wd1.myworkdayjobs.com/en-US/External_Site/job/Service-Call-Center---Draper-UT/Remote-Inbound-Customer-Service-Representative_R0043340?_gl=1*f837j7*_ga*MTI4OTgyMTU1OC4xNjkwNDMzNTk2*_ga_6WFQCMKVF5*MTY5NDQ5OTk1Mi4yNS4xLjE2OTQ1MDA1NzkuNjAuMC4w	2026-08-28	2026-09-07	support	16.0 - 16.25 USD per hour
Ken Garff Automotive Group	kengarff.com	Dealer group	Automotive Quick Lube Technician	Cathedral City, California, United States, Northern America, Americas	https://kengarff.wd1.myworkdayjobs.com/en-US/External_Site/job/Honda-of-the-Desert---Cathedral-City-CA/Automotive-Quick-Lube-Technician_R0043365?_gl=1*f837j7*_ga*MTI4OTgyMTU1OC4xNjkwNDMzNTk2*_ga_6WFQCMKVF5*MTY5NDQ5OTk1Mi4yNS4xLjE2OTQ1MDA1NzkuNjAuMC4w	2026-08-28	2026-09-11	manual_work	
Ken Garff Automotive Group	kengarff.com	Dealer group	Sales Lot Attendant/ Porter	Phoenix, Arizona, United States, Northern America, Americas	https://kengarff.wd1.myworkdayjobs.com/en-US/External_Site/job/Ken-Garff-Kia-Phoenix---Phoenix-AZ/Sales-Lot-Attendant--Porter_R0043364?_gl=1*f837j7*_ga*MTI4OTgyMTU1OC4xNjkwNDMzNTk2*_ga_6WFQCMKVF5*MTY5NDQ5OTk1Mi4yNS4xLjE2OTQ1MDA1NzkuNjAuMC4w	2026-08-28	2026-09-07	manual_work	
Ken Garff Automotive Group	kengarff.com	Dealer group	Automotive Service Advisor	Gilbert, Arizona, United States, Northern America, Americas	https://kengarff.wd1.myworkdayjobs.com/en-US/External_Site/job/Ken-Garff-Volkswagen-Gilbert---Gilbert-AZ/Automotive-Service-Advisor_R0043358-2?q=service+advisor	2026-08-28	2026-10-04	support,sales	
Ken Garff Automotive Group	kengarff.com	Dealer group	Dealership Car Sales Consultant	Indianola, Iowa, United States, Northern America, Americas	https://kengarff.wd1.myworkdayjobs.com/en-US/External_Site/job/Stew-Hansen-Southtown-Chrysler-Dodge-Jeep-Ram---Indianola-IA/Dealership-Car-Sales-Consultant_R0043345?_gl=1*f837j7*_ga*MTI4OTgyMTU1OC4xNjkwNDMzNTk2*_ga_6WFQCMKVF5*MTY5NDQ5OTk1Mi4yNS4xLjE2OTQ1MDA1NzkuNjAuMC4w	2026-08-27	2026-09-10	sales	
Ken Garff Automotive Group	kengarff.com	Dealer group	Sales Lot Tech/ Valet	West Valley City, Utah, United States, Northern America, Americas	https://kengarff.wd1.myworkdayjobs.com/en-US/External_Site/job/Ken-Garff-West-Valley-Ford---West-Valley-City-UT/Sales-Lot-Tech--Valet_R0043343?_gl=1*f837j7*_ga*MTI4OTgyMTU1OC4xNjkwNDMzNTk2*_ga_6WFQCMKVF5*MTY5NDQ5OTk1Mi4yNS4xLjE2OTQ1MDA1NzkuNjAuMC4w	2026-08-27	2026-09-07	operations	
Ken Garff Automotive Group	kengarff.com	Dealer group	Automotive Lot Tech	Orem, Utah, United States, Northern America, Americas	https://kengarff.wd1.myworkdayjobs.com/en-US/External_Site/job/Ken-Garff-Honda-of-Orem---Orem-UT/Automotive-Lot-Tech_R0043355?_gl=1*f837j7*_ga*MTI4OTgyMTU1OC4xNjkwNDMzNTk2*_ga_6WFQCMKVF5*MTY5NDQ5OTk1Mi4yNS4xLjE2OTQ1MDA1NzkuNjAuMC4w	2026-08-27	2026-09-03	operations	
Ken Garff Automotive Group	kengarff.com	Dealer group	Automotive Accounts Receivable Clerk *2 Years of Dealership Experience Required*	Humble, Texas, United States, Northern America, Americas	https://kengarff.wd1.myworkdayjobs.com/en-US/External_Site/job/Texans-GMC-Buick---Humble-TX/Automotive-Accounts-Receivable-Clerk--2-Years-of-Dealership-Experience-Required-_R0043337-2?_gl=1*f837j7*_ga*MTI4OTgyMTU1OC4xNjkwNDMzNTk2*_ga_6WFQCMKVF5*MTY5NDQ5OTk1Mi4yNS4xLjE2OTQ1MDA1NzkuNjAuMC4w	2026-08-27	2026-09-08	finance	
Ken Garff Automotive Group	kengarff.com	Dealer group	Automotive Sales Lot Porter/Valet	Hilo, Hawaii, United States, Northern America, Americas	https://kengarff.wd1.myworkdayjobs.com/en-US/External_Site/job/Aloha-Kia-Hilo---Hilo-HI/Automotive-Sales-Lot-Porter-Valet_R0043346?_gl=1*f837j7*_ga*MTI4OTgyMTU1OC4xNjkwNDMzNTk2*_ga_6WFQCMKVF5*MTY5NDQ5OTk1Mi4yNS4xLjE2OTQ1MDA1NzkuNjAuMC4w	2026-08-27	2026-09-08	operations	18 - 18 USD per hour
Ken Garff Automotive Group	kengarff.com	Dealer group	Automotive Sales Professional	Ankeny, Iowa, United States, Northern America, Americas	https://kengarff.wd1.myworkdayjobs.com/en-US/External_Site/job/Dewey-Ford---Ankeny-IA/Automotive-Sales-Professional_R0043320?_gl=1*f837j7*_ga*MTI4OTgyMTU1OC4xNjkwNDMzNTk2*_ga_6WFQCMKVF5*MTY5NDQ5OTk1Mi4yNS4xLjE2OTQ1MDA1NzkuNjAuMC4w	2026-08-24	2026-09-08	sales	
Ken Garff Automotive Group	kengarff.com	Dealer group	Sales Lot Attendant	South Jordan, Utah, United States, Northern America, Americas	https://kengarff.wd1.myworkdayjobs.com/en-US/External_Site/job/Ken-Garff-Volkswagen-Southtowne---South-Jordan-UT/Sales-Lot-Attendant_R0043321?_gl=1*f837j7*_ga*MTI4OTgyMTU1OC4xNjkwNDMzNTk2*_ga_6WFQCMKVF5*MTY5NDQ5OTk1Mi4yNS4xLjE2OTQ1MDA1NzkuNjAuMC4w	2026-08-24	2026-09-07	operations	
Ken Garff Automotive Group	kengarff.com	Dealer group	Salesperson - Ken Garff Land Rover Lehi	Lehi, Utah, United States, Northern America, Americas	https://kengarff.wd1.myworkdayjobs.com/en-US/External_Site/job/Jaguar-Land-Rover-Lehi--Lehi-UT/Salesperson---Ken-Garff-Land-Rover-Lehi_R0043307-2?_gl=1*f837j7*_ga*MTI4OTgyMTU1OC4xNjkwNDMzNTk2*_ga_6WFQCMKVF5*MTY5NDQ5OTk1Mi4yNS4xLjE2OTQ1MDA1NzkuNjAuMC4w	2026-08-22	2026-09-02	sales	
Ken Garff Automotive Group	kengarff.com	Dealer group	Automotive Service Detailer	Waipahu, Hawaii, United States, Northern America, Americas	https://kengarff.wd1.myworkdayjobs.com/en-US/External_Site/job/Aloha-Kia-Leeward---Waipahu-HI/Automotive-Service-Detailer_R0043305	2026-08-21	2026-09-08	manual_work	24.0 - 24.0 USD per hour
Ken Garff Automotive Group	kengarff.com	Dealer group	Automotive F&I Manager - Big Star Ford	Manvel, Texas, United States, Northern America, Americas	https://kengarff.wd1.myworkdayjobs.com/en-US/External_Site/job/Big-Star-Ford---Manvel-TX/Automotive-F-I-Manager---Big-Star-Ford_R0043289?_gl=1*f837j7*_ga*MTI4OTgyMTU1OC4xNjkwNDMzNTk2*_ga_6WFQCMKVF5*MTY5NDQ5OTk1Mi4yNS4xLjE2OTQ1MDA1NzkuNjAuMC4w	2026-08-20	2026-09-08	finance,sales	
Ken Garff Automotive Group	kengarff.com	Dealer group	Quick Lube Technician	Ankeny, Iowa, United States, Northern America, Americas	https://kengarff.wd1.myworkdayjobs.com/en-US/External_Site/job/Dewey-Ford---Ankeny-IA/Quick-Lube-Technician_R0043282?_gl=1*f837j7*_ga*MTI4OTgyMTU1OC4xNjkwNDMzNTk2*_ga_6WFQCMKVF5*MTY5NDQ5OTk1Mi4yNS4xLjE2OTQ1MDA1NzkuNjAuMC4w	2026-08-18	2026-09-09	manual_work	
Ken Garff Automotive Group	kengarff.com	Dealer group	Parts Delivery Driver	Salt Lake City, Utah, United States, Northern America, Americas	https://kengarff.wd1.myworkdayjobs.com/en-US/External_Site/job/Ken-Garff-Mercedes-Benz---Salt-Lake-City-UT/Parts-Delivery-Driver_R0043267?_gl=1*f837j7*_ga*MTI4OTgyMTU1OC4xNjkwNDMzNTk2*_ga_6WFQCMKVF5*MTY5NDQ5OTk1Mi4yNS4xLjE2OTQ1MDA1NzkuNjAuMC4w	2026-08-18	2026-09-02	operations	18.0 - 18.0 USD per hour
Ken Garff Automotive Group	kengarff.com	Dealer group	Service Lot Tech (Valet)	West Valley City, Utah, United States, Northern America, Americas	https://kengarff.wd1.myworkdayjobs.com/en-US/External_Site/job/Ken-Garff-West-Valley-Ford---West-Valley-City-UT/Service-Lot-Tech--Valet-_R0043258	2026-08-15	2026-09-22	operations	
Ken Garff Automotive Group	kengarff.com	Dealer group	Automotive Service Technician	Santa Barbara, California, United States, Northern America, Americas	https://kengarff.wd1.myworkdayjobs.com/en-US/External_Site/job/Lexus-of-Santa-Barbara---Santa-Barbara-CA/Automotive-Service-Technician_R0043252-2	2026-08-15	2026-09-01	manual_work	22 - 35 USD per hour
Ken Garff Automotive Group	kengarff.com	Dealer group	Installation Technician	Sandy, Utah, United States, Northern America, Americas	https://kengarff.wd1.myworkdayjobs.com/en-US/External_Site/job/Vehicle-Lighting-Solutions---Sandy-UT/Installation-Technician_R0043255	2026-08-15	2026-10-04	manual_work	
Ken Garff Automotive Group	kengarff.com	Dealer group	Automotive Quick Lube Technician	Signal Hill, California, United States, Northern America, Americas	https://kengarff.wd1.myworkdayjobs.com/en-US/External_Site/job/Long-Beach-Honda---Signal-Hill-CA/Automotive-Quick-Lube-Technician_R0043256?q=lot+technician	2026-08-15	2026-09-09	manual_work	21 - 22 USD per hour
Ken Garff Automotive Group	kengarff.com	Dealer group	Automotive Retail Salesperson	California, United States, Northern America, Americas	https://kengarff.wd1.myworkdayjobs.com/en-US/External_Site/job/Hamer-Toyota---Mission-Hills-CA/Automotive-Retail-Salesperson_R0043253?q=service+advisor	2026-08-14	2026-10-04	sales	42000 - 96000 USD per year
Ken Garff Automotive Group	kengarff.com	Dealer group	IT Specialist	Salt Lake City, Utah, United States, Northern America, Americas	https://kengarff.wd1.myworkdayjobs.com/en-US/External_Site/job/Garff-Enterprises-Corporate-Office---Salt-Lake-City-UT/IT-Specialist_R0043245-2	2026-08-14	2026-09-16	information_technology,support	21 - 25 USD per hour
Ken Garff Automotive Group	kengarff.com	Dealer group	Automotive Sales Consultant/ Car Sales	American Fork, Utah, United States, Northern America, Americas	https://kengarff.wd1.myworkdayjobs.com/en-US/External_Site/job/Ken-Garff-American-Fork-Chevrolet---American-Fork-UT/Automotive-Sales-Consultant--Car-Sales_R0043244	2026-08-14	2026-09-21	sales	
Ken Garff Automotive Group	kengarff.com	Dealer group	Quick Lube Technician	Phoenix, Arizona, United States, Northern America, Americas	https://kengarff.wd1.myworkdayjobs.com/en-US/External_Site/job/Ken-Garff-Kia-Phoenix---Phoenix-AZ/Automotive-Service-Technician--Mechanic_R0043241	2026-08-14	2026-09-25	manual_work	
Ken Garff Automotive Group	kengarff.com	Dealer group	Automotive Service Advisor	Avondale, Arizona, United States, Northern America, Americas	https://kengarff.wd1.myworkdayjobs.com/en-US/External_Site/job/Ken-Garff-Kia-Avondale---Avondale-AZ/Automotive-Service-Advisor_R0043243	2026-08-14	2026-10-04	support,sales	
Ken Garff Automotive Group	kengarff.com	Dealer group	Automotive Sales Consultant	Oxnard, California, United States, Northern America, Americas	https://kengarff.wd1.myworkdayjobs.com/en-US/External_Site/job/Lexus-of-Oxnard---Oxnard-CA/Automotive-Sales-Consultant_R0043239?_gl=1*f837j7*_ga*MTI4OTgyMTU1OC4xNjkwNDMzNTk2*_ga_6WFQCMKVF5*MTY5NDQ5OTk1Mi4yNS4xLjE2OTQ1MDA1NzkuNjAuMC4w	2026-08-13	2026-09-01	sales	3500 - 9000 USD per month
Ken Garff Automotive Group	kengarff.com	Dealer group	Automotive Internet Car Sales Consultant	Signal Hill, California, United States, Northern America, Americas	https://kengarff.wd1.myworkdayjobs.com/en-US/External_Site/job/Long-Beach-Honda---Signal-Hill-CA/Automotive-Internet-Sales-Consultant_R0043231?q=service+advisor	2026-08-13	2026-09-18	sales	3500 - 10000 USD per month
Ken Garff Automotive Group	kengarff.com	Dealer group	Service Lot Porter	Cheyenne, Wyoming, United States, Northern America, Americas	https://kengarff.wd1.myworkdayjobs.com/en-US/External_Site/job/Ken-Garff-Hyundai-Cheyenne---Cheyenne-WY/Service-Lot-Porter_R0043225	2026-08-12	2026-09-02	operations	17 - 17 USD per hour
Ken Garff Automotive Group	kengarff.com	Dealer group	Automotive Sales Professional	Ankeny, Iowa, United States, Northern America, Americas	https://kengarff.wd1.myworkdayjobs.com/en-US/External_Site/job/Dewey-Chrysler-Dodge-Jeep-Ram---Ankeny-IA/Automotive-Sales-Professional_R0043230	2026-08-12	2026-09-09	sales	
Ken Garff Automotive Group	kengarff.com	Dealer group	Service Advisor	Fort Collins, Colorado, United States, Northern America, Americas	https://kengarff.wd1.myworkdayjobs.com/en-US/External_Site/job/Ken-Garff-Ford-Ft-Collins---Fort-Collins-CO/Service-Advisor_R0043228?q=service+advisor	2026-08-12	2026-09-14	support,sales	55000 - 100000 USD per year
Ken Garff Automotive Group	kengarff.com	Dealer group	Automotive Salesperson - Hyundai Downtown	Salt Lake City, Utah, United States, Northern America, Americas	https://kengarff.wd1.myworkdayjobs.com/en-US/External_Site/job/Ken-Garff-Hyundai-Downtown---Salt-Lake-City-UT/Automotive-Salesperson---Hyundai-Downtown_R0043221?_gl=1*f837j7*_ga*MTI4OTgyMTU1OC4xNjkwNDMzNTk2*_ga_6WFQCMKVF5*MTY5NDQ5OTk1Mi4yNS4xLjE2OTQ1MDA1NzkuNjAuMC4w	2026-08-12	2026-09-02	sales	
Ken Garff Automotive Group	kengarff.com	Dealer group	Automotive Retail Sales Associate	Culver City, California, United States, Northern America, Americas	https://kengarff.wd1.myworkdayjobs.com/en-US/External_Site/job/Culver-City-Toyota---Culver-City-CA/Automotive-Retail-Sales-Associate_R0043215-1	2026-08-11	2026-10-04	sales	42000 - 96000 USD per year
Ken Garff Automotive Group	kengarff.com	Dealer group	Automotive Sales Associate	Avondale, Arizona, United States, Northern America, Americas	https://kengarff.wd1.myworkdayjobs.com/en-US/External_Site/job/Ken-Garff-Gateway-Chevrolet---Avondale-AZ/Automotive-Sales-Associate_R0043206	2026-08-11	2026-09-01	sales	
Ken Garff Automotive Group	kengarff.com	Dealer group	Dealership Sales Associate	Avondale, Arizona, United States, Northern America, Americas	https://kengarff.wd1.myworkdayjobs.com/en-US/External_Site/job/Ken-Garff-Kia-Avondale---Avondale-AZ/Automotive-Sales-Associate_R0043185	2026-08-10	2026-09-24	sales	3500 - 9000 USD per month
Ken Garff Automotive Group	kengarff.com	Dealer group	Automotive Service Technician	Surprise, Arizona, United States, Northern America, Americas	https://kengarff.wd1.myworkdayjobs.com/en-US/External_Site/job/Ken-Garff-Hyundai-Surprise---Surprise-AZ/Automotive-Service-Technician_R0043192-1	2026-08-10	2026-09-15	manual_work	
Ken Garff Automotive Group	kengarff.com	Dealer group	Automotive Parts Shipping and Receiving Clerk	Honolulu, Hawaii, United States, Northern America, Americas	https://kengarff.wd1.myworkdayjobs.com/en-US/External_Site/job/Aloha-Kia-Airport---Honolulu-HI/Automotive-Parts-Shipping-and-Receiving-Clerk_R0043176	2026-08-08	2026-09-03	operations	20 - 20 USD per hour
Ken Garff Automotive Group	kengarff.com	Dealer group	Quick Lube Technician	Orem, Utah, United States, Northern America, Americas	https://kengarff.wd1.myworkdayjobs.com/en-US/External_Site/job/Ken-Garff-Nissan-of-Orem---Orem-UT/Quick-Lube-Technician_R0043174	2026-08-08	2026-09-01	manual_work	
Ken Garff Automotive Group	kengarff.com	Dealer group	Automotive Service Manager	Clive, Iowa, United States, Northern America, Americas	https://kengarff.wd1.myworkdayjobs.com/en-US/External_Site/job/Stew-Hansen-GMC-Buick---Clive-IA/Automotive-Service-Manager_R0043171?_gl=1*f837j7*_ga*MTI4OTgyMTU1OC4xNjkwNDMzNTk2*_ga_6WFQCMKVF5*MTY5NDQ5OTk1Mi4yNS4xLjE2OTQ1MDA1NzkuNjAuMC4w	2026-08-07	2026-09-02	operations,management	
Ken Garff Automotive Group	kengarff.com	Dealer group	Automotive Fleet Assistant (entry-level)	St. George, Utah, United States, Northern America, Americas	https://kengarff.wd1.myworkdayjobs.com/en-US/External_Site/job/Ken-Garff-St-George-Ford---St-George-UT/Automotive-Fleet-Assistant_R0043161-1	2026-08-07	2026-09-10	operations,support	
Ken Garff Automotive Group	kengarff.com	Dealer group	Automotive Parts Counter Associate	Lihue, Hawaii, United States, Northern America, Americas	https://kengarff.wd1.myworkdayjobs.com/en-US/External_Site/job/Aloha-Kia-Kauai---Lihue-HI/Automotive-Parts-Counter-Associate_R0043166	2026-08-07	2026-10-02	sales,operations	37500 - 65000 USD per year
Ken Garff Automotive Group	kengarff.com	Dealer group	Automotive Service Technician	Lihue, Hawaii, United States, Northern America, Americas	https://kengarff.wd1.myworkdayjobs.com/en-US/External_Site/job/Aloha-Kia-Kauai---Lihue-HI/Automotive-Service-Technician_R0043167-1	2026-08-07	2026-10-04	manual_work	37000 - 90000 USD per year
Ken Garff Automotive Group	kengarff.com	Dealer group	Automotive Technician/ Mechanic	Avondale, Arizona, United States, Northern America, Americas	https://kengarff.wd1.myworkdayjobs.com/en-US/External_Site/job/Ken-Garff-Gateway-Chevrolet---Avondale-AZ/Automotive-Service-Technican_R0043159-2?q=lot+technician	2026-08-07	2026-10-01	manual_work	
Ken Garff Automotive Group	kengarff.com	Dealer group	Automotive Technician/ Mechanic	Avondale, Arizona, United States, Northern America, Americas	https://kengarff.wd1.myworkdayjobs.com/en-US/External_Site/job/Ken-Garff-Kia-Avondale---Avondale-AZ/Automotive-Service-Technician--Mechanic-_R0043162?q=lot+technician	2026-08-07	2026-09-08	manual_work	
Ken Garff Automotive Group	kengarff.com	Dealer group	Automotive Internet Sales Advisor	Long Beach, California, United States, Northern America, Americas	https://kengarff.wd1.myworkdayjobs.com/en-US/External_Site/job/West-Coast-Toyota---Long-Beach-CA/Automotive-Internet-Sales-Advisor_R0043157	2026-08-06	2026-10-04	sales	42000 - 120000 USD per year
Ken Garff Automotive Group	kengarff.com	Dealer group	Automotive Service Technician/Mechanic	Signal Hill, California, United States, Northern America, Americas	https://kengarff.wd1.myworkdayjobs.com/en-US/External_Site/job/Long-Beach-Honda---Signal-Hill-CA/Automotive-Service-Technician_R0043155?q=service+advisor	2026-08-06	2026-09-24	manual_work	45000 - 120000 USD per year
Ken Garff Automotive Group	kengarff.com	Dealer group	Automotive Service Advisor	Signal Hill, California, United States, Northern America, Americas	https://kengarff.wd1.myworkdayjobs.com/en-US/External_Site/job/Long-Beach-Honda---Signal-Hill-CA/Automotive-Service-Advisor_R0043152	2026-08-06	2026-09-18	support,operations	38500 - 125000 USD per year
Ken Garff Automotive Group	kengarff.com	Dealer group	Sales Lot Tech	Gilbert, Arizona, United States, Northern America, Americas	https://kengarff.wd1.myworkdayjobs.com/en-US/External_Site/job/Ken-Garff-Volkswagen-Gilbert---Gilbert-AZ/Sales-Lot-Tech_R0043149	2026-08-06	2026-09-18	operations	
Ken Garff Automotive Group	kengarff.com	Dealer group	Automotive Service Technician - Big Star Ford	Manvel, Texas, United States, Northern America, Americas	https://kengarff.wd1.myworkdayjobs.com/en-US/External_Site/job/Big-Star-Ford---Manvel-TX/Automotive-Service-Technician---Big-Star-Ford_R0043147	2026-08-05	2026-09-29	manual_work	
Ken Garff Automotive Group	kengarff.com	Dealer group	Car Sales Consultant	Baytown, Texas, United States, Northern America, Americas	https://kengarff.wd1.myworkdayjobs.com/en-US/External_Site/job/Big-Star-Buick-GMC---Baytown-TX/Car-Sales-Consultant_R0043141?_gl=1*f837j7*_ga*MTI4OTgyMTU1OC4xNjkwNDMzNTk2*_ga_6WFQCMKVF5*MTY5NDQ5OTk1Mi4yNS4xLjE2OTQ1MDA1NzkuNjAuMC4w	2026-08-05	2026-09-10	sales	
Ken Garff Automotive Group	kengarff.com	Dealer group	Automotive Product Specialist	Kailua, Hawaii, United States, Northern America, Americas	https://kengarff.wd1.myworkdayjobs.com/en-US/External_Site/job/Aloha-Kia-Kona---Kailua-Kona-HI/Automotive-Product-Specialist_R0043134	2026-08-05	2026-10-04	sales	3500 - 9000 USD per month
Ken Garff Automotive Group	kengarff.com	Dealer group	Automotive Sales Lot Porter/Valet	Hilo, Hawaii, United States, Northern America, Americas	https://kengarff.wd1.myworkdayjobs.com/en-US/External_Site/job/Aloha-Kia-Hilo---Hilo-HI/Automotive-Sales-Lot-Porter-Valet_R0043136	2026-08-05	2026-10-03	operations	18 - 18 USD per hour
Ken Garff Automotive Group	kengarff.com	Dealer group	Automotive Service Advisor	South Jordan, Utah, United States, Northern America, Americas	https://kengarff.wd1.myworkdayjobs.com/en-US/External_Site/job/Ken-Garff-Volkswagen-Southtowne---South-Jordan-UT/Automotive-Service-Advisor_R0043130?q=service+advisor	2026-08-04	2026-09-11	support	
Ken Garff Automotive Group	kengarff.com	Dealer group	Service Advisor	Salt Lake City, Utah, United States, Northern America, Americas	https://kengarff.wd1.myworkdayjobs.com/en-US/External_Site/job/Ken-Garff-Ferrari---Salt-Lake-City-UT/Service-Advisor_R0043123?_gl=1*f837j7*_ga*MTI4OTgyMTU1OC4xNjkwNDMzNTk2*_ga_6WFQCMKVF5*MTY5NDQ5OTk1Mi4yNS4xLjE2OTQ1MDA1NzkuNjAuMC4w	2026-08-04	2026-09-11	support	
Ken Garff Automotive Group	kengarff.com	Dealer group	Quick Lube Technician Lexus of Murray	Murray, Utah, United States, Northern America, Americas	https://kengarff.wd1.myworkdayjobs.com/en-US/External_Site/job/Lexus-of-Murray---Murray-UT/Quick-Lube-Technician-Lexus-of-Murray_R0043119?q=lot+technician	2026-08-04	2026-09-08	manual_work	
Ken Garff Automotive Group	kengarff.com	Dealer group	Automotive Service Technician	Mesquite, Nevada, United States, Northern America, Americas	https://kengarff.wd1.myworkdayjobs.com/en-US/External_Site/job/Mesquite-Ford--Mesquite-NV/Automotive-Service-Technician_R0043113-1?_gl=1*f837j7*_ga*MTI4OTgyMTU1OC4xNjkwNDMzNTk2*_ga_6WFQCMKVF5*MTY5NDQ5OTk1Mi4yNS4xLjE2OTQ1MDA1NzkuNjAuMC4w	2026-08-03	2026-09-10	manual_work	
Ken Garff Automotive Group	kengarff.com	Dealer group	Automotive Technician/ Mechanic	West Valley City, Utah, United States, Northern America, Americas	https://kengarff.wd1.myworkdayjobs.com/en-US/External_Site/job/Ken-Garff-West-Valley-Dodge---West-Valley-City-UT/Service-Technician_R0043106?q=lot+technician	2026-08-01	2026-09-14	manual_work	
Ken Garff Automotive Group	kengarff.com	Dealer group	Automotive Service Technician	Phoenix, Arizona, United States, Northern America, Americas	https://kengarff.wd1.myworkdayjobs.com/en-US/External_Site/job/Ken-Garff-Kia-Phoenix---Phoenix-AZ/Automotive-Service-Technician_R0043100?q=service+advisor	2026-07-31	2026-09-09	manual_work	
Ken Garff Automotive Group	kengarff.com	Dealer group	Parts Delivery Driver	American Fork, Utah, United States, Northern America, Americas	https://kengarff.wd1.myworkdayjobs.com/en-US/External_Site/job/Ken-Garff-American-Fork-Chevrolet---American-Fork-UT/Parts-Delivery-Driver_R0043103	2026-07-31	2026-09-23	operations	16 - 17 USD per hour
Ken Garff Automotive Group	kengarff.com	Dealer group	Collision Repair Technician	American Fork, Utah, United States, Northern America, Americas	https://kengarff.wd1.myworkdayjobs.com/en-US/External_Site/job/Ken-Garff-American-Fork-Chevrolet---American-Fork-UT/Collision-Repair-Technician_R0043098	2026-07-31	2026-09-01	manual_work	
Ken Garff Automotive Group	kengarff.com	Dealer group	Service Apprentice Technician	Salt Lake City, Utah, United States, Northern America, Americas	https://kengarff.wd1.myworkdayjobs.com/en-US/External_Site/job/Jaguar-Land-Rover-Downtown---Salt-Lake-City-UT/Service-Apprentice-Technician_R0043095	2026-07-31	2026-10-03	manual_work	
Ken Garff Automotive Group	kengarff.com	Dealer group	Automotive Deal Clerk	Ankeny, Iowa, United States, Northern America, Americas	https://kengarff.wd1.myworkdayjobs.com/en-US/External_Site/job/Dewey-Ford---Ankeny-IA/Automotive-Deal-Clerk_R0043089-2	2026-07-30	2026-09-27	finance,administration	
Ken Garff Automotive Group	kengarff.com	Dealer group	Automotive Service Greeter	Cathedral City, California, United States, Northern America, Americas	https://kengarff.wd1.myworkdayjobs.com/en-US/External_Site/job/Toyota-of-the-Desert---Cathedral-City-CA/Automotive-Service-Greeter_R0043083	2026-07-30	2026-09-24	support	18 - 18 USD per hour
Ken Garff Automotive Group	kengarff.com	Dealer group	Collision Repair Detailer	Salt Lake City, Utah, United States, Northern America, Americas	https://kengarff.wd1.myworkdayjobs.com/en-US/External_Site/job/Ken-Garff-Nissan-of-Salt-Lake---Salt-Lake-City-UT/Collision-Repair-Detailer_R0043080-2	2026-07-30	2026-10-04	manual_work	
Ken Garff Automotive Group	kengarff.com	Dealer group	Used Car Technician - Blackridge Fleet Center	Utah, United States, Northern America, Americas	https://kengarff.wd1.myworkdayjobs.com/en-US/External_Site/job/Blackridge-Fleet-Center---West-Valley-UT/Used-Car-Technician---Blackridge-Fleet-Center_R0043078-2	2026-07-28	2026-09-24	manual_work	
Ken Garff Automotive Group	kengarff.com	Dealer group	Automotive Service Advisor	Avondale, Arizona, United States, Northern America, Americas	https://kengarff.wd1.myworkdayjobs.com/en-US/External_Site/job/Ken-Garff-Gateway-Chevrolet---Avondale-AZ/Automotive-Service-Advisor_R0043077	2026-07-28	2026-09-15	support,operations	
Ken Garff Automotive Group	kengarff.com	Dealer group	Automotive Evening Receptionist - Texan Dodge	Humble, Texas, United States, Northern America, Americas	https://kengarff.wd1.myworkdayjobs.com/en-US/External_Site/job/Texan-Chrysler-Dodge-Jeep-Ram---Humble-TX/Automotive-Sales-Receptionist---Texan-Dodge_R0043068-1	2026-07-28	2026-09-15	administration,support	
Ken Garff Automotive Group	kengarff.com	Dealer group	Automotive Quick Lube Technician	Salt Lake City, Utah, United States, Northern America, Americas	https://kengarff.wd1.myworkdayjobs.com/en-US/External_Site/job/Ken-Garff-Honda-Downtown---Salt-Lake-City-UT/Automotive-Quick-Lube-Technician_R0043070	2026-07-27	2026-10-04	manual_work	
Ken Garff Automotive Group	kengarff.com	Dealer group	Automotive Sales Consultant	Friendswood, Texas, United States, Northern America, Americas	https://kengarff.wd1.myworkdayjobs.com/en-US/External_Site/job/Big-Star-Hyundai---Friendswood-TX/Automotive-Sales-Consultant_R0043072	2026-07-27	2026-09-22	sales	
Ken Garff Automotive Group	kengarff.com	Dealer group	Automotive Sales Consultant - Big Star Honda	Houston, Texas, United States, Northern America, Americas	https://kengarff.wd1.myworkdayjobs.com/en-US/External_Site/job/Big-Star-Honda---Houston-TX/Automotive-Sales-Consultant---Big-Star-Honda_R0042904	2026-07-27	2026-09-10	sales	
Ken Garff Automotive Group	kengarff.com	Dealer group	Automotive Service Technician	Indianola, Iowa, United States, Northern America, Americas	https://kengarff.wd1.myworkdayjobs.com/en-US/External_Site/job/Stew-Hansen-Southtown-Chrysler-Dodge-Jeep-Ram---Indianola-IA/Automotive-Service-Technician_R0043061?q=service+advisor	2026-07-27	2026-09-09	manual_work	
Ken Garff Automotive Group	kengarff.com	Dealer group	Automotive Service Lot Tech	California, United States, Northern America, Americas	https://kengarff.wd1.myworkdayjobs.com/en-US/External_Site/job/Hamer-Toyota---Mission-Hills-CA/Automotive-Service-Lot-Tech_R0043056	2026-07-24	2026-10-04	operations	21.0 - 21.0 USD per hour
Ken Garff Automotive Group	kengarff.com	Dealer group	Automotive Sales Consultant	St. George, Utah, United States, Northern America, Americas	https://kengarff.wd1.myworkdayjobs.com/en-US/External_Site/job/Ken-Garff-St-George-Ford---St-George-UT/Automotive-Sales-Consultant_R0043046	2026-07-24	2026-09-01	sales	
Ken Garff Automotive Group	kengarff.com	Dealer group	Facilities Maintenance Technician	Utah, United States, Northern America, Americas	https://kengarff.wd1.myworkdayjobs.com/en-US/External_Site/job/Blackridge-Fleet-Center---West-Valley-UT/Facilities-Maintenance-Technician_R0043043-1	2026-07-23	2026-09-01	operations	18 - 18 USD per hour
Ken Garff Automotive Group	kengarff.com	Dealer group	Automotive Quick Lube Service Advisor - Big Star Ford	Manvel, Texas, United States, Northern America, Americas	https://kengarff.wd1.myworkdayjobs.com/en-US/External_Site/job/Big-Star-Ford---Manvel-TX/Automotive-Service-Advisor---Big-Star-Ford_R0043045	2026-07-23	2026-09-01	sales,support,manual_work	
Ken Garff Automotive Group	kengarff.com	Dealer group	Service Technician	Ogden, Utah, United States, Northern America, Americas	https://kengarff.wd1.myworkdayjobs.com/en-US/External_Site/job/Ken-Garff-Honda-of-Riverdale---Ogden-UT/Service-Technician_R0043019	2026-07-21	2026-10-04	manual_work	
Ken Garff Automotive Group	kengarff.com	Dealer group	Automotive Sales Receptionist	Honolulu, Hawaii, United States, Northern America, Americas	https://kengarff.wd1.myworkdayjobs.com/en-US/External_Site/job/Aloha-Kia-Airport---Honolulu-HI/Automotive-Sales-Receptionist_R0043012-2	2026-07-21	2026-09-03	administration	18.0 - 18.0 USD per hour
Ken Garff Automotive Group	kengarff.com	Dealer group	Used Car Technician	Cheyenne, Wyoming, United States, Northern America, Americas	https://kengarff.wd1.myworkdayjobs.com/en-US/External_Site/job/Ken-Garff-Toyota-Cheyenne---Cheyenne-WY/Used-Car-Technician_R0043013	2026-07-21	2026-10-04	manual_work	20 - 60 USD per hour
Ken Garff Automotive Group	kengarff.com	Dealer group	Automotive Car Sales Consultant	South Jordan, Utah, United States, Northern America, Americas	https://kengarff.wd1.myworkdayjobs.com/en-US/External_Site/job/Ken-Garff-Volkswagen-Southtowne/Automotive-Salesperson_R0043011	2026-07-20	2026-09-18	sales	
Ken Garff Automotive Group	kengarff.com	Dealer group	Automotive Service Advisor	Culver City, California, United States, Northern America, Americas	https://kengarff.wd1.myworkdayjobs.com/en-US/External_Site/job/Culver-City-Toyota---Culver-City-CA/Automotive-Service-Advisor_R0043000	2026-07-17	2026-10-04	support,sales	8000 - 13000 USD per month
Ken Garff Automotive Group	kengarff.com	Dealer group	Sales Consultant	Clive, Iowa, United States, Northern America, Americas	https://kengarff.wd1.myworkdayjobs.com/en-US/External_Site/job/Stew-Hansen-Hyundai---Clive-IA/Sales-Consultant_R0042985-2	2026-07-16	2026-09-22	sales	
Ken Garff Automotive Group	kengarff.com	Dealer group	Parts Warehouse Clerk	Baytown, Texas, United States, Northern America, Americas	https://kengarff.wd1.myworkdayjobs.com/en-US/External_Site/job/Big-Star-Buick-GMC---Baytown-TX/Parts-Warehouse_R0042990	2026-07-16	2026-10-04	operations,manual_work	
Ken Garff Automotive Group	kengarff.com	Dealer group	Mainline Automotive Technician	Clive, Iowa, United States, Northern America, Americas	https://kengarff.wd1.myworkdayjobs.com/en-US/External_Site/job/Stew-Hansen-GMC-Buick---Clive-IA/Mainline-Automotive-Technician_R0042986	2026-07-16	2026-09-08	manual_work	
Ken Garff Automotive Group	kengarff.com	Dealer group	United Fleet Management - Fleet Detailer	West Valley City, Utah, United States, Northern America, Americas	https://kengarff.wd1.myworkdayjobs.com/en-US/External_Site/job/United-Fleet-Management---Salt-Lake-City-UT/United-Fleet-Management---Fleet-Detailer_R0042983-1?q=lot+technician	2026-07-15	2026-09-29	operations	18.0 - 18.0 USD per hour
Ken Garff Automotive Group	kengarff.com	Dealer group	Automotive Car Sales Consultant	Cheyenne, Wyoming, United States, Northern America, Americas	https://kengarff.wd1.myworkdayjobs.com/en-US/External_Site/job/Ken-Garff-Toyota-Cheyenne---Cheyenne-WY/Automotive-Sales-Advisor_R0042979	2026-07-15	2026-09-24	sales	3000 - 10000 USD per month
Ken Garff Automotive Group	kengarff.com	Dealer group	Paint Protection Film & Tint Installer	Salt Lake City, Utah, United States, Northern America, Americas	https://kengarff.wd1.myworkdayjobs.com/en-US/External_Site/job/Ken-Garff-Ferrari---Salt-Lake-City-UT/Paint-Protection-Film---Tint-Installer_R0042970	2026-07-14	2026-10-02	manual_work	
Ken Garff Automotive Group	kengarff.com	Dealer group	Service Advisor	Cheyenne, Wyoming, United States, Northern America, Americas	https://kengarff.wd1.myworkdayjobs.com/en-US/External_Site/job/Ken-Garff-Ford-Cheyenne---Cheyenne-WY/Service-Advisor_R0042971	2026-07-14	2026-09-15	support	
Ken Garff Automotive Group	kengarff.com	Dealer group	Automotive Ford Service Technician	Cheyenne, Wyoming, United States, Northern America, Americas	https://kengarff.wd1.myworkdayjobs.com/en-US/External_Site/job/Ken-Garff-Ford-Cheyenne---Cheyenne-WY/Automotive-Ford-Service-Technician_R0042973	2026-07-14	2026-10-01	manual_work	60000 - 100000 USD per year
Ken Garff Automotive Group	kengarff.com	Dealer group	Automotive Service Manager - Big Star Honda	Houston, Texas, United States, Northern America, Americas	https://kengarff.wd1.myworkdayjobs.com/en-US/External_Site/job/Big-Star-Honda---Houston-TX/Automotive-Service-Manager---Big-Star-Honda_R0042935	2026-07-11	2026-09-24	management,operations	
Ken Garff Automotive Group	kengarff.com	Dealer group	Customer Experience Consultant	Clive, Iowa, United States, Northern America, Americas	https://kengarff.wd1.myworkdayjobs.com/en-US/External_Site/job/Stew-Hansen-GMC-Buick---Clive-IA/Sales-Consultant_R0042952-1?_gl=1*f837j7*_ga*MTI4OTgyMTU1OC4xNjkwNDMzNTk2*_ga_6WFQCMKVF5*MTY5NDQ5OTk1Mi4yNS4xLjE2OTQ1MDA1NzkuNjAuMC4w	2026-07-10	2026-09-01	marketing,sales,support	
Ken Garff Automotive Group	kengarff.com	Dealer group	Salesperson	Ogden, Utah, United States, Northern America, Americas	https://kengarff.wd1.myworkdayjobs.com/en-US/External_Site/job/Ken-Garff-Honda-of-Riverdale---Ogden-UT/Quick-Lube_R0042946	2026-07-10	2026-10-04	sales	
Ken Garff Automotive Group	kengarff.com	Dealer group	Automotive Service Technician	Ankeny, Iowa, United States, Northern America, Americas	https://kengarff.wd1.myworkdayjobs.com/en-US/External_Site/job/Dewey-Chrysler-Dodge-Jeep-Ram---Ankeny-IA/Automotive-Service-Technician_R0042945	2026-07-10	2026-09-09	manual_work	
Ken Garff Automotive Group	kengarff.com	Dealer group	Automotive Product Specialist	Lihue, Hawaii, United States, Northern America, Americas	https://kengarff.wd1.myworkdayjobs.com/en-US/External_Site/job/Aloha-Kia-Kauai---Lihue-HI/Automotive-Product-Specialist_R0042932	2026-07-09	2026-10-03	sales	48000 - 108000 USD per year
Ken Garff Automotive Group	kengarff.com	Dealer group	Installation Technician	Smithfield, Utah, United States, Northern America, Americas	https://kengarff.wd1.myworkdayjobs.com/en-US/External_Site/job/Vehicle-Lighting-Solutions---Smithfield-UT/Installation-Technician_R0042894	2026-07-07	2026-09-15	manual_work	
Ken Garff Automotive Group	kengarff.com	Dealer group	Automotive F&I Manager	Kailua, Hawaii, United States, Northern America, Americas	https://kengarff.wd1.myworkdayjobs.com/en-US/External_Site/job/Aloha-Kia-Kona---Kailua-Kona-HI/Automotive-F-I-Manager_R0042868	2026-07-02	2026-10-03	finance,sales	60000 - 120000 USD per year
Ken Garff Automotive Group	kengarff.com	Dealer group	Automotive Sales Lot Attendant/Valet	Honolulu, Hawaii, United States, Northern America, Americas	https://kengarff.wd1.myworkdayjobs.com/en-US/External_Site/job/Aloha-Kia-Airport---Honolulu-HI/Automotive-Sales-Lot-Attendant-Valet_R0042847	2026-06-30	2026-09-04	operations	18 - 18 USD per hour
Ken Garff Automotive Group	kengarff.com	Dealer group	Automotive Parts Delivery Driver	American Fork, Utah, United States, Northern America, Americas	https://kengarff.wd1.myworkdayjobs.com/en-US/External_Site/job/Ken-Garff-American-Fork-Ford---American-Fork-UT/Parts-Delivery-Driver_R0042845-2	2026-06-29	2026-09-01	manual_work	17 - 17 USD per hour
Ken Garff Automotive Group	kengarff.com	Dealer group	Automotive Internet Sales Advisor	Gilbert, Arizona, United States, Northern America, Americas	https://kengarff.wd1.myworkdayjobs.com/en-US/External_Site/job/Ken-Garff-Volkswagen-Gilbert---Gilbert-AZ/Automotive-Internet-Salesperson_R0042827	2026-06-26	2026-09-04	marketing,sales	
Ken Garff Automotive Group	kengarff.com	Dealer group	Used Car Service Technician	Orem, Utah, United States, Northern America, Americas	https://kengarff.wd1.myworkdayjobs.com/en-US/External_Site/job/Ken-Garff-Nissan-of-Orem---Orem-UT/Used-Car-Service-Technician_R0042808?_gl=1*f837j7*_ga*MTI4OTgyMTU1OC4xNjkwNDMzNTk2*_ga_6WFQCMKVF5*MTY5NDQ5OTk1Mi4yNS4xLjE2OTQ1MDA1NzkuNjAuMC4w	2026-06-24	2026-09-01	manual_work	
Ken Garff Automotive Group	kengarff.com	Dealer group	Salesperson	Salt Lake City, Utah, United States, Northern America, Americas	https://kengarff.wd1.myworkdayjobs.com/en-US/External_Site/job/Ken-Garff-Volvo---Salt-Lake-City-UT/Salesperson_R0042786-1	2026-06-22	2026-10-01	sales	
Ken Garff Automotive Group	kengarff.com	Dealer group	Automotive Sales Lot Attendant	Cathedral City, California, United States, Northern America, Americas	https://kengarff.wd1.myworkdayjobs.com/en-US/External_Site/job/Toyota-of-the-Desert---Cathedral-City-CA/Automotive-Sales-Lot-Attendant_R0042765	2026-06-19	2026-09-01	operations	18 - 18 USD per hour
Ken Garff Automotive Group	kengarff.com	Dealer group	Oil & Lube Technician	Clive, Iowa, United States, Northern America, Americas	https://kengarff.wd1.myworkdayjobs.com/en-US/External_Site/job/Stew-Hansen-Hyundai---Clive-IA/Oil---Lube-Technician_R0042724-1?q=lot+technician	2026-06-16	2026-09-10	manual_work	
Ken Garff Automotive Group	kengarff.com	Dealer group	Automotive Toyota Service Technician	Cheyenne, Wyoming, United States, Northern America, Americas	https://kengarff.wd1.myworkdayjobs.com/en-US/External_Site/job/Ken-Garff-Toyota-Cheyenne---Cheyenne-WY/Automotive-Service-Technician_R0042719	2026-06-16	2026-10-04	manual_work	60000 - 100000 USD per year
Ken Garff Automotive Group	kengarff.com	Dealer group	Automotive Service Technician	Greeley, Colorado, United States, Northern America, Americas	https://kengarff.wd1.myworkdayjobs.com/en-US/External_Site/job/Ken-Garff-Ford-Greeley---Greeley-CO/Automotive-Service-Technician_R0042696	2026-06-12	2026-09-14	manual_work	22.0 - 60.0 USD per hour
Ken Garff Automotive Group	kengarff.com	Dealer group	Automotive Sales Attendant/Valet	Hilo, Hawaii, United States, Northern America, Americas	https://kengarff.wd1.myworkdayjobs.com/en-US/External_Site/job/Aloha-Kia-Hilo---Hilo-HI/Automotive-Sales-Attendant-Valet_R0042686	2026-06-10	2026-10-03	operations	18.0 - 18.0 USD per hour
Ken Garff Automotive Group	kengarff.com	Dealer group	Sales Porter	Baytown, Texas, United States, Northern America, Americas	https://kengarff.wd1.myworkdayjobs.com/en-US/External_Site/job/Big-Star-Buick-GMC---Baytown-TX/Sales-Porter_R0042673	2026-06-10	2026-09-07	operations	
Ken Garff Automotive Group	kengarff.com	Dealer group	Night Automotive Service Technician	Urbandale, Iowa, United States, Northern America, Americas	https://kengarff.wd1.myworkdayjobs.com/en-US/External_Site/job/Stew-Hansen-Dodge-City---Urbandale-IA/Night-Automotive-Service-Technician_R0042662	2026-06-08	2026-09-28	manual_work	
Ken Garff Automotive Group	kengarff.com	Dealer group	Automotive Service Advisor - Texan Dodge	Humble, Texas, United States, Northern America, Americas	https://kengarff.wd1.myworkdayjobs.com/en-US/External_Site/job/Texan-Chrysler-Dodge-Jeep-Ram---Humble-TX/Automotive-Service-Advisor---Texan-Dodge_R0042661-2	2026-06-08	2026-10-04	support,operations	
Ken Garff Automotive Group	kengarff.com	Dealer group	Vehicle Service Technician	Urbandale, Iowa, United States, Northern America, Americas	https://kengarff.wd1.myworkdayjobs.com/en-US/External_Site/job/Stew-Hansen-Dodge-City---Urbandale-IA/Vehicle-Service-Technician_R0042647	2026-06-06	2026-09-28	manual_work	
Ken Garff Automotive Group	kengarff.com	Dealer group	Service Advisor	Webster, Texas, United States, Northern America, Americas	https://kengarff.wd1.myworkdayjobs.com/en-US/External_Site/job/Big-Star-Chrysler-Dodge-Jeep-Ram---Webster-TX/Service-Advisor_R0042338	2026-05-05	2026-09-25	support	
Ken Garff Automotive Group	kengarff.com	Dealer group	Blackridge Fleet Upfitter Technician	Utah, United States, Northern America, Americas	https://kengarff.wd1.myworkdayjobs.com/en-US/External_Site/job/Blackridge-Fleet-Center---West-Valley-UT/Blackridge-Fleet-Upfitter-Technician_R0042295-3	2026-04-29	2026-10-03	manual_work	
Ken Garff Automotive Group	kengarff.com	Dealer group	Automotive Payroll Office Manager	Oxnard, California, United States, Northern America, Americas	https://kengarff.wd1.myworkdayjobs.com/en-US/External_Site/job/Lexus-of-Oxnard---Oxnard-CA/Payroll-Office-Manager_R0042281	2026-04-28	2026-09-14	finance,human_resources,management	72000 - 90000 USD per year
Ken Garff Automotive Group	kengarff.com	Dealer group	Service Technician	Webster, Texas, United States, Northern America, Americas	https://kengarff.wd1.myworkdayjobs.com/en-US/External_Site/job/Big-Star-Chrysler-Dodge-Jeep-Ram---Webster-TX/Service-Technician_R0042197	2026-04-17	2026-09-25	manual_work	
Ken Garff Automotive Group	kengarff.com	Dealer group	Customer Care Representative	Austin, Texas, United States, Northern America, Americas	https://kengarff.wd1.myworkdayjobs.com/en-US/External_Site/job/United-Fleet-Management---Austin-TX/United-Fleet-Sales-Support-Representative_R0041886-1	2026-03-17	2026-09-28	support	25.0 - 25.0 USD per hour
Ken Garff Automotive Group	kengarff.com	Dealer group	Fleet Center Service Technician	Utah, United States, Northern America, Americas	https://kengarff.wd1.myworkdayjobs.com/en-US/External_Site/job/Blackridge-Fleet-Center---West-Valley-UT/Fleet-Center-Service-Technician_R0041788-1	2026-03-05	2026-09-24	manual_work	
Ken Garff Automotive Group	kengarff.com	Dealer group	Automotive Service Technician - Texan GMC	Humble, Texas, United States, Northern America, Americas	https://kengarff.wd1.myworkdayjobs.com/en-US/External_Site/job/Texans-GMC-Buick---Humble-TX/Automotive-Service-Technician---Texan-GMC_R0041701-2	2026-02-26	2026-09-25	manual_work	
Ken Garff Automotive Group	kengarff.com	Dealer group	Lot & Inventory Coordinator	Des Moines, Iowa, United States, Northern America, Americas	https://www.linkedin.com/jobs/view/4343300373/	2026-02-24	2026-10-03	operations,manual_work	
Ken Garff Automotive Group	kengarff.com	Dealer group	Lot Attendant	Culver City, California, United States, Northern America, Americas	https://kengarff.wd1.myworkdayjobs.com/External_Site?q=lot+technician	2025-10-08	2026-09-30	manual_work	
Ken Garff Automotive Group	kengarff.com	Dealer group	Listening Center	Draper, Utah, United States, Northern America, Americas	https://kengarff.wd1.myworkdayjobs.com/External_Site?q=listening+center	2025-09-24	2026-09-30	healthcare_services,support	
Ken Garff Automotive Group	kengarff.com	Dealer group	Service Technician	Salt Lake City, Utah, United States, Northern America, Americas	https://kengarff.wd1.myworkdayjobs.com/en-US/External_Site/job/Jaguar-Land-Rover-Downtown---Salt-Lake-City-UT/Service-Technician_R0040071?q=service+advisor	2025-08-25	2026-10-04	manual_work	
Ken Garff Automotive Group	kengarff.com	Dealer group	Sales Consultant	Cheyenne, Wyoming, United States, Northern America, Americas	https://kengarff.wd1.myworkdayjobs.com/External_Site?jobFamilyGroup=f3d59881c36f01bc4206229674378e51	2025-03-21	2026-09-30	sales	
Ken Garff Automotive Group	kengarff.com	Dealer group	Corporate Office	Austin, Texas, United States, Northern America, Americas	https://kengarff.wd1.myworkdayjobs.com/External_Site?q=corporate+office	2024-04-13	2026-10-03	administration,finance	
Ken Garff Automotive Group	kengarff.com	Dealer group	Service Advisor	Honolulu, Hawaii, United States, Northern America, Americas	https://kengarff.wd1.myworkdayjobs.com/External_Site?q=service+advisor	2023-08-03	2026-10-02	support	
Ken Garff Automotive Group	kengarff.com	Dealer group	Lot Technician	Culver City, California, United States, Northern America, Americas	https://kengarff.wd1.myworkdayjobs.com/External_Site?q=lot+technician	2022-03-29	2026-10-03	operations,manual_work	
Ken Garff Automotive Group	kengarff.com	Dealer group	Service Technician	Ankeny, Iowa, United States, Northern America, Americas	https://kengarff.wd1.myworkdayjobs.com/External_Site?q=service+technician	2022-03-29	2026-10-04	manual_work	
Delray Buick GMC	delraybuickgmc.com	Dealer + collision + detail	Detail Positions	Delray Beach, FL	https://www.linkedin.com/jobs/view/4432555094/	2026-07-02	2026-10-03	design,operations	
Delray Buick GMC	delraybuickgmc.com	Dealer + collision + detail	General Manager		https://www.garbercareers.com/garber-automotive-group/delray-buick-gmc/#positions	2025-08-21	2026-10-03	management,operations,food	
Delray Buick GMC	delraybuickgmc.com	Dealer + collision + detail	Title Clerk		https://www.garbercareers.com/garber-automotive-group/delray-buick-gmc	2025-05-15	2026-09-22	administration	
Delray Buick GMC	delraybuickgmc.com	Dealer + collision + detail	Body Shop Technician		https://www.garbercareers.com/garber-automotive-group/delray-buick-gmc	2025-05-15	2026-09-22	healthcare_services,manual_work	
Delray Buick GMC	delraybuickgmc.com	Dealer + collision + detail	Parts Driver	Delray Beach, Florida, United States, Northern America, Americas	https://www.garbercareers.com/search-jobs/?organization%5B0%5D=Garber%20Automotive%20Group&business_name%5B0%5D=Delray%20Buick%20GMC&job_department%5B0%5D=Parts&job_role%5B0%5D=Parts%20Driver	2024-11-20	2026-10-04	operations	
Delray Buick GMC	delraybuickgmc.com	Dealer + collision + detail	Parts Manager		https://www.garbercareers.com/search-jobs/?organization%5B0%5D=Garber%20Automotive%20Group&business_name%5B0%5D=Delray%20Buick%20GMC&job_department%5B0%5D=Parts&job_role%5B0%5D=Parts%20Manager	2024-11-20	2026-09-28	management,operations,sales	
Delray Buick GMC	delraybuickgmc.com	Dealer + collision + detail	Parts Associate	Delray Beach, Florida, United States, Northern America, Americas	https://www.garbercareers.com/search-jobs/?organization%5B0%5D=Garber%20Automotive%20Group&business_name%5B0%5D=Delray%20Buick%20GMC&job_department%5B0%5D=Parts&job_role%5B0%5D=Parts%20Associate	2024-11-20	2026-10-03	operations	
Delray Buick GMC	delraybuickgmc.com	Dealer + collision + detail	Special Finance Manager	Delray Beach, Florida, United States, Northern America, Americas	https://www.garbercareers.com/search-jobs/?organization%5B0%5D=Garber%20Automotive%20Group&business_name%5B0%5D=Delray%20Buick%20GMC&job_department%5B0%5D=Sales&job_role%5B0%5D=Special%20Finance%20Manager	2024-11-20	2026-10-04	finance,sales	
Delray Buick GMC	delraybuickgmc.com	Dealer + collision + detail	Management Training Program	Delray Beach, Florida, United States, Northern America, Americas	https://www.garbercareers.com/search-jobs/?organization%5B0%5D=Garber%20Automotive%20Group&business_name%5B0%5D=Delray%20Buick%20GMC&job_department%5B0%5D=Sales&job_role%5B0%5D=Management%20Training%20Program	2024-11-20	2026-09-29	management	
Delray Buick GMC	delraybuickgmc.com	Dealer + collision + detail	Used Car Sales Manager	Delray Beach, Florida, United States, Northern America, Americas	https://www.garbercareers.com/search-jobs/?organization%5B0%5D=Garber%20Automotive%20Group&business_name%5B0%5D=Delray%20Buick%20GMC&job_department%5B0%5D=Sales&job_role%5B0%5D=Used%20Car%20Sales%20Manager	2024-11-20	2026-10-02	sales,management	
Delray Buick GMC	delraybuickgmc.com	Dealer + collision + detail	Lot Attendant	Delray Beach, Florida, United States, Northern America, Americas	https://www.garbercareers.com/search-jobs/?organization%5B0%5D=Garber%20Automotive%20Group&business_name%5B0%5D=Delray%20Buick%20GMC&job_department%5B0%5D=Sales&job_role%5B0%5D=Lot%20Attendant	2024-11-20	2026-10-03	manual_work	
Delray Buick GMC	delraybuickgmc.com	Dealer + collision + detail	Used Car Sales Consultant	Delray Beach, Florida, United States, Northern America, Americas	https://www.garbercareers.com/search-jobs/?organization%5B0%5D=Garber%20Automotive%20Group&business_name%5B0%5D=Delray%20Buick%20GMC&job_department%5B0%5D=Sales&job_role%5B0%5D=Used%20Car%20Sales%20Consultant	2024-11-20	2026-09-30	sales	
Delray Buick GMC	delraybuickgmc.com	Dealer + collision + detail	General Manager		https://www.garbercareers.com/search-jobs/?organization%5B0%5D=Garber%20Automotive%20Group&business_name%5B0%5D=Delray%20Buick%20GMC&job_department%5B0%5D=Sales&job_role%5B0%5D=General%20Manager	2024-11-20	2026-09-28	management,operations,food	
Delray Buick GMC	delraybuickgmc.com	Dealer + collision + detail	Internet Sales Manager	Delray Beach, Florida, United States, Northern America, Americas	https://www.garbercareers.com/search-jobs/?organization%5B0%5D=Garber%20Automotive%20Group&business_name%5B0%5D=Delray%20Buick%20GMC&job_department%5B0%5D=Sales&job_role%5B0%5D=Internet%20Sales%20Manager	2024-11-20	2026-09-28	sales	
Delray Buick GMC	delraybuickgmc.com	Dealer + collision + detail	Business Development Representative	Delray Beach, Florida, United States, Northern America, Americas	https://www.garbercareers.com/search-jobs/?organization%5B0%5D=Garber%20Automotive%20Group&business_name%5B0%5D=Delray%20Buick%20GMC&job_department%5B0%5D=Sales&job_role%5B0%5D=Business%20Development%20Representative	2024-11-20	2026-09-28	sales	
Delray Buick GMC	delraybuickgmc.com	Dealer + collision + detail	New Car Finance Manager	Delray Beach, Florida, United States, Northern America, Americas	https://www.garbercareers.com/search-jobs/?organization%5B0%5D=Garber%20Automotive%20Group&business_name%5B0%5D=Delray%20Buick%20GMC&job_department%5B0%5D=Sales&job_role%5B0%5D=New%20Car%20Finance%20Manager	2024-11-20	2026-09-28	finance,sales	
Delray Buick GMC	delraybuickgmc.com	Dealer + collision + detail	Used Car Finance Manager	Delray Beach, Florida, United States, Northern America, Americas	https://www.garbercareers.com/search-jobs/?organization%5B0%5D=Garber%20Automotive%20Group&business_name%5B0%5D=Delray%20Buick%20GMC&job_department%5B0%5D=Sales&job_role%5B0%5D=Used%20Car%20Finance%20Manager	2024-11-20	2026-10-03	finance,sales	
Delray Buick GMC	delraybuickgmc.com	Dealer + collision + detail	New Car Sales Consultant	Delray Beach, Florida, United States, Northern America, Americas	https://www.garbercareers.com/search-jobs/?organization%5B0%5D=Garber%20Automotive%20Group&business_name%5B0%5D=Delray%20Buick%20GMC&job_department%5B0%5D=Sales&job_role%5B0%5D=New%20Car%20Sales%20Consultant	2024-11-20	2026-09-28	sales	
Delray Buick GMC	delraybuickgmc.com	Dealer + collision + detail	New Car Sales Manager	Delray Beach, Florida, United States, Northern America, Americas	https://www.garbercareers.com/search-jobs/?organization%5B0%5D=Garber%20Automotive%20Group&business_name%5B0%5D=Delray%20Buick%20GMC&job_department%5B0%5D=Sales&job_role%5B0%5D=New%20Car%20Sales%20Manager	2024-11-20	2026-09-28	sales,management	
Delray Buick GMC	delraybuickgmc.com	Dealer + collision + detail	Receptionist	Delray Beach, Florida, United States, Northern America, Americas	https://www.garbercareers.com/search-jobs/?organization%5B0%5D=Garber%20Automotive%20Group&business_name%5B0%5D=Delray%20Buick%20GMC&job_department%5B0%5D=Office&job_role%5B0%5D=Receptionist	2024-11-20	2026-10-04	administration	
Delray Buick GMC	delraybuickgmc.com	Dealer + collision + detail	Deal Clerk	Delray Beach, Florida, United States, Northern America, Americas	https://www.garbercareers.com/search-jobs/?organization%5B0%5D=Garber%20Automotive%20Group&business_name%5B0%5D=Delray%20Buick%20GMC&job_department%5B0%5D=Office&job_role%5B0%5D=Deal%20Clerk	2024-11-20	2026-10-04	administration	
Delray Buick GMC	delraybuickgmc.com	Dealer + collision + detail	Accounting Clerk	Delray Beach, Florida, United States, Northern America, Americas	https://www.garbercareers.com/search-jobs/?organization%5B0%5D=Garber%20Automotive%20Group&business_name%5B0%5D=Delray%20Buick%20GMC&job_department%5B0%5D=Office&job_role%5B0%5D=Accounting%20Clerk	2024-11-20	2026-10-04	finance	
Delray Buick GMC	delraybuickgmc.com	Dealer + collision + detail	Office Manager	Delray Beach, Florida, United States, Northern America, Americas	https://www.garbercareers.com/search-jobs/?organization%5B0%5D=Garber%20Automotive%20Group&business_name%5B0%5D=Delray%20Buick%20GMC&job_department%5B0%5D=Office&job_role%5B0%5D=Office%20Manager	2024-11-20	2026-10-04	administration	
Delray Buick GMC	delraybuickgmc.com	Dealer + collision + detail	Title Clerk	Delray Beach, Florida, United States, Northern America, Americas	https://www.garbercareers.com/search-jobs/?organization%5B0%5D=Garber%20Automotive%20Group&business_name%5B0%5D=Delray%20Buick%20GMC&job_department%5B0%5D=Office&job_role%5B0%5D=Title%20Clerk	2024-11-20	2026-10-04	administration	
Delray Buick GMC	delraybuickgmc.com	Dealer + collision + detail	Body Shop Manager	Delray Beach, Florida, United States, Northern America, Americas	https://www.garbercareers.com/search-jobs/?organization%5B0%5D=Garber%20Automotive%20Group&business_name%5B0%5D=Delray%20Buick%20GMC&job_department%5B0%5D=Body%20Shop&job_role%5B0%5D=Body%20Shop%20Manager	2024-11-20	2026-10-03	manual_work	
Delray Buick GMC	delraybuickgmc.com	Dealer + collision + detail	Body Shop Estimator	Delray Beach, Florida, United States, Northern America, Americas	https://www.garbercareers.com/search-jobs/?organization%5B0%5D=Garber%20Automotive%20Group&business_name%5B0%5D=Delray%20Buick%20GMC&job_department%5B0%5D=Body%20Shop&job_role%5B0%5D=Body%20Shop%20Estimator	2024-11-20	2026-10-03	operations	
Delray Buick GMC	delraybuickgmc.com	Dealer + collision + detail	Body Shop Technician	Delray Beach, Florida, United States, Northern America, Americas	https://www.garbercareers.com/search-jobs/?organization%5B0%5D=Garber%20Automotive%20Group&business_name%5B0%5D=Delray%20Buick%20GMC&job_department%5B0%5D=Body%20Shop&job_role%5B0%5D=Body%20Shop%20Technician	2024-11-20	2026-10-03	manual_work	
Delray Buick GMC	delraybuickgmc.com	Dealer + collision + detail	General Manager		https://www.garbercareers.com/garber-automotive-group/delray-buick-gmc	2023-08-07	2026-09-22	management,operations,food	
Delray Buick GMC	delraybuickgmc.com	Dealer + collision + detail	Title Clerk		https://www.garbercareers.com/garber-automotive-group/delray-buick-gmc/#positions	2020-03-10	2026-10-03	administration	
Delray Buick GMC	delraybuickgmc.com	Dealer + collision + detail	Accounting Clerk		https://www.garbercareers.com/garber-automotive-group/delray-buick-gmc/#positions	2020-03-10	2026-10-03	administration,finance	
Delray Buick GMC	delraybuickgmc.com	Dealer + collision + detail	Office Manager		https://www.garbercareers.com/garber-automotive-group/delray-buick-gmc/#positions	2020-03-10	2026-10-03	administration,management	
Delray Buick GMC	delraybuickgmc.com	Dealer + collision + detail	Body Shop Technician		https://www.garbercareers.com/garber-automotive-group/delray-buick-gmc/#positions	2020-03-10	2026-10-03	healthcare_services,manual_work	
Delray Buick GMC	delraybuickgmc.com	Dealer + collision + detail	Body Shop Manager		https://www.garbercareers.com/garber-automotive-group/delray-buick-gmc/#positions	2020-03-10	2026-10-03	management	
Delray Buick GMC	delraybuickgmc.com	Dealer + collision + detail	Lot Attendant		https://www.garbercareers.com/garber-automotive-group/delray-buick-gmc/#positions	2020-03-10	2026-10-03	manual_work	
Delray Buick GMC	delraybuickgmc.com	Dealer + collision + detail	Business Development Representative		https://www.garbercareers.com/garber-automotive-group/delray-buick-gmc/#positions	2020-03-10	2026-10-03	marketing,sales	
Delray Buick GMC	delraybuickgmc.com	Dealer + collision + detail	Internet Sales Manager		https://www.garbercareers.com/garber-automotive-group/delray-buick-gmc/#positions	2020-03-10	2026-10-03	information_technology,management,marketing,sales	
Delray Buick GMC	delraybuickgmc.com	Dealer + collision + detail	Used Car Sales Consultant		https://www.garbercareers.com/garber-automotive-group/delray-buick-gmc/#positions	2020-03-10	2026-10-03	sales	
Delray Buick GMC	delraybuickgmc.com	Dealer + collision + detail	New Car Sales Consultant		https://www.garbercareers.com/garber-automotive-group/delray-buick-gmc/#positions	2020-03-10	2026-10-03	sales	
Delray Buick GMC	delraybuickgmc.com	Dealer + collision + detail	Special Finance Manager		https://www.garbercareers.com/garber-automotive-group/delray-buick-gmc/#positions	2020-03-10	2026-10-03	finance	
Delray Buick GMC	delraybuickgmc.com	Dealer + collision + detail	Used Car Finance Manager		https://www.garbercareers.com/garber-automotive-group/delray-buick-gmc/#positions	2020-03-10	2026-10-03	finance,management	
Delray Buick GMC	delraybuickgmc.com	Dealer + collision + detail	New Car Finance Manager		https://www.garbercareers.com/garber-automotive-group/delray-buick-gmc/#positions	2020-03-10	2026-10-03	finance,management,sales	
Delray Buick GMC	delraybuickgmc.com	Dealer + collision + detail	Used Car Sales Manager		https://www.garbercareers.com/garber-automotive-group/delray-buick-gmc/#positions	2020-03-10	2026-10-03	management,sales	
Delray Buick GMC	delraybuickgmc.com	Dealer + collision + detail	New Car Sales Manager		https://www.garbercareers.com/garber-automotive-group/delray-buick-gmc/#positions	2020-03-10	2026-10-03	management,sales	
Delray Buick GMC	delraybuickgmc.com	Dealer + collision + detail	Accounting Clerk		https://www.garbercareers.com/garber-automotive-group/delray-buick-gmc	2019-08-06	2026-09-22	administration,finance	
Delray Buick GMC	delraybuickgmc.com	Dealer + collision + detail	Office Manager		https://www.garbercareers.com/garber-automotive-group/delray-buick-gmc	2019-08-06	2026-09-22	administration,management	
Delray Buick GMC	delraybuickgmc.com	Dealer + collision + detail	Body Shop Manager		https://www.garbercareers.com/garber-automotive-group/delray-buick-gmc	2019-08-06	2026-09-22	management	
Delray Buick GMC	delraybuickgmc.com	Dealer + collision + detail	Lot Attendant		https://www.garbercareers.com/garber-automotive-group/delray-buick-gmc	2019-08-06	2026-09-22	manual_work	
Delray Buick GMC	delraybuickgmc.com	Dealer + collision + detail	Business Development Representative		https://www.garbercareers.com/garber-automotive-group/delray-buick-gmc	2019-08-06	2026-09-22	marketing,sales	
Delray Buick GMC	delraybuickgmc.com	Dealer + collision + detail	Internet Sales Manager		https://www.garbercareers.com/garber-automotive-group/delray-buick-gmc	2019-08-06	2026-09-22	information_technology,management,marketing,sales	
Delray Buick GMC	delraybuickgmc.com	Dealer + collision + detail	Used Car Sales Consultant		https://www.garbercareers.com/garber-automotive-group/delray-buick-gmc	2019-08-06	2026-09-22	sales	
Delray Buick GMC	delraybuickgmc.com	Dealer + collision + detail	New Car Sales Consultant		https://www.garbercareers.com/garber-automotive-group/delray-buick-gmc	2019-08-06	2026-09-22	sales	
Delray Buick GMC	delraybuickgmc.com	Dealer + collision + detail	Special Finance Manager		https://www.garbercareers.com/garber-automotive-group/delray-buick-gmc	2019-08-06	2026-09-22	finance	
Delray Buick GMC	delraybuickgmc.com	Dealer + collision + detail	Used Car Finance Manager		https://www.garbercareers.com/garber-automotive-group/delray-buick-gmc	2019-08-06	2026-09-22	finance,management	
Delray Buick GMC	delraybuickgmc.com	Dealer + collision + detail	New Car Finance Manager		https://www.garbercareers.com/garber-automotive-group/delray-buick-gmc	2019-08-06	2026-09-22	finance,management,sales	
Delray Buick GMC	delraybuickgmc.com	Dealer + collision + detail	Used Car Sales Manager		https://www.garbercareers.com/garber-automotive-group/delray-buick-gmc	2019-08-06	2026-09-22	management,sales	
Delray Buick GMC	delraybuickgmc.com	Dealer + collision + detail	New Car Sales Manager		https://www.garbercareers.com/garber-automotive-group/delray-buick-gmc	2019-08-06	2026-09-22	management,sales	
